date,open,high,low,close,volume
2010-01-01,100.736167,100.806031,100.695682,100.703691,614007.000000
2010-01-04,100.136199,100.154536,100.027622,100.033119,4700112.000000
2010-01-05,99.017267,99.084522,98.957551,99.046040,856544.000000
2010-01-06,99.307342,99.360379,99.154757,99.275468,1038899.000000
2010-01-07,100.054918,100.106569,99.952977,100.076405,1622787.000000
2010-01-08,99.243396,99.296676,99.180658,99.191142,2415980.000000
2010-01-11,98.511825,98.568994,98.451302,98.558998,3305384.000000
2010-01-12,99.151420,99.158465,99.136227,99.144515,2798984.000000
2010-01-13,98.699338,98.804597,98.698016,98.729295,3546227.000000
2010-01-14,100.223171,100.378948,100.215552,100.269947,3468242.000000
2010-01-15,100.784964,100.897742,100.611095,100.727034,1106606.000000
2010-01-18,100.409731,100.681168,100.357725,100.437599,3281640.000000
2010-01-19,100.557817,100.682206,100.517052,100.659294,1194145.000000
2010-01-20,99.604526,99.627650,99.498155,99.603448,2062679.000000
2010-01-21,97.848535,97.902219,97.828543,97.847674,1826454.000000
2010-01-22,97.932818,98.121550,97.810367,97.990286,3227839.000000
2010-01-25,96.647991,96.662841,96.583040,96.621483,4794458.000000
2010-01-26,98.057248,98.265978,97.990297,98.121506,1257876.000000
2010-01-27,97.794123,97.858145,97.625350,97.777449,4661869.000000
2010-01-28,97.822625,97.953012,97.723166,97.880083,1896933.000000
2010-01-29,94.754190,94.885428,94.732608,94.809750,2682150.000000
2010-02-01,94.927994,95.002721,94.748724,94.916918,562865.000000
2010-02-02,95.613103,95.664396,95.469214,95.584987,3925105.000000
2010-02-03,95.015450,95.099492,94.924567,94.927703,4664474.000000
2010-02-04,94.942254,95.014687,94.899552,94.907071,2682116.000000
2010-02-05,92.885497,93.024532,92.820409,92.981368,1768229.000000
2010-02-08,93.123847,93.197159,93.027447,93.156892,4673105.000000
2010-02-09,93.544333,93.546069,93.416606,93.464705,4585440.000000
2010-02-10,93.463109,93.505467,93.420412,93.478450,4511649.000000
2010-02-11,91.584002,91.696725,91.543316,91.677476,1349921.000000
2010-02-12,92.887186,92.902956,92.728399,92.803713,4792997.000000
2010-02-15,93.236548,93.361216,93.183115,93.267509,1911997.000000
2010-02-16,94.077529,94.147586,94.025872,94.093082,2112690.000000
2010-02-17,94.195131,94.204375,94.176953,94.202403,510961.000000
2010-02-18,93.691361,93.751180,93.675154,93.711243,2944169.000000
2010-02-19,92.420981,92.435904,92.325281,92.425230,4789343.000000
2010-02-22,93.940921,94.092262,93.900073,93.944556,1608342.000000
2010-02-23,92.929099,93.130489,92.905970,93.021005,4952809.000000
2010-02-24,93.717493,93.800307,93.591450,93.670479,2561252.000000
2010-02-25,93.013663,93.108228,92.887734,92.984303,2342330.000000
2010-02-26,92.377911,92.392126,92.225840,92.329655,2063930.000000
2010-03-01,91.215294,91.282482,91.150044,91.192040,3623693.000000
2010-03-02,90.241062,90.277485,90.150840,90.202663,4294497.000000
2010-03-03,91.087237,91.150400,90.913773,90.985674,1019995.000000
2010-03-04,90.401765,90.478778,90.278825,90.386703,3984308.000000
2010-03-05,91.407510,91.438657,91.256712,91.367910,4515966.000000
2010-03-08,91.053910,91.140052,91.035902,91.086840,2518010.000000
2010-03-09,91.326251,91.462182,91.285306,91.361963,1230103.000000
2010-03-10,93.154965,93.181505,93.075554,93.144732,4611614.000000
2010-03-11,93.267328,93.306549,93.241786,93.286899,2816175.000000
2010-03-12,92.784679,92.819169,92.781158,92.801091,2525172.000000
2010-03-15,92.895015,92.966484,92.737431,92.918214,3431481.000000
2010-03-16,93.304358,93.404620,93.154564,93.301107,558598.000000
2010-03-17,94.294526,94.340643,94.184140,94.231979,4579863.000000
2010-03-18,96.285261,96.311943,96.271817,96.304174,1039199.000000
2010-03-19,95.924661,95.925193,95.780191,95.865424,3773310.000000
2010-03-22,95.570671,95.631466,95.560087,95.597511,2638657.000000
2010-03-23,94.433032,94.569186,94.405903,94.462113,4659644.000000
2010-03-24,95.864983,95.895395,95.788098,95.843566,4408835.000000
2010-03-25,95.170291,95.171497,95.139839,95.141816,858607.000000
2010-03-26,97.057540,97.063555,97.031207,97.046657,1528371.000000
2010-03-29,95.988677,96.127428,95.945189,95.966655,2249009.000000
2010-03-30,95.924493,96.011228,95.818776,95.910025,700105.000000
2010-03-31,95.919638,96.026202,95.871302,95.966750,1710111.000000
2010-04-01,97.696245,97.834467,97.579225,97.678997,4153268.000000
2010-04-02,99.492640,99.505977,99.367220,99.426525,1002088.000000
2010-04-05,99.889627,99.904229,99.748770,99.855778,1127056.000000
2010-04-06,99.771916,99.794947,99.645203,99.668707,4549914.000000
2010-04-07,99.732883,99.900738,99.666580,99.675118,3746391.000000
2010-04-08,99.242044,99.262072,99.085391,99.230400,3087582.000000
2010-04-09,99.363112,99.492495,99.347470,99.437790,4352469.000000
2010-04-12,99.338840,99.418645,99.228382,99.293983,1917407.000000
2010-04-13,97.518679,97.561783,97.505022,97.560515,1810264.000000
2010-04-14,97.057764,97.250105,97.000118,97.053331,990645.000000
2010-04-15,98.370037,98.388238,98.316174,98.336585,2314293.000000
2010-04-16,98.300775,98.388833,98.230151,98.253653,4764293.000000
2010-04-19,98.731550,98.770771,98.664406,98.709767,4095006.000000
2010-04-20,97.623614,97.741138,97.489301,97.636981,1000060.000000
2010-04-21,97.886143,97.905433,97.827007,97.877851,4448954.000000
2010-04-22,98.477936,98.606122,98.373327,98.484692,4134817.000000
2010-04-23,99.394263,99.492029,99.374217,99.438670,4769605.000000
2010-04-26,101.281522,101.475135,101.085264,101.155229,681978.000000
2010-04-27,100.574645,100.732488,100.525877,100.537747,1809963.000000
2010-04-28,100.602505,100.604347,100.450338,100.546911,4257654.000000
2010-04-29,100.642321,100.788498,100.524613,100.659676,1595500.000000
2010-04-30,99.318866,99.390045,99.289095,99.375718,4918543.000000
2010-05-03,97.750385,97.835124,97.614379,97.739994,2967558.000000
2010-05-04,99.046129,99.078894,98.998258,99.034028,4698517.000000
2010-05-05,98.698556,98.739812,98.679412,98.702514,579085.000000
2010-05-06,98.053155,98.120156,98.018606,98.060575,4813087.000000
2010-05-07,99.384301,99.436211,99.320434,99.336037,665741.000000
2010-05-10,100.323141,100.390645,100.250073,100.271901,2613532.000000
2010-05-11,99.875937,99.904448,99.801360,99.857423,3146054.000000
2010-05-12,100.784322,100.817455,100.744613,100.767292,4196067.000000
2010-05-13,101.853283,101.956879,101.673646,101.859638,1181025.000000
2010-05-14,99.911304,99.961277,99.838811,99.840077,1850736.000000
2010-05-17,98.977478,99.037336,98.839053,98.926515,2116523.000000
2010-05-18,99.136442,99.211482,99.012855,99.086955,1506264.000000
2010-05-19,97.454807,97.479132,97.338130,97.368045,3369279.000000
2010-05-20,97.596369,97.680215,97.540461,97.669335,2999816.000000
2010-05-21,98.807678,98.893129,98.791539,98.879788,4496613.000000
2010-05-24,99.550720,99.589809,99.357385,99.496907,2454205.000000
2010-05-25,99.135932,99.240882,98.966994,99.199306,2568080.000000
2010-05-26,100.721497,100.797016,100.632314,100.699984,2401185.000000
2010-05-27,100.284002,100.366633,100.123323,100.175416,1644521.000000
2010-05-28,99.768545,99.846543,99.541350,99.673938,4392816.000000
2010-05-31,99.799037,99.915839,99.662549,99.708213,4000558.000000
2010-06-01,98.674088,98.748255,98.652456,98.667316,4566636.000000
2010-06-02,99.192008,99.333588,99.109918,99.236971,3410236.000000
2010-06-03,98.372016,98.598410,98.276648,98.298862,3425521.000000
2010-06-04,99.706733,99.779240,99.645856,99.648954,1557508.000000
2010-06-07,98.393889,98.423939,98.335975,98.353938,2936304.000000
2010-06-08,99.601776,99.611972,99.548661,99.575826,638740.000000
2010-06-09,98.615930,98.630191,98.565447,98.625204,4259152.000000
2010-06-10,98.182383,98.185952,98.116430,98.172082,815459.000000
2010-06-11,97.834441,97.859152,97.687123,97.849483,1877327.000000
2010-06-14,97.352659,97.516273,97.352599,97.410618,4220179.000000
2010-06-15,97.141211,97.191037,97.003250,97.045796,640891.000000
2010-06-16,96.548903,96.774679,96.515859,96.658355,3156741.000000
2010-06-17,96.483431,96.550473,96.440437,96.519629,774892.000000
2010-06-18,95.600952,95.715925,95.512792,95.704326,902450.000000
2010-06-21,94.167575,94.214973,94.081376,94.103790,620692.000000
2010-06-22,92.913689,92.961465,92.890942,92.891757,2195852.000000
2010-06-23,93.456726,93.528443,93.440746,93.500193,4690091.000000
2010-06-24,92.710326,92.851207,92.669370,92.697050,3398139.000000
2010-06-25,92.026955,92.094104,91.876677,91.903886,3990165.000000
2010-06-28,93.062775,93.211283,93.018947,93.094657,4813775.000000
2010-06-29,94.216199,94.237511,94.145360,94.216937,1201049.000000
2010-06-30,94.710156,94.871922,94.638136,94.767451,4894287.000000
2010-07-01,94.273998,94.376739,94.202967,94.265769,4899006.000000
2010-07-02,93.598438,93.746429,93.513781,93.636229,4450422.000000
2010-07-05,93.858213,93.983027,93.701864,93.928884,3060039.000000
2010-07-06,94.652541,94.694552,94.622403,94.651690,1726247.000000
2010-07-07,94.770304,94.861082,94.691049,94.811099,940359.000000
2010-07-08,94.171721,94.197129,94.086913,94.166242,3105574.000000
2010-07-09,93.141166,93.255160,93.053557,93.113545,3689178.000000
2010-07-12,93.751794,93.852942,93.730168,93.774491,4634663.000000
2010-07-13,92.742054,92.777915,92.730013,92.748817,1029085.000000
2010-07-14,91.897880,92.037632,91.897384,91.933952,3963077.000000
2010-07-15,93.661849,93.726170,93.528123,93.649138,4865748.000000
2010-07-16,94.304877,94.353395,94.209150,94.310121,3217757.000000
2010-07-19,95.228403,95.365602,95.134195,95.336411,871786.000000
2010-07-20,95.776477,95.807687,95.757549,95.765150,2774867.000000
2010-07-21,96.739938,96.749565,96.694468,96.702727,3529228.000000
2010-07-22,95.745693,95.791030,95.665976,95.785745,540957.000000
2010-07-23,95.944715,96.021122,95.914131,96.000047,4833007.000000
2010-07-26,96.784120,96.864530,96.643881,96.756748,2897239.000000
2010-07-27,95.885340,95.951386,95.776991,95.787520,1093016.000000
2010-07-28,93.746199,93.873524,93.680449,93.774089,3547175.000000
2010-07-29,94.338480,94.395803,94.296880,94.382179,719483.000000
2010-07-30,92.555621,92.671037,92.473534,92.577484,1062284.000000
2010-08-02,92.755596,92.758956,92.631656,92.742309,3845101.000000
2010-08-03,91.381491,91.454962,91.319085,91.421154,2821106.000000
2010-08-04,92.676135,92.722416,92.538943,92.710934,1815531.000000
2010-08-05,92.761606,92.798515,92.703213,92.756558,2551884.000000
2010-08-06,93.630662,93.666322,93.613961,93.617435,3876947.000000
2010-08-09,93.691628,93.837333,93.613154,93.808004,4276094.000000
2010-08-10,93.395878,93.425400,93.319475,93.392260,837924.000000
2010-08-11,92.940956,93.004646,92.897304,92.987627,4311394.000000
2010-08-12,93.775540,93.860345,93.653452,93.728463,2111250.000000
2010-08-13,92.232433,92.246091,92.013863,92.113170,3191915.000000
2010-08-16,92.172370,92.230002,92.135869,92.220923,2446027.000000
2010-08-17,92.753055,92.759351,92.681704,92.750916,1476720.000000
2010-08-18,92.257050,92.279892,92.181476,92.229083,2826580.000000
2010-08-19,90.274210,90.349744,90.231407,90.317358,3363199.000000
2010-08-20,90.440963,90.449600,90.362949,90.400287,1537211.000000
2010-08-23,91.075793,91.115710,91.068992,91.080710,1955956.000000
2010-08-24,91.324567,91.329018,91.300431,91.322256,1643165.000000
2010-08-25,91.355429,91.455941,91.109698,91.273670,3021908.000000
2010-08-26,91.943396,92.137950,91.927956,92.032766,4672603.000000
2010-08-27,91.325897,91.434119,91.291896,91.412566,2012015.000000
2010-08-30,91.106115,91.202938,91.016197,91.065281,1857235.000000
2010-08-31,91.651715,91.793555,91.619505,91.712448,1523003.000000
2010-09-01,92.293127,92.391211,92.192805,92.253203,4958991.000000
2010-09-02,90.365506,90.404136,90.338686,90.350735,2803180.000000
2010-09-03,90.273794,90.280361,90.254658,90.267294,3668121.000000
2010-09-06,90.514400,90.625782,90.442255,90.485939,848004.000000
2010-09-07,91.101993,91.212518,91.097724,91.158054,4952813.000000
2010-09-08,90.769073,90.792991,90.573949,90.695063,1773213.000000
2010-09-09,90.971848,91.085115,90.943943,91.002054,4976353.000000
2010-09-10,91.425412,91.440075,91.327996,91.413492,563768.000000
2010-09-13,90.983767,91.096596,90.940597,90.970079,4571411.000000
2010-09-14,90.910358,90.929011,90.849419,90.919023,1623972.000000
2010-09-15,90.950189,90.967342,90.934736,90.935708,3971942.000000
2010-09-16,91.052191,91.092293,90.931465,91.069905,529365.000000
2010-09-17,92.645549,92.709370,92.557126,92.664915,3300059.000000
2010-09-20,91.816338,91.853960,91.787389,91.833382,1890685.000000
2010-09-21,92.634613,92.682981,92.563733,92.646777,3975443.000000
2010-09-22,93.249900,93.325067,93.188227,93.236138,4187520.000000
2010-09-23,94.371134,94.458145,94.295077,94.318097,4209657.000000
2010-09-24,94.956079,94.987706,94.799084,94.879239,4356032.000000
2010-09-27,95.427284,95.467285,95.339632,95.387979,4083422.000000
2010-09-28,96.000985,96.123100,95.999152,96.061415,2762422.000000
2010-09-29,95.349487,95.574885,95.299769,95.378866,2152290.000000
2010-09-30,94.844367,94.904563,94.778932,94.791674,3250125.000000
2010-10-01,95.639237,95.663658,95.592949,95.639258,1738617.000000
2010-10-04,96.895248,96.983060,96.818959,96.884941,4978691.000000
2010-10-05,96.890738,97.033135,96.862109,96.970355,4136673.000000
2010-10-06,97.236489,97.284860,97.208605,97.223320,1957020.000000
2010-10-07,98.434918,98.452938,98.429709,98.439825,2117794.000000
2010-10-08,99.366806,99.403219,99.329129,99.331590,4672632.000000
2010-10-11,99.456562,99.549324,99.340543,99.413433,3174779.000000
2010-10-12,99.243314,99.341706,99.221381,99.281123,4948905.000000
2010-10-13,99.084785,99.085832,99.004821,99.084057,1252863.000000
2010-10-14,98.502587,98.541330,98.411136,98.446335,3128150.000000
2010-10-15,97.020065,97.034917,96.941491,96.979406,2939224.000000
2010-10-18,97.313166,97.373518,97.271780,97.370298,2868394.000000
2010-10-19,96.772194,96.823487,96.652923,96.755804,584062.000000
2010-10-20,97.978698,98.203009,97.942824,98.029702,3167193.000000
2010-10-21,96.550764,96.571566,96.430668,96.476684,2375578.000000
2010-10-22,95.717127,95.766109,95.625196,95.636577,2516360.000000
2010-10-25,95.657514,95.725659,95.588463,95.710953,3415419.000000
2010-10-26,96.091784,96.153019,96.087539,96.141921,3005193.000000
2010-10-27,95.107210,95.205399,95.042497,95.156778,628480.000000
2010-10-28,95.263686,95.406221,95.210352,95.225858,727118.000000
2010-10-29,94.341215,94.405564,94.266330,94.357501,3791771.000000
2010-11-01,94.711284,94.747497,94.655643,94.733466,1512682.000000
2010-11-02,95.699616,95.755598,95.545258,95.713136,4861156.000000
2010-11-03,96.655836,96.754244,96.579928,96.585035,1981757.000000
2010-11-04,96.268832,96.345184,96.215434,96.315796,3230246.000000
2010-11-05,96.275831,96.397701,96.109557,96.201201,4682898.000000
2010-11-08,98.014159,98.054111,97.938161,97.938837,3705385.000000
2010-11-09,97.331601,97.359177,97.197040,97.270996,1275014.000000
2010-11-10,96.783058,96.833428,96.688554,96.767511,4589386.000000
2010-11-11,97.752572,97.835393,97.722004,97.748988,2565929.000000
2010-11-12,97.471334,97.546854,97.377812,97.433507,2122962.000000
2010-11-15,98.407366,98.438676,98.320020,98.352685,2874025.000000
2010-11-16,98.885238,98.906539,98.877206,98.897389,846939.000000
2010-11-17,98.040280,98.185663,97.957087,98.016505,2081461.000000
2010-11-18,98.184751,98.268948,97.938138,98.069241,1405516.000000
2010-11-19,99.334200,99.393221,99.290191,99.343965,4914639.000000
2010-11-22,99.663610,99.733942,99.555227,99.650188,2557415.000000
2010-11-23,98.999461,99.068307,98.876849,99.050930,4135400.000000
2010-11-24,99.276535,99.283920,99.225177,99.240027,3167072.000000
2010-11-25,98.687157,98.794729,98.678697,98.784276,1749833.000000
2010-11-26,98.644055,98.730054,98.565706,98.689816,1897214.000000
2010-11-29,99.412225,99.430938,99.285622,99.384925,570474.000000
2010-11-30,100.424062,100.461981,100.346282,100.434822,2928689.000000
2010-12-01,100.565548,100.657747,100.550754,100.562359,2084761.000000
2010-12-02,101.862580,101.951441,101.794666,101.869292,829800.000000
2010-12-03,103.858573,103.923779,103.858526,103.878719,3591510.000000
2010-12-06,104.549563,104.638639,104.469456,104.504438,4068541.000000
2010-12-07,103.965253,104.024919,103.860584,103.960077,4687213.000000
2010-12-08,103.596591,103.627838,103.530825,103.582453,1856707.000000
2010-12-09,103.125566,103.171030,103.096627,103.162313,606120.000000
2010-12-10,104.652361,104.773021,104.574408,104.666000,2894870.000000
2010-12-13,104.777199,104.866249,104.757680,104.798682,3604489.000000
2010-12-14,105.977768,106.031721,105.889765,105.948883,2504771.000000
2010-12-15,106.833562,106.927198,106.729726,106.885013,4204787.000000
2010-12-16,106.885250,106.909770,106.866077,106.868071,2866818.000000
2010-12-17,107.444395,107.517952,107.386799,107.476022,2054235.000000
2010-12-20,107.626053,107.635746,107.557477,107.579406,2553775.000000
2010-12-21,108.225557,108.307498,108.083400,108.222319,2360071.000000
2010-12-22,109.126722,109.142261,109.046606,109.084838,3189040.000000
2010-12-23,107.816966,107.873972,107.732756,107.854046,3817776.000000
2010-12-24,106.577124,106.703553,106.494760,106.562898,2780156.000000
2010-12-27,105.275838,105.440454,105.230148,105.255915,924924.000000
2010-12-28,105.310499,105.352914,105.251545,105.282566,4570038.000000
2010-12-29,107.099273,107.326929,107.060826,107.084841,825511.000000
2010-12-30,104.991027,105.097299,104.864549,104.972204,3409585.000000
2010-12-31,105.345004,105.402949,105.241174,105.309139,3574337.000000
2011-01-03,104.704427,104.763230,104.609656,104.743147,4039046.000000
2011-01-04,103.690842,103.767466,103.672885,103.737176,652883.000000
2011-01-05,105.273090,105.301460,105.170018,105.176900,1810519.000000
2011-01-06,104.527965,104.546438,104.373211,104.529715,4047820.000000
2011-01-07,104.099242,104.191437,104.041879,104.081212,2026957.000000
2011-01-10,104.116695,104.182251,104.043674,104.136700,1041408.000000
2011-01-11,104.787740,104.901434,104.643442,104.732386,2823533.000000
2011-01-12,103.922419,103.963996,103.826154,103.962196,1483967.000000
2011-01-13,104.860279,104.955803,104.778960,104.808064,4500007.000000
2011-01-14,104.213485,104.355924,104.069858,104.278561,2484764.000000
2011-01-17,103.449593,103.649705,103.381771,103.484795,3968931.000000
2011-01-18,104.659918,104.686401,104.451947,104.612501,2518300.000000
2011-01-19,106.689716,106.762208,106.542889,106.686717,1236611.000000
2011-01-20,106.070062,106.148836,105.988002,106.085312,1209393.000000
2011-01-21,105.804516,105.884158,105.739748,105.786723,3200797.000000
2011-01-24,106.123920,106.237580,106.013929,106.181852,1494441.000000
2011-01-25,105.618523,105.890305,105.512518,105.722410,1543837.000000
2011-01-26,108.631115,108.771072,108.618095,108.634210,2300896.000000
2011-01-27,108.676529,108.714428,108.669950,108.709999,823308.000000
2011-01-28,108.780472,108.824279,108.665012,108.740658,2707001.000000
2011-01-31,108.115253,108.172971,108.046640,108.158418,2894859.000000
2011-02-01,106.149209,106.219688,106.136226,106.165431,2791317.000000
2011-02-02,105.854647,105.886105,105.798781,105.882764,4425820.000000
2011-02-03,104.765661,104.765913,104.665515,104.719297,2216831.000000
2011-02-04,104.900047,104.963317,104.845457,104.872866,3846403.000000
2011-02-07,104.537461,104.557812,104.455095,104.475068,3162778.000000
2011-02-08,104.211045,104.245197,104.058790,104.074659,3420476.000000
2011-02-09,105.294334,105.318784,105.224076,105.277004,3195210.000000
2011-02-10,106.941813,106.974041,106.886401,106.907511,1750179.000000
2011-02-11,106.419810,106.464209,106.345053,106.440396,2801540.000000
2011-02-14,107.333817,107.419328,107.253571,107.273086,2905329.000000
2011-02-15,109.554470,109.573306,109.496346,109.529462,2440232.000000
2011-02-16,108.918985,108.935546,108.816334,108.825149,3634591.000000
2011-02-17,108.858014,108.945932,108.711220,108.791459,3627927.000000
2011-02-18,109.170593,109.232406,109.083733,109.119473,1717042.000000
2011-02-21,111.939836,112.055613,111.894140,111.994623,4721928.000000
2011-02-22,111.845191,111.988126,111.829913,111.841002,2683092.000000
2011-02-23,112.245236,112.304112,112.233277,112.297506,3390580.000000
2011-02-24,112.145928,112.176119,112.104724,112.152085,794453.000000
2011-02-25,113.047140,113.106670,112.982711,112.990468,3306982.000000
2011-02-28,111.926587,112.035935,111.800742,111.836689,3372343.000000
2011-03-01,110.659130,110.731501,110.565897,110.691438,3910324.000000
2011-03-02,110.658800,110.722229,110.644339,110.660785,2272551.000000
2011-03-03,111.365800,111.461270,111.290632,111.432449,3765614.000000
2011-03-04,110.737216,110.754747,110.657888,110.747073,3566191.000000
2011-03-07,110.627439,110.721830,110.557363,110.608336,731916.000000
2011-03-08,111.026350,111.199874,111.016913,111.124337,2550218.000000
2011-03-09,111.418248,111.482478,111.389721,111.429824,1097901.000000
2011-03-10,111.984361,112.149043,111.894164,111.951815,3407420.000000
2011-03-11,111.898179,112.064969,111.862231,111.922618,3015672.000000
2011-03-14,112.361341,112.425456,112.265640,112.284608,3388428.000000
2011-03-15,112.580507,112.769783,112.507020,112.559551,3104392.000000
2011-03-16,112.036126,112.039014,111.947419,111.974413,4396820.000000
2011-03-17,113.882448,113.983015,113.758095,113.833931,3810060.000000
2011-03-18,114.264860,114.320069,114.244711,114.288226,3918188.000000
2011-03-21,114.762020,114.998707,114.758144,114.882106,3898141.000000
2011-03-22,117.176372,117.393871,117.170667,117.290156,3916701.000000
2011-03-23,117.157976,117.225835,117.078595,117.133089,2985794.000000
2011-03-24,118.770866,118.787016,118.622686,118.680741,1131955.000000
2011-03-25,117.938354,117.967847,117.899353,117.961236,637599.000000
2011-03-28,116.493378,116.523784,116.390323,116.471495,1126543.000000
2011-03-29,117.396696,117.554878,117.358892,117.488941,3093971.000000
2011-03-30,116.497030,116.581174,116.330009,116.538617,3887206.000000
2011-03-31,114.788320,114.918869,114.730287,114.820729,1346756.000000
2011-04-01,113.883237,113.953082,113.811629,113.838755,3054574.000000
2011-04-04,113.024548,113.181561,113.006002,113.031800,1031306.000000
2011-04-05,111.283636,111.438264,111.240567,111.257567,609939.000000
2011-04-06,111.814149,111.829421,111.749748,111.758083,4598368.000000
2011-04-07,111.412065,111.563222,111.379672,111.429236,1361566.000000
2011-04-08,110.682842,110.876056,110.629049,110.790096,1702428.000000
2011-04-11,110.073422,110.172574,109.927564,110.117565,3059518.000000
2011-04-12,110.246398,110.266746,110.215054,110.226120,2335512.000000
2011-04-13,110.511737,110.663143,110.441146,110.466619,3005339.000000
2011-04-14,109.161932,109.365977,109.148595,109.268130,2058855.000000
2011-04-15,110.315310,110.401076,110.289097,110.306640,3369523.000000
2011-04-18,110.426269,110.434591,110.351048,110.397548,1600317.000000
2011-04-19,110.947076,111.115059,110.889903,111.050796,4142647.000000
2011-04-20,110.883563,110.965777,110.779314,110.797891,2943788.000000
2011-04-21,109.770129,109.858885,109.640109,109.733240,2183046.000000
2011-04-22,109.562406,109.577983,109.405604,109.497245,3189352.000000
2011-04-25,109.028486,109.058982,108.866998,108.992868,2123634.000000
2011-04-26,108.756981,108.768844,108.719422,108.745279,1026981.000000
2011-04-27,109.504145,109.651076,109.434734,109.530637,3418220.000000
2011-04-28,108.334449,108.556015,108.132228,108.204624,3316846.000000
2011-04-29,108.329883,108.372748,108.214786,108.254040,4910246.000000
2011-05-02,108.020830,108.154707,107.962356,107.989143,4827035.000000
2011-05-03,104.998521,105.170299,104.922020,105.107014,1291609.000000
2011-05-04,104.050229,104.186391,104.038477,104.060139,787075.000000
2011-05-05,102.905558,102.924142,102.791253,102.815232,4491078.000000
2011-05-06,103.659892,103.773384,103.528078,103.665091,3791293.000000
2011-05-09,105.512397,105.649512,105.481656,105.552619,2690389.000000
2011-05-10,105.608789,105.654050,105.538657,105.561233,1550539.000000
2011-05-11,105.680397,105.871827,105.573045,105.711642,1717110.000000
2011-05-12,106.017246,106.097300,105.895878,106.035468,3630522.000000
2011-05-13,104.981600,105.058235,104.909910,105.022323,1200506.000000
2011-05-16,105.547536,105.609994,105.376719,105.578641,3422041.000000
2011-05-17,105.240414,105.248683,105.165199,105.231711,4252776.000000
2011-05-18,105.280250,105.408933,105.237308,105.298638,2733480.000000
2011-05-19,104.117306,104.160197,104.037703,104.076565,1215695.000000
2011-05-20,105.222682,105.377222,105.086223,105.153445,3241529.000000
2011-05-23,105.104232,105.164414,105.024397,105.058543,4736908.000000
2011-05-24,104.930440,104.956752,104.836830,104.953678,4968820.000000
2011-05-25,103.386865,103.452744,103.275005,103.380288,1811002.000000
2011-05-26,104.556799,104.640227,104.288560,104.482610,3444921.000000
2011-05-27,104.066994,104.108140,104.019183,104.054830,3920713.000000
2011-05-30,104.946778,105.022330,104.873806,104.940084,1942729.000000
2011-05-31,104.420304,104.485052,104.361863,104.462526,3774368.000000
2011-06-01,107.553064,107.661777,107.504353,107.523262,3864366.000000
2011-06-02,110.089844,110.251028,110.012684,110.135754,1781116.000000
2011-06-03,109.403265,109.464256,109.301508,109.371127,2107588.000000
2011-06-06,106.435333,106.487142,106.252979,106.326295,2753505.000000
2011-06-07,105.946898,106.028750,105.800651,105.999667,1081713.000000
2011-06-08,104.691463,104.793421,104.595798,104.772297,961938.000000
2011-06-09,103.496054,103.614203,103.362350,103.464433,3163799.000000
2011-06-10,103.790016,103.928548,103.669279,103.733278,4425915.000000
2011-06-13,104.157992,104.212432,104.098656,104.196614,4674825.000000
2011-06-14,104.761229,104.872838,104.733376,104.788226,4176272.000000
2011-06-15,105.846446,105.892803,105.634620,105.782596,1865192.000000
2011-06-16,107.296085,107.431346,107.282163,107.378969,3545150.000000
2011-06-17,105.945377,106.107547,105.828550,106.028275,1955860.000000
2011-06-20,106.584037,106.629475,106.529199,106.559939,4667160.000000
2011-06-21,107.397492,107.498658,107.227634,107.391783,2194999.000000
2011-06-22,106.099241,106.179972,106.026310,106.102432,3361790.000000
2011-06-23,106.237013,106.290813,106.127817,106.173771,2957742.000000
2011-06-24,106.524624,106.671617,106.468756,106.574472,1899859.000000
2011-06-27,106.909026,106.924394,106.790011,106.918738,537370.000000
2011-06-28,107.637795,107.656433,107.550746,107.570431,1874685.000000
2011-06-29,106.682109,106.727056,106.591108,106.641770,4945857.000000
2011-06-30,108.132807,108.208623,108.073174,108.110538,2780413.000000
2011-07-01,109.743552,109.760479,109.705632,109.725165,3899855.000000
2011-07-04,109.733077,109.741656,109.638574,109.707878,3369282.000000
2011-07-05,110.193650,110.201205,110.057492,110.136054,1466026.000000
2011-07-06,111.145397,111.270771,111.085415,111.124561,1473422.000000
2011-07-07,110.625925,110.644346,110.520765,110.628742,3712760.000000
2011-07-08,111.233850,111.285505,111.169917,111.280878,4176652.000000
2011-07-11,111.042959,111.303218,110.978884,111.140274,3763675.000000
2011-07-12,110.713251,110.731655,110.653850,110.681161,4526511.000000
2011-07-13,112.274973,112.453629,112.187093,112.346763,2029983.000000
2011-07-14,112.271965,112.276151,112.153759,112.174015,776310.000000
2011-07-15,113.974660,114.076126,113.856026,113.982413,4905664.000000
2011-07-18,112.487203,112.603714,112.407966,112.581008,3847148.000000
2011-07-19,110.422323,110.538348,110.374023,110.508946,589892.000000
2011-07-20,109.293479,109.522108,109.285671,109.357798,4178975.000000
2011-07-21,109.866291,109.929036,109.794747,109.885725,3319077.000000
2011-07-22,110.660842,110.691484,110.503652,110.523197,3496803.000000
2011-07-25,110.114034,110.206350,110.070493,110.139916,1020606.000000
2011-07-26,108.881421,108.910271,108.731292,108.843202,4546333.000000
2011-07-27,108.367672,108.411896,108.332122,108.391898,2392323.000000
2011-07-28,109.468787,109.619299,109.456710,109.578130,3465206.000000
2011-07-29,109.336197,109.414258,109.247001,109.264437,4565748.000000
2011-08-01,111.414474,111.602427,111.346486,111.457694,3260467.000000
2011-08-02,109.345151,109.496097,109.298704,109.406779,787685.000000
2011-08-03,109.815895,109.938810,109.698570,109.937441,2293932.000000
2011-08-04,108.258498,108.340500,108.170481,108.320089,1087302.000000
2011-08-05,108.739477,108.810022,108.648486,108.692058,2342425.000000
2011-08-08,107.540928,107.605918,107.413894,107.593040,911062.000000
2011-08-09,106.798355,107.017048,106.795037,106.852908,3744782.000000
2011-08-10,104.721929,104.760391,104.667428,104.759804,4647582.000000
2011-08-11,105.254689,105.270027,105.167599,105.253902,2164745.000000
2011-08-12,103.040585,103.070429,102.977431,103.037774,1658310.000000
2011-08-15,101.760030,101.786504,101.680948,101.771618,1787682.000000
2011-08-16,99.780171,99.826096,99.657439,99.754148,3745901.000000
2011-08-17,100.997405,101.003737,100.829210,100.986336,1915361.000000
2011-08-18,100.755553,100.760401,100.624742,100.697892,3281525.000000
2011-08-19,101.440131,101.450173,101.343343,101.444527,4186296.000000
2011-08-22,101.410731,101.440041,101.381049,101.419808,2599925.000000
2011-08-23,100.501834,100.644421,100.456476,100.581458,1928990.000000
2011-08-24,101.941059,101.945941,101.848189,101.866888,3670794.000000
2011-08-25,101.579056,101.619271,101.409945,101.488230,4848270.000000
2011-08-26,101.393294,101.435991,101.141365,101.295914,1985579.000000
2011-08-29,100.660864,100.858234,100.624988,100.740293,1568886.000000
2011-08-30,101.374345,101.466797,101.307601,101.420495,2073979.000000
2011-08-31,99.918955,100.006479,99.912161,99.976898,2909122.000000
2011-09-01,100.325910,100.551700,100.273743,100.419537,1769143.000000
2011-09-02,100.767356,100.905588,100.728708,100.790670,1317150.000000
2011-09-05,102.789731,102.870073,102.779374,102.780693,2190068.000000
2011-09-06,101.200174,101.245244,101.055226,101.231469,2570231.000000
2011-09-07,99.970289,100.037097,99.918679,99.969708,3301249.000000
2011-09-08,102.204196,102.214476,102.031599,102.103715,3573004.000000
2011-09-09,102.744587,102.829982,102.465063,102.742776,618763.000000
2011-09-12,104.145177,104.219558,104.039339,104.177798,2762959.000000
2011-09-13,103.705167,103.752682,103.628751,103.651153,3109723.000000
2011-09-14,102.896563,102.931547,102.812229,102.856176,3225698.000000
2011-09-15,104.381911,104.543526,104.332201,104.343488,2976628.000000
2011-09-16,102.991248,103.034717,102.893531,102.957420,2910770.000000
2011-09-19,104.080706,104.236298,104.055205,104.105012,3444643.000000
2011-09-20,103.199094,103.286663,103.183260,103.250306,1635487.000000
2011-09-21,102.970279,103.002180,102.818437,102.952644,3368705.000000
2011-09-22,101.801767,101.979396,101.734481,101.845147,3486743.000000
2011-09-23,102.405615,102.463375,102.270911,102.366437,3334403.000000
2011-09-26,101.652583,101.654413,101.532708,101.634384,1455785.000000
2011-09-27,101.318404,101.401138,101.129243,101.237235,3266484.000000
2011-09-28,100.208136,100.357257,100.133232,100.266272,3440550.000000
2011-09-29,100.726748,100.775016,100.691341,100.717017,2494623.000000
2011-09-30,100.505026,100.589565,100.455993,100.507414,2360351.000000
2011-10-03,100.764378,100.803024,100.649262,100.695597,1824413.000000
2011-10-04,102.731110,102.887638,102.677898,102.829611,2653305.000000
2011-10-05,103.095045,103.111141,102.955834,102.987041,3990437.000000
2011-10-06,102.871363,102.925880,102.840774,102.887344,4959283.000000
2011-10-07,101.995336,102.080976,101.888983,102.072272,4180552.000000
2011-10-10,101.616016,101.630741,101.530706,101.592869,4693940.000000
2011-10-11,101.418854,101.463937,101.368282,101.442032,3872414.000000
2011-10-12,103.442033,103.578941,103.307229,103.394389,2676058.000000
2011-10-13,102.812679,102.997216,102.783769,102.914967,4242624.000000
2011-10-14,103.977841,104.177545,103.939110,104.027379,984403.000000
2011-10-17,104.710939,104.819320,104.682921,104.769598,2379815.000000
2011-10-18,105.598297,105.735048,105.461842,105.573189,1663849.000000
2011-10-19,105.778262,105.880381,105.767360,105.828469,4894701.000000
2011-10-20,103.933093,103.953119,103.864015,103.946303,1640817.000000
2011-10-21,103.692194,103.767461,103.662126,103.736611,4547927.000000
2011-10-24,105.188832,105.264044,105.060983,105.211643,2560210.000000
2011-10-25,104.276947,104.321382,104.235877,104.263538,4928847.000000
2011-10-26,103.366471,103.498807,103.219645,103.330547,3167812.000000
2011-10-27,104.062137,104.145334,104.010259,104.143908,4961683.000000
2011-10-28,104.539055,104.652983,104.500894,104.631928,2066340.000000
2011-10-31,105.277368,105.394721,105.183953,105.297530,4354544.000000
2011-11-01,105.367439,105.391043,105.267037,105.334479,3570791.000000
2011-11-02,104.353327,104.395758,104.340789,104.346748,1944489.000000
2011-11-03,106.497346,106.511566,106.367963,106.454191,4249608.000000
2011-11-04,106.223806,106.272692,106.153458,106.176198,4705517.000000
2011-11-07,106.203429,106.323164,106.137327,106.171799,1441064.000000
2011-11-08,107.576750,107.764015,107.451151,107.517961,3725616.000000
2011-11-09,106.455335,106.465646,106.421518,106.426953,4192534.000000
2011-11-10,105.044353,105.122871,104.992962,105.004869,2772796.000000
2011-11-11,106.894773,107.018357,106.894164,106.957889,3230972.000000
2011-11-14,107.725483,107.788141,107.650800,107.685950,2085416.000000
2011-11-15,107.614035,107.644282,107.585337,107.635405,1292932.000000
2011-11-16,107.945674,107.977318,107.826933,107.920878,904897.000000
2011-11-17,108.488456,108.608102,108.365389,108.495019,3289984.000000
2011-11-18,109.844098,109.911125,109.794590,109.874765,1625099.000000
2011-11-21,110.028379,110.103306,110.001456,110.077319,2951605.000000
2011-11-22,110.843346,110.891388,110.772986,110.845080,2797158.000000
2011-11-23,108.405021,108.451009,108.322784,108.345336,1593992.000000
2011-11-24,109.297541,109.337128,109.213526,109.276129,3338964.000000
2011-11-25,109.210956,109.247367,109.063285,109.217689,2250146.000000
2011-11-28,107.652102,107.674944,107.421391,107.615977,3622792.000000
2011-11-29,106.773644,106.889922,106.714644,106.806138,4723276.000000
2011-11-30,106.388989,106.484821,106.359425,106.393736,1635015.000000
2011-12-01,105.685418,105.779858,105.670880,105.766549,3145395.000000
2011-12-02,104.502712,104.607313,104.461529,104.503422,1394527.000000
2011-12-05,105.914294,105.982021,105.822874,105.845060,2879036.000000
2011-12-06,107.779642,107.838006,107.770665,107.803496,3295889.000000
2011-12-07,108.934988,109.076992,108.857616,108.892070,4149558.000000
2011-12-08,109.720313,109.749880,109.672303,109.712934,4234492.000000
2011-12-09,109.610087,109.733149,109.435809,109.562603,1649045.000000
2011-12-12,108.043877,108.206592,107.913858,107.992953,4413640.000000
2011-12-13,106.441436,106.493765,106.246713,106.381301,1155817.000000
2011-12-14,106.783081,106.801032,106.704119,106.763534,4152420.000000
2011-12-15,106.492991,106.578143,106.479170,106.502008,3666957.000000
2011-12-16,105.340141,105.478860,105.306221,105.326002,1982744.000000
2011-12-19,103.578848,103.616662,103.462578,103.525716,1225874.000000
2011-12-20,103.910934,104.044006,103.872496,103.968253,1399965.000000
2011-12-21,104.540530,104.656581,104.518726,104.541720,3434289.000000
2011-12-22,103.682888,103.716462,103.643267,103.681585,3072321.000000
2011-12-23,104.248504,104.395694,104.161576,104.338148,4597793.000000
2011-12-26,104.165309,104.321073,103.974719,104.047031,1165699.000000
2011-12-27,105.066117,105.116816,105.026324,105.054491,4021245.000000
2011-12-28,105.825461,106.010963,105.771919,105.869594,4273947.000000
2011-12-29,104.746653,104.802017,104.710184,104.800015,4826408.000000
2011-12-30,107.365107,107.593020,107.306555,107.470560,3335395.000000
2012-01-02,108.818106,108.973700,108.696607,108.736495,799878.000000
2012-01-03,107.535445,107.568591,107.422458,107.500286,1105863.000000
2012-01-04,106.005818,106.026301,105.983442,106.021666,2215549.000000
2012-01-05,104.846817,104.914914,104.793723,104.881707,4604374.000000
2012-01-06,103.137537,103.225675,103.043362,103.166717,2128238.000000
2012-01-09,103.464005,103.601975,103.453614,103.467171,3653234.000000
2012-01-10,103.442450,103.643057,103.433050,103.554928,2748588.000000
2012-01-11,105.092900,105.165132,105.069000,105.101835,1979280.000000
2012-01-12,105.480687,105.512417,105.434761,105.485903,3307276.000000
2012-01-13,103.771532,103.960364,103.762386,103.805511,4286655.000000
2012-01-16,103.918624,104.077192,103.875117,104.021392,2315333.000000
2012-01-17,105.177715,105.266660,105.172487,105.251096,3547584.000000
2012-01-18,106.844656,106.863278,106.701861,106.792981,3527614.000000
2012-01-19,104.965233,105.117542,104.826860,104.923707,2231142.000000
2012-01-20,104.457621,104.549985,104.364231,104.461980,690483.000000
2012-01-23,103.608738,103.846623,103.551966,103.653973,2947685.000000
2012-01-24,105.233433,105.324874,105.190693,105.283389,2219850.000000
2012-01-25,105.233397,105.372652,105.225454,105.291158,2384784.000000
2012-01-26,104.241255,104.341319,104.123581,104.222579,4238761.000000
2012-01-27,103.800632,103.865688,103.602149,103.702443,4648130.000000
2012-01-30,103.431730,103.441060,103.415507,103.417491,2733136.000000
2012-01-31,101.601693,101.619951,101.485259,101.611206,1616213.000000
2012-02-01,100.714959,100.748106,100.550328,100.663676,2597073.000000
2012-02-02,101.548540,101.659673,101.402970,101.559260,4306251.000000
2012-02-03,103.648367,103.750663,103.479947,103.716462,3797138.000000
2012-02-06,104.288573,104.290334,104.184470,104.259903,3483167.000000
2012-02-07,101.976204,102.029331,101.885354,101.917786,2373518.000000
2012-02-08,101.144072,101.240069,100.994445,101.112317,1778393.000000
2012-02-09,100.955507,101.006790,100.826696,100.881796,2410674.000000
2012-02-10,99.803265,99.894785,99.729484,99.875750,2344493.000000
2012-02-13,101.050538,101.106530,100.971448,100.991965,2452436.000000
2012-02-14,102.142593,102.299395,102.136576,102.142757,2469801.000000
2012-02-15,103.089101,103.113029,102.970974,103.065778,2638669.000000
2012-02-16,101.949214,102.040592,101.845979,102.023225,2774629.000000
2012-02-17,101.441337,101.564281,101.438824,101.483677,3552177.000000
2012-02-20,102.327395,102.371337,102.241116,102.317711,752112.000000
2012-02-21,101.714015,101.792566,101.631265,101.736084,889030.000000
2012-02-22,102.223758,102.268022,102.155551,102.254593,3271900.000000
2012-02-23,102.123525,102.225366,102.027225,102.165776,3388842.000000
2012-02-24,101.731096,101.786029,101.651669,101.714913,1391091.000000
2012-02-27,102.865618,103.074146,102.795402,102.929748,3482397.000000
2012-02-28,105.551134,105.567150,105.443160,105.528010,3860715.000000
2012-02-29,103.057480,103.288593,103.046908,103.077308,1500708.000000
2012-03-01,101.587574,101.730581,101.488329,101.608874,546074.000000
2012-03-02,101.104850,101.240055,100.922806,101.006631,2449366.000000
2012-03-05,100.185260,100.265898,100.068154,100.168886,3464595.000000
2012-03-06,99.265028,99.398487,99.134231,99.296397,844319.000000
2012-03-07,98.771762,98.929865,98.723460,98.796327,2022960.000000
2012-03-08,97.320376,97.359345,97.194023,97.266977,3308241.000000
2012-03-09,96.999010,97.023486,96.960191,96.984551,4844806.000000
2012-03-12,97.597922,97.674938,97.575993,97.653924,4945099.000000
2012-03-13,96.529557,96.599152,96.418196,96.581686,3830659.000000
2012-03-14,96.924733,97.014731,96.901878,96.957997,2281095.000000
2012-03-15,95.890109,96.000876,95.883352,95.952352,2397099.000000
2012-03-16,94.681445,94.844557,94.656860,94.704777,3483413.000000
2012-03-19,97.452670,97.467484,97.270849,97.394950,4788788.000000
2012-03-20,98.310176,98.447489,98.289855,98.302121,949356.000000
2012-03-21,98.302630,98.354737,98.294666,98.309492,2807290.000000
2012-03-22,98.268283,98.327215,98.256550,98.294206,2897940.000000
2012-03-23,97.487607,97.489795,97.453491,97.465987,4999161.000000
2012-03-26,97.205583,97.219173,96.971533,97.164550,3358111.000000
2012-03-27,97.677165,97.737523,97.618781,97.713512,3324449.000000
2012-03-28,96.954829,97.008964,96.751867,96.924317,4017119.000000
2012-03-29,97.333498,97.382564,97.247987,97.268137,3220303.000000
2012-03-30,97.149182,97.166682,97.039133,97.100271,3908894.000000
2012-04-02,97.865282,97.934002,97.718287,97.820709,1103860.000000
2012-04-03,95.897608,95.911886,95.826801,95.901052,3734957.000000
2012-04-04,95.988461,96.172716,95.748771,95.985184,2694416.000000
2012-04-05,96.014853,96.038352,95.880440,95.941968,4921329.000000
2012-04-06,94.399398,94.574071,94.272968,94.343369,3733701.000000
2012-04-09,94.839308,94.959850,94.770703,94.774235,2176951.000000
2012-04-10,94.953456,95.100048,94.952680,95.031178,3694758.000000
2012-04-11,94.511722,94.559826,94.313553,94.449551,2761373.000000
2012-04-12,93.950474,94.081605,93.893745,93.935306,1192217.000000
2012-04-13,94.586033,94.700748,94.529377,94.648121,2713017.000000
2012-04-16,93.882749,93.905395,93.785427,93.877732,2978312.000000
2012-04-17,93.833595,93.902902,93.807320,93.897887,1999476.000000
2012-04-18,95.602730,95.628144,95.447378,95.559857,3812055.000000
2012-04-19,95.550212,95.579667,95.509148,95.559445,1610901.000000
2012-04-20,95.017206,95.065760,94.937694,94.959410,3212519.000000
2012-04-23,96.266326,96.302245,96.148197,96.269501,1956929.000000
2012-04-24,96.839731,96.999728,96.803360,96.813179,1148408.000000
2012-04-25,96.116138,96.220988,96.054649,96.139022,3374878.000000
2012-04-26,97.222695,97.240820,97.132629,97.210355,4386451.000000
2012-04-27,99.272900,99.337799,99.245182,99.246312,4226264.000000
2012-04-30,98.409526,98.548078,98.367805,98.480560,1488561.000000
2012-05-01,99.195269,99.329243,99.165790,99.195688,583115.000000
2012-05-02,99.904683,100.020833,99.847899,99.881627,1256286.000000
2012-05-03,100.553085,100.561868,100.421852,100.550917,1263330.000000
2012-05-04,98.808417,99.058517,98.792115,98.954740,2324437.000000
2012-05-07,99.933210,99.954039,99.776973,99.880183,4938128.000000
2012-05-08,100.074851,100.109046,100.052080,100.096807,1884249.000000
2012-05-09,100.106950,100.178670,99.957827,100.170211,972194.000000
2012-05-10,100.467349,100.590154,100.443136,100.479714,875302.000000
2012-05-11,99.105474,99.225320,98.981322,99.064566,2201799.000000
2012-05-14,97.651303,97.733393,97.614255,97.634081,4578762.000000
2012-05-15,97.864743,98.023047,97.839983,97.866309,989127.000000
2012-05-16,97.943539,98.169374,97.878540,97.949746,3688992.000000
2012-05-17,96.201217,96.412500,96.189109,96.221675,4066163.000000
2012-05-18,97.578104,97.687691,97.552850,97.591976,3380438.000000
2012-05-21,96.875197,96.924321,96.760959,96.796258,780171.000000
2012-05-22,97.846153,97.909980,97.761162,97.809322,3349095.000000
2012-05-23,94.943993,95.020557,94.908609,94.974027,3930906.000000
2012-05-24,95.696956,95.704502,95.600624,95.699582,1636731.000000
2012-05-25,96.022003,96.030907,95.953364,95.985158,893732.000000
2012-05-28,95.971115,96.032889,95.913892,95.971250,3376686.000000
2012-05-29,94.417780,94.479129,94.331854,94.432256,1348429.000000
2012-05-30,96.160829,96.272725,96.096349,96.180613,4431218.000000
2012-05-31,95.992233,96.046064,95.891894,95.950161,3548566.000000
2012-06-01,96.032987,96.141617,96.010139,96.084122,4478620.000000
2012-06-04,95.584972,95.623198,95.502651,95.611138,3485498.000000
2012-06-05,96.758188,96.865120,96.645055,96.742564,2425835.000000
2012-06-06,96.068874,96.148636,95.978636,96.058570,4290516.000000
2012-06-07,95.967146,96.028506,95.912818,95.946294,4350951.000000
2012-06-08,96.367416,96.421323,96.116727,96.285060,1162429.000000
2012-06-11,96.231318,96.246018,96.177232,96.222705,4305814.000000
2012-06-12,95.195464,95.356861,95.074179,95.221722,2397151.000000
2012-06-13,95.730381,95.754902,95.616152,95.718968,4645564.000000
2012-06-14,96.088782,96.143255,96.042428,96.070089,1867246.000000
2012-06-15,96.909244,97.029520,96.832924,96.956585,2439568.000000
2012-06-18,98.698288,98.775514,98.685885,98.722056,4647106.000000
2012-06-19,99.987331,100.083690,99.955662,100.069133,2418374.000000
2012-06-20,100.912134,100.979919,100.780963,100.799818,3307754.000000
2012-06-21,98.961043,99.079095,98.886539,98.981630,1084590.000000
2012-06-22,98.367753,98.423052,98.268022,98.315549,965578.000000
2012-06-25,98.891340,98.904813,98.834670,98.836081,1259551.000000
2012-06-26,98.386405,98.470857,98.358092,98.385562,907901.000000
2012-06-27,98.331104,98.384637,98.261915,98.310970,2515789.000000
2012-06-28,97.780596,97.936957,97.696409,97.753508,1744456.000000
2012-06-29,97.895923,97.978142,97.721231,97.851506,2739662.000000
2012-07-02,96.441708,96.511971,96.409217,96.455429,1183038.000000
2012-07-03,96.135426,96.164873,96.132432,96.152797,4409047.000000
2012-07-04,97.622012,97.668311,97.581600,97.629072,2506267.000000
2012-07-05,98.636276,98.646736,98.430029,98.612569,3988372.000000
2012-07-06,98.183822,98.226935,98.056990,98.168892,3418732.000000
2012-07-09,96.918254,97.021044,96.832630,96.916356,4102504.000000
2012-07-10,97.994545,98.020956,97.822641,97.892411,1882765.000000
2012-07-11,98.652874,98.681687,98.638112,98.672344,2490983.000000
2012-07-12,98.538249,98.669483,98.448601,98.462742,3163879.000000
2012-07-13,99.697687,99.871381,99.585370,99.809092,3380067.000000
2012-07-16,99.780562,99.966561,99.772099,99.850717,769459.000000
2012-07-17,100.719595,100.722356,100.671957,100.687084,4860402.000000
2012-07-18,99.263254,99.335471,99.198306,99.271206,2947738.000000
2012-07-19,99.862527,99.991468,99.856702,99.862407,3412717.000000
2012-07-20,98.170721,98.208538,98.072011,98.183590,2302759.000000
2012-07-23,99.080228,99.104736,99.027718,99.069688,3299078.000000
2012-07-24,98.107387,98.242441,97.950363,98.054035,1633377.000000
2012-07-25,97.557220,97.648767,97.516743,97.580885,3502553.000000
2012-07-26,98.696103,98.707402,98.692468,98.701143,1308854.000000
2012-07-27,98.639425,98.652365,98.516966,98.580027,2980360.000000
2012-07-30,98.302311,98.324353,98.289911,98.315680,546878.000000
2012-07-31,98.017817,98.086110,97.881167,97.999509,3396730.000000
2012-08-01,98.811533,98.915718,98.799611,98.843041,1189215.000000
2012-08-02,98.362498,98.447041,98.329599,98.415771,2792887.000000
2012-08-03,98.538258,98.580324,98.429615,98.501962,4195089.000000
2012-08-06,99.276255,99.281570,99.033267,99.113552,4757792.000000
2012-08-07,99.696940,99.809259,99.677290,99.738906,4553757.000000
2012-08-08,99.260890,99.369756,99.235773,99.293801,3494898.000000
2012-08-09,99.189397,99.236885,99.074323,99.184913,1907762.000000
2012-08-10,101.140575,101.154372,101.115290,101.137703,3245786.000000
2012-08-13,102.887467,103.010925,102.801630,102.908264,4793720.000000
2012-08-14,102.573284,102.661032,102.549527,102.597236,3367678.000000
2012-08-15,100.874564,100.967119,100.811733,100.940833,4071635.000000
2012-08-16,101.636209,101.661582,101.552192,101.589012,4308044.000000
2012-08-17,101.440702,101.460649,101.188829,101.386130,653639.000000
2012-08-20,101.412462,101.465881,101.396668,101.456859,1990654.000000
2012-08-21,102.247033,102.305069,102.142232,102.165186,1878955.000000
2012-08-22,102.452580,102.506184,102.358075,102.498856,2675032.000000
2012-08-23,104.088678,104.235648,104.025159,104.157131,4400695.000000
2012-08-24,103.523684,103.640159,103.506680,103.545984,2084684.000000
2012-08-27,103.905497,104.025988,103.599923,103.833543,3703655.000000
2012-08-28,104.778914,104.912657,104.705591,104.831807,1248497.000000
2012-08-29,103.223992,103.359592,103.135999,103.300702,552904.000000
2012-08-30,105.083489,105.104743,105.074422,105.091497,1136651.000000
2012-08-31,104.471787,104.614170,104.427548,104.447298,2748203.000000
2012-09-03,105.164686,105.179949,105.148101,105.151331,2077610.000000
2012-09-04,106.824469,106.938781,106.769529,106.869613,802059.000000
2012-09-05,106.368968,106.419504,106.345581,106.395542,3386485.000000
2012-09-06,107.192120,107.252685,107.075488,107.167118,556122.000000
2012-09-07,106.645373,106.795573,106.636254,106.703674,2725303.000000
2012-09-10,105.782591,105.852788,105.600026,105.737211,1270383.000000
2012-09-11,104.823819,104.987291,104.750520,104.812487,3311020.000000
2012-09-12,106.980095,107.035996,106.820934,106.954219,3466982.000000
2012-09-13,107.577546,107.793696,107.475142,107.723482,4279438.000000
2012-09-14,108.726720,108.802488,108.542360,108.681214,547648.000000
2012-09-17,109.412661,109.432749,109.266988,109.365114,4784523.000000
2012-09-18,110.115525,110.175063,110.104029,110.127056,2884401.000000
2012-09-19,110.556777,110.561955,110.428926,110.555388,2837743.000000
2012-09-20,110.220471,110.328849,110.217410,110.253589,4775414.000000
2012-09-21,108.170959,108.260990,108.132592,108.147767,3530291.000000
2012-09-24,110.135683,110.197752,110.012189,110.152056,2255279.000000
2012-09-25,109.887844,110.042890,109.853215,109.962086,1936378.000000
2012-09-26,110.416602,110.432505,110.330792,110.368124,3206753.000000
2012-09-27,110.526607,110.532946,110.363362,110.447889,3743526.000000
2012-09-28,111.301327,111.316134,111.191534,111.259774,962577.000000
2012-10-01,109.636993,109.648388,109.465420,109.593528,1758234.000000
2012-10-02,109.505016,109.679259,109.183105,109.593442,2087574.000000
2012-10-03,110.736861,110.795824,110.566409,110.613100,1407936.000000
2012-10-04,110.663121,110.792490,110.599926,110.678441,3630047.000000
2012-10-05,109.724291,109.748905,109.535155,109.652737,3619981.000000
2012-10-08,108.744951,108.804558,108.650504,108.683880,3899714.000000
2012-10-09,108.780651,108.850546,108.642162,108.773230,3379878.000000
2012-10-10,109.779096,109.931038,109.666492,109.834443,2669739.000000
2012-10-11,109.485227,109.595939,109.444233,109.454199,1583165.000000
2012-10-12,109.461121,109.584233,109.444280,109.465362,3669616.000000
2012-10-15,108.038847,108.277104,107.989399,108.092261,1724365.000000
2012-10-16,108.143296,108.186358,108.024122,108.121977,4473900.000000
2012-10-17,107.839517,107.965707,107.628250,107.860909,870251.000000
2012-10-18,107.246945,107.271097,107.217692,107.265236,1423032.000000
2012-10-19,108.247198,108.420210,107.995526,108.312815,4933302.000000
2012-10-22,109.072816,109.185461,109.052641,109.129571,4600609.000000
2012-10-23,109.236010,109.461111,109.227339,109.355746,1803706.000000
2012-10-24,108.045353,108.161519,107.895397,108.120107,1018998.000000
2012-10-25,107.504411,107.511765,107.420289,107.462209,4449307.000000
2012-10-26,106.964496,107.033863,106.776494,106.861190,1253948.000000
2012-10-29,105.043067,105.098453,104.922000,105.052809,707940.000000
2012-10-30,104.560543,104.589561,104.555480,104.576159,1737260.000000
2012-10-31,104.491816,104.501381,104.325614,104.474576,2628334.000000
2012-11-01,104.420270,104.495159,104.316068,104.435622,1040477.000000
2012-11-02,104.372962,104.392149,104.299517,104.350885,689613.000000
2012-11-05,104.353280,104.390314,104.329168,104.338527,771023.000000
2012-11-06,104.229533,104.344727,104.169526,104.230969,4318252.000000
2012-11-07,103.393165,103.590660,103.238467,103.378810,999807.000000
2012-11-08,103.017468,103.057871,102.867416,103.015630,3265722.000000
2012-11-09,102.916074,103.020167,102.886525,102.963660,2979951.000000
2012-11-12,104.171978,104.341214,104.152316,104.227447,2385076.000000
2012-11-13,106.365298,106.449138,106.350086,106.375895,1940840.000000
2012-11-14,106.754547,106.911277,106.705097,106.801713,3718747.000000
2012-11-15,106.948329,107.109768,106.948273,107.040779,2122151.000000
2012-11-16,106.708409,106.745664,106.594649,106.657945,3576706.000000
2012-11-19,107.313246,107.374753,107.257224,107.313269,2372750.000000
2012-11-20,107.248797,107.319002,107.152422,107.213136,4154246.000000
2012-11-21,107.387591,107.419025,107.258211,107.326443,3988082.000000
2012-11-22,106.696848,106.796518,106.584976,106.751294,702129.000000
2012-11-23,107.058041,107.065747,106.900759,106.967381,971941.000000
2012-11-26,108.554299,108.775634,108.401243,108.553122,3844142.000000
2012-11-27,108.541673,108.622108,108.433957,108.536435,3005724.000000
2012-11-28,110.045815,110.179083,109.915476,110.157829,873231.000000
2012-11-29,110.476378,110.498384,110.388920,110.494414,2806040.000000
2012-11-30,110.251510,110.450662,110.228356,110.314371,4266013.000000
2012-12-03,111.157729,111.167647,111.097689,111.162618,1262221.000000
2012-12-04,112.235457,112.257527,112.078594,112.177167,2738204.000000
2012-12-05,112.391983,112.535849,112.231709,112.485493,3388684.000000
2012-12-06,115.338816,115.386064,115.223348,115.364318,1010326.000000
2012-12-07,114.309889,114.370753,114.297762,114.340620,2799902.000000
2012-12-10,113.559574,113.593123,113.477211,113.585126,3440834.000000
2012-12-11,114.466240,114.477129,114.299795,114.436369,3404572.000000
2012-12-12,113.970109,114.150129,113.741888,114.010050,4607301.000000
2012-12-13,116.057030,116.136797,116.054789,116.088491,1038518.000000
2012-12-14,116.236651,116.437470,116.122303,116.245101,2568906.000000
2012-12-17,116.754377,116.836878,116.646632,116.783278,4770359.000000
2012-12-18,117.302337,117.404666,117.233653,117.329937,1052386.000000
2012-12-19,118.273344,118.355265,118.023666,118.174943,4771090.000000
2012-12-20,119.894317,119.920012,119.837268,119.892164,4303700.000000
2012-12-21,119.472545,119.500339,119.438817,119.454306,4387086.000000
2012-12-24,119.457403,119.498243,119.379751,119.401946,2643329.000000
2012-12-25,119.433395,119.552396,119.420954,119.428131,3043837.000000
2012-12-26,120.278911,120.296333,120.119675,120.233083,3560223.000000
2012-12-27,122.201414,122.330718,122.023148,122.102335,724023.000000
2012-12-28,124.515708,124.678205,124.413520,124.507851,672504.000000
2012-12-31,123.333003,123.466276,123.159800,123.252776,2044122.000000
2013-01-01,126.131292,126.269163,126.045083,126.091661,1203695.000000
2013-01-02,124.862255,125.033107,124.793471,124.843556,2876808.000000
2013-01-03,122.042174,122.132029,121.854389,122.013349,2997616.000000
2013-01-04,121.044693,121.166086,120.993406,121.161115,2544500.000000
2013-01-07,122.777046,122.966029,122.776136,122.800972,2398362.000000
2013-01-08,122.825588,122.930630,122.820150,122.834273,4302856.000000
2013-01-09,124.823955,124.884160,124.644686,124.700914,2487373.000000
2013-01-10,124.039089,124.169174,123.974611,124.138671,2084106.000000
2013-01-11,124.227370,124.277602,124.160043,124.204738,3446465.000000
2013-01-14,122.288871,122.339478,122.266678,122.318244,2548978.000000
2013-01-15,122.537713,122.611240,122.334659,122.409798,875021.000000
2013-01-16,121.793136,121.799655,121.693255,121.758998,2592839.000000
2013-01-17,122.278287,122.361719,122.102411,122.232940,4377181.000000
2013-01-18,122.445206,122.453362,122.329250,122.432964,687727.000000
2013-01-21,122.498640,122.690895,122.398610,122.440318,2049327.000000
2013-01-22,122.758398,122.920054,122.673714,122.791643,4107392.000000
2013-01-23,123.339633,123.550378,123.320489,123.455985,2810634.000000
2013-01-24,123.719675,123.752816,123.640684,123.662989,824826.000000
2013-01-25,122.854892,123.054346,122.830936,122.991904,1496187.000000
2013-01-28,120.999516,121.104310,120.812844,120.940277,3076903.000000
2013-01-29,121.808452,122.014891,121.762118,121.901324,3209311.000000
2013-01-30,119.440736,119.608604,119.294469,119.523889,3487965.000000
2013-01-31,120.352111,120.401089,120.315522,120.326343,3954806.000000
2013-02-01,120.517346,120.693854,120.447852,120.579208,4100112.000000
2013-02-04,119.927849,120.101820,119.767000,119.869838,2997325.000000
2013-02-05,120.382006,120.384546,120.299245,120.357980,4574709.000000
2013-02-06,121.241774,121.336851,121.220104,121.304724,904543.000000
2013-02-07,119.952695,120.004215,119.807780,119.888480,1941656.000000
2013-02-08,120.744621,120.810116,120.570429,120.688794,1053365.000000
2013-02-11,121.921954,122.053778,121.880370,121.919182,3319310.000000
2013-02-12,121.848335,121.860797,121.791455,121.837172,2426782.000000
2013-02-13,122.744842,122.977469,122.561456,122.779987,4934279.000000
2013-02-14,122.132268,122.147364,122.066989,122.136368,3497912.000000
2013-02-15,122.588752,122.795814,122.490485,122.677033,2985382.000000
2013-02-18,124.347815,124.431443,124.280860,124.349967,2315882.000000
2013-02-19,124.123290,124.185797,124.070064,124.172815,3552562.000000
2013-02-20,124.042835,124.219066,124.033546,124.060202,740249.000000
2013-02-21,124.034169,124.245041,124.014960,124.243239,3793335.000000
2013-02-22,126.295461,126.391689,126.186913,126.279269,4648516.000000
2013-02-25,123.398785,123.508552,123.279289,123.392047,632452.000000
2013-02-26,121.845301,121.874164,121.821577,121.857203,842625.000000
2013-02-27,122.437851,122.485132,122.326667,122.433490,4962069.000000
2013-02-28,122.957128,123.083398,122.949744,123.007760,903153.000000
2013-03-01,125.010482,125.092356,124.997627,125.052893,659647.000000
2013-03-04,125.621583,125.672699,125.567471,125.596178,3130846.000000
2013-03-05,126.543990,126.614020,126.533078,126.545367,641202.000000
2013-03-06,126.870553,126.897598,126.787469,126.884949,4703904.000000
2013-03-07,125.779831,125.819056,125.592762,125.727093,540603.000000
2013-03-08,125.522366,125.541915,125.442646,125.455529,2988164.000000
2013-03-11,123.462038,123.502856,123.414211,123.449171,4407063.000000
2013-03-12,123.762327,124.045551,123.608704,123.745993,4351641.000000
2013-03-13,125.400895,125.499904,125.313606,125.456171,2475904.000000
2013-03-14,127.354252,127.386694,127.208491,127.248149,2850288.000000
2013-03-15,126.882482,126.893190,126.854083,126.881136,3823997.000000
2013-03-18,127.197168,127.244980,127.102554,127.121314,3569200.000000
2013-03-19,127.298672,127.475278,127.239583,127.253608,1157524.000000
2013-03-20,128.153000,128.287555,128.029423,128.139331,1226274.000000
2013-03-21,125.973495,126.060973,125.795045,125.956164,3492667.000000
2013-03-22,125.383447,125.497986,125.303566,125.447387,696229.000000
2013-03-25,126.801628,126.858529,126.633237,126.791788,3000836.000000
2013-03-26,126.834535,126.846322,126.603216,126.713593,1694245.000000
2013-03-27,125.564655,125.784008,125.400877,125.652779,3648164.000000
2013-03-28,127.536818,127.773180,127.500942,127.662133,2434840.000000
2013-03-29,127.641005,127.909340,127.536036,127.792805,2075397.000000
2013-04-01,126.621692,126.823682,126.583629,126.753553,2799747.000000
2013-04-02,128.143050,128.158213,128.025449,128.127636,2839818.000000
2013-04-03,126.100218,126.218067,126.035887,126.063798,2558198.000000
2013-04-04,125.917381,126.197915,125.812699,125.978113,710682.000000
2013-04-05,125.647810,125.708193,125.469603,125.632422,4942908.000000
2013-04-08,124.786143,124.855078,124.665400,124.851879,778734.000000
2013-04-09,124.836047,124.997991,124.783169,124.909179,1587441.000000
2013-04-10,123.110683,123.257310,122.978551,123.109461,777442.000000
2013-04-11,124.382070,124.418971,124.314122,124.376216,2117562.000000
2013-04-12,124.151773,124.185029,124.072132,124.113081,2859942.000000
2013-04-15,123.616121,123.665590,123.488450,123.580584,2704402.000000
2013-04-16,123.778862,123.877513,123.628428,123.756126,2333979.000000
2013-04-17,122.468744,122.593800,122.451920,122.528369,620092.000000
2013-04-18,123.914451,124.021358,123.887643,123.967590,3009713.000000
2013-04-19,124.710262,124.823972,124.655019,124.691227,2570900.000000
2013-04-22,125.891247,126.167711,125.862136,126.010962,1827262.000000
2013-04-23,123.933650,123.939848,123.866855,123.901483,1868417.000000
2013-04-24,124.576326,124.717194,124.486248,124.669367,4079236.000000
2013-04-25,127.152120,127.370490,127.085761,127.236731,2152905.000000
2013-04-26,128.177387,128.344627,127.971150,128.196707,2056655.000000
2013-04-29,125.073924,125.136379,124.879732,124.972456,1370832.000000
2013-04-30,122.979782,123.022542,122.762461,122.874334,1706475.000000
2013-05-01,121.870788,121.944786,121.561355,121.815119,3660360.000000
2013-05-02,120.676643,120.757623,120.661911,120.746660,693526.000000
2013-05-03,120.127961,120.296921,120.011843,120.054609,4886264.000000
2013-05-06,119.579721,119.637092,119.548405,119.576084,4832527.000000
2013-05-07,121.398512,121.491900,121.180536,121.330395,1359179.000000
2013-05-08,124.154285,124.307657,124.065704,124.201879,3669348.000000
2013-05-09,123.314251,123.328817,123.159131,123.274763,4060781.000000
2013-05-10,122.331241,122.337201,122.140856,122.294588,2946232.000000
2013-05-13,122.733447,122.741115,122.465255,122.694081,3974580.000000
2013-05-14,122.290495,122.445547,122.146846,122.316138,2144328.000000
2013-05-15,122.102811,122.118591,122.051121,122.079082,4600546.000000
2013-05-16,123.609223,123.680757,123.556385,123.644335,3816558.000000
2013-05-17,122.230903,122.345522,121.978139,122.164190,1866921.000000
2013-05-20,122.760227,122.843893,122.603580,122.706280,862476.000000
2013-05-21,122.210045,122.331433,122.101205,122.314160,3793308.000000
2013-05-22,122.146428,122.262197,122.138221,122.212161,2064883.000000
2013-05-23,120.654027,120.808761,120.565735,120.623098,922958.000000
2013-05-24,120.831041,120.893793,120.593831,120.827390,1744980.000000
2013-05-27,121.913092,122.068055,121.797795,121.915903,1307452.000000
2013-05-28,121.504386,121.673365,121.476163,121.529302,3437619.000000
2013-05-29,123.038272,123.076759,122.933733,122.938260,4481526.000000
2013-05-30,120.839294,120.888770,120.745336,120.748863,3950253.000000
2013-05-31,119.281032,119.405942,119.127113,119.306942,2590019.000000
2013-06-03,121.284257,121.461472,121.268784,121.310391,2352925.000000
2013-06-04,119.503379,119.568499,119.394718,119.515429,1019178.000000
2013-06-05,118.859588,118.882702,118.821009,118.870306,4108080.000000
2013-06-06,118.009916,118.103652,117.968149,118.038328,4907016.000000
2013-06-07,116.624281,116.771014,116.618306,116.719622,2196812.000000
2013-06-10,117.404988,117.460843,117.322224,117.375937,4535520.000000
2013-06-11,117.536988,117.589042,117.220895,117.559580,1150201.000000
2013-06-12,116.776558,116.859283,116.715970,116.839913,1663954.000000
2013-06-13,115.493238,115.525436,115.454827,115.509558,966168.000000
2013-06-14,114.527925,114.551716,114.327082,114.508425,2621680.000000
2013-06-17,115.157187,115.276578,114.986197,115.140501,4413879.000000
2013-06-18,116.639756,116.702528,116.332310,116.509518,2576859.000000
2013-06-19,115.541663,115.629218,115.450938,115.624716,4228839.000000
2013-06-20,115.883415,115.981750,115.866752,115.877785,4808894.000000
2013-06-21,113.998768,114.082109,113.886469,114.075367,3987549.000000
2013-06-24,114.092327,114.213948,114.045511,114.175295,3234712.000000
2013-06-25,112.819462,112.857268,112.742997,112.807560,4962222.000000
2013-06-26,114.029435,114.146202,113.934365,113.943384,3192533.000000
2013-06-27,112.703997,112.732576,112.687940,112.725914,3478414.000000
2013-06-28,110.553908,110.630322,110.549623,110.562042,1845587.000000
2013-07-01,111.610656,111.655920,111.446110,111.492412,4485495.000000
2013-07-02,110.530991,110.554595,110.437238,110.485989,2423383.000000
2013-07-03,110.851779,110.899646,110.731075,110.808829,1466940.000000
2013-07-04,111.810481,111.896515,111.774086,111.802423,628284.000000
2013-07-05,112.079544,112.126922,111.878415,112.085345,3453804.000000
2013-07-08,112.361469,112.407291,112.198525,112.273544,840109.000000
2013-07-09,109.907088,109.943102,109.757283,109.888181,1080266.000000
2013-07-10,110.033269,110.198870,109.954103,110.077271,4467182.000000
2013-07-11,110.342230,110.494141,110.257906,110.377996,3538317.000000
2013-07-12,112.011479,112.055187,112.000953,112.017364,2839748.000000
2013-07-15,110.610530,110.650224,110.409561,110.549552,2762907.000000
2013-07-16,110.457079,110.576105,110.378714,110.439124,4217098.000000
2013-07-17,109.430174,109.586355,109.418144,109.424337,1952197.000000
2013-07-18,109.572393,109.635694,109.556432,109.597823,2711627.000000
2013-07-19,110.481535,110.579930,110.452952,110.468757,4884189.000000
2013-07-22,109.176733,109.222138,109.163441,109.221801,520954.000000
2013-07-23,109.019288,109.025414,108.913732,108.968478,850916.000000
2013-07-24,107.936569,108.109700,107.905523,108.020693,2449663.000000
2013-07-25,107.943495,108.066526,107.872214,107.929407,4634733.000000
2013-07-26,109.345423,109.393567,109.331326,109.336888,1721116.000000
2013-07-29,109.208360,109.237488,109.203889,109.211682,3620104.000000
2013-07-30,109.760810,109.858953,109.592300,109.709757,3682257.000000
2013-07-31,110.300939,110.424975,110.196005,110.390228,1803740.000000
2013-08-01,109.192049,109.309475,109.090159,109.163830,1213178.000000
2013-08-02,107.038474,107.151670,106.979381,107.098159,3005334.000000
2013-08-05,107.831346,107.933549,107.802508,107.855310,1581729.000000
2013-08-06,108.717576,108.759363,108.612759,108.707474,3162813.000000
2013-08-07,109.638301,109.747873,109.511578,109.622793,4331526.000000
2013-08-08,110.513094,110.667256,110.490785,110.605075,1834374.000000
2013-08-09,110.462133,110.546717,110.434672,110.507153,4624352.000000
2013-08-12,110.886485,110.903958,110.779128,110.882456,3711179.000000
2013-08-13,109.895756,109.996930,109.868873,109.927284,4913014.000000
2013-08-14,109.206347,109.315649,109.122606,109.199588,3798184.000000
2013-08-15,108.384481,108.518120,108.250109,108.331421,4570588.000000
2013-08-16,107.841148,107.890287,107.802204,107.812081,803825.000000
2013-08-19,109.218315,109.269521,109.113029,109.244046,841238.000000
2013-08-20,110.256749,110.537843,110.246294,110.351429,4588924.000000
2013-08-21,111.653990,112.027268,111.591113,111.772338,2785380.000000
2013-08-22,110.332184,110.399053,110.191986,110.265624,606909.000000
2013-08-23,108.249137,108.301873,108.144134,108.208912,3140963.000000
2013-08-26,108.421856,108.650853,108.349952,108.495497,3396187.000000
2013-08-27,108.678366,108.824899,108.525534,108.704994,3433938.000000
2013-08-28,110.817242,110.933334,110.651707,110.835474,4480054.000000
2013-08-29,113.151097,113.177218,113.111882,113.128936,3940840.000000
2013-08-30,112.920505,112.974259,112.726881,112.947745,4831624.000000
2013-09-02,113.485205,113.551492,113.414125,113.431753,4748026.000000
2013-09-03,113.113214,113.223180,113.072341,113.161354,4634599.000000
2013-09-04,112.113093,112.192657,111.964999,112.148367,634415.000000
2013-09-05,112.100449,112.229196,112.055614,112.170113,4393552.000000
2013-09-06,112.882731,113.138793,112.823955,112.996333,2195119.000000
2013-09-09,113.236754,113.349436,113.081745,113.151709,2244777.000000
2013-09-10,114.755427,114.858204,114.705821,114.756076,3601959.000000
2013-09-11,116.523453,116.529999,116.371766,116.441227,2900809.000000
2013-09-12,117.210045,117.237082,117.093429,117.135293,1218892.000000
2013-09-13,118.515829,118.583689,118.449337,118.463962,1591983.000000
2013-09-16,118.518168,118.635038,118.403400,118.453500,4665377.000000
2013-09-17,118.988794,119.025376,118.973614,119.014459,1701663.000000
2013-09-18,118.250432,118.375861,118.219775,118.336767,2184222.000000
2013-09-19,118.952934,118.995741,118.888857,118.995116,2037231.000000
2013-09-20,118.441401,118.614835,118.333368,118.528167,3246333.000000
2013-09-23,118.870621,118.950124,118.861168,118.865043,2103118.000000
2013-09-24,115.375545,115.604892,115.316112,115.436914,1347503.000000
2013-09-25,117.721787,117.782405,117.682484,117.763444,3243638.000000
2013-09-26,119.312352,119.538270,119.244634,119.371867,1513321.000000
2013-09-27,119.039556,119.111314,118.960508,119.107168,3003693.000000
2013-09-30,119.679555,119.699892,119.658466,119.698788,4460855.000000
2013-10-01,118.288793,118.393520,118.201868,118.219151,511533.000000
2013-10-02,118.679913,118.699061,118.551947,118.612848,1071026.000000
2013-10-03,114.826904,115.041619,114.772866,115.022916,4356108.000000
2013-10-04,112.148920,112.274173,112.074439,112.105065,2472905.000000
2013-10-07,112.180920,112.345816,112.172191,112.230018,1809886.000000
2013-10-08,112.976452,112.984000,112.806667,112.968498,2768969.000000
2013-10-09,112.904898,113.051852,112.898077,112.922531,566222.000000
2013-10-10,113.432864,113.527390,113.377439,113.397937,4285924.000000
2013-10-11,113.304560,113.355948,113.295854,113.301520,1724632.000000
2013-10-14,112.531785,112.660548,112.516958,112.597500,948691.000000
2013-10-15,112.994446,113.159193,112.960041,113.059995,4030842.000000
2013-10-16,114.411359,114.523755,114.344525,114.491327,870479.000000
2013-10-17,115.996046,116.068811,115.923556,115.981086,3834813.000000
2013-10-18,118.284931,118.426750,118.031442,118.301930,3223122.000000
2013-10-21,117.063669,117.070622,116.965660,117.009766,2939883.000000
2013-10-22,117.721152,117.723799,117.629236,117.721294,4175068.000000
2013-10-23,117.757925,117.793023,117.756432,117.769687,4169500.000000
2013-10-24,119.202673,119.329652,119.192732,119.240195,4775399.000000
2013-10-25,120.596054,120.629600,120.439133,120.549714,3903424.000000
2013-10-28,121.977194,122.085911,121.906576,122.063738,664063.000000
2013-10-29,122.371410,122.393449,122.367658,122.390149,1184819.000000
2013-10-30,121.294095,121.381761,121.124715,121.217802,4935697.000000
2013-10-31,120.414484,120.616199,120.406027,120.463842,1461938.000000
2013-11-01,119.795494,119.861121,119.584956,119.727474,1041625.000000
2013-11-04,120.763496,120.796683,120.678205,120.766126,2690002.000000
2013-11-05,118.556094,118.657796,118.449824,118.480294,1110537.000000
2013-11-06,121.346954,121.575140,121.215877,121.467091,1400983.000000
2013-11-07,119.651174,119.811124,119.577280,119.588571,908308.000000
2013-11-08,117.698276,117.743418,117.644240,117.676475,2961175.000000
2013-11-11,118.260067,118.449196,118.173074,118.200532,1411633.000000
2013-11-12,120.152635,120.289189,120.011252,120.058083,3749346.000000
2013-11-13,121.795484,121.965101,121.784086,121.865775,4170459.000000
2013-11-14,120.823041,120.936486,120.759589,120.797152,1539803.000000
2013-11-15,121.886120,121.891341,121.833543,121.884340,2911083.000000
2013-11-18,122.398817,122.516316,122.255994,122.456078,2935842.000000
2013-11-19,123.567392,123.605692,123.550315,123.596390,4984521.000000
2013-11-20,122.768508,122.995317,122.679525,122.682015,4256034.000000
2013-11-21,125.096334,125.207029,125.039023,125.144566,4394918.000000
2013-11-22,123.128414,123.183520,122.975713,123.080587,1152079.000000
2013-11-25,124.762899,124.904370,124.602125,124.861559,1046089.000000
2013-11-26,123.573766,123.626812,123.443937,123.461725,1107845.000000
2013-11-27,123.231014,123.297163,123.102624,123.157135,4602015.000000
2013-11-28,123.489515,123.559250,123.361614,123.523237,983970.000000
2013-11-29,123.652535,123.767764,123.644402,123.665411,706189.000000
2013-12-02,125.184396,125.238346,125.139515,125.180011,906758.000000
2013-12-03,124.506905,124.587094,124.291362,124.382644,1776180.000000
2013-12-04,123.269334,123.320691,123.068740,123.269708,4994514.000000
2013-12-05,122.308655,122.420993,122.308316,122.381593,4843763.000000
2013-12-06,123.883760,123.921327,123.626616,123.881998,2092411.000000
2013-12-09,126.460539,126.537064,126.404396,126.447692,4512485.000000
2013-12-10,127.577478,127.584300,127.465590,127.583892,4711503.000000
2013-12-11,129.689943,129.692050,129.652493,129.684337,1469937.000000
2013-12-12,129.995948,130.141924,129.944384,130.002941,3589655.000000
2013-12-13,130.087264,130.162865,129.977189,130.095441,3166654.000000
2013-12-16,130.041589,130.175687,129.929941,130.033804,1315897.000000
2013-12-17,130.759451,130.827616,130.732486,130.814482,693961.000000
2013-12-18,130.148899,130.286457,129.976875,130.228706,4519489.000000
2013-12-19,131.600111,131.628560,131.559727,131.595418,2768564.000000
2013-12-20,130.622203,130.792898,130.528739,130.641225,3665832.000000
2013-12-23,132.225703,132.252591,132.068050,132.212558,2911411.000000
2013-12-24,132.302748,132.379142,132.178266,132.198897,3348740.000000
2013-12-25,131.529536,131.554535,131.300491,131.551276,3524692.000000
2013-12-26,131.665319,131.733997,131.269725,131.570477,4431657.000000
2013-12-27,131.730553,131.881587,131.681888,131.793769,836106.000000
2013-12-30,131.067027,131.270059,130.959816,131.132057,3460441.000000
2013-12-31,130.502031,130.578919,130.406876,130.515188,908381.000000
2014-01-01,129.886034,129.939290,129.802284,129.885893,4542242.000000
2014-01-02,130.403465,130.495891,130.234623,130.349398,3427838.000000
2014-01-03,129.600232,129.737287,129.534355,129.688649,3151574.000000
2014-01-06,128.407533,128.411941,128.381348,128.400253,2071346.000000
2014-01-07,127.912166,128.082859,127.738835,127.968222,1640146.000000
2014-01-08,129.097727,129.150890,128.972472,129.005470,2798864.000000
2014-01-09,127.842796,127.850218,127.696875,127.807018,1809683.000000
2014-01-10,128.577340,128.660814,128.534747,128.612711,2454524.000000
2014-01-13,128.645885,128.649128,128.405417,128.555844,3263766.000000
2014-01-14,129.418745,129.584991,129.312996,129.343404,1120288.000000
2014-01-15,130.573713,130.638506,130.330394,130.535580,3752844.000000
2014-01-16,130.755274,130.898218,130.693408,130.863863,3419825.000000
2014-01-17,129.600229,129.619300,129.496049,129.604116,4403359.000000
2014-01-20,129.753910,129.787576,129.640836,129.768671,4999961.000000
2014-01-21,129.777085,129.789515,129.512499,129.615453,3299785.000000
2014-01-22,130.264944,130.321451,130.112854,130.267132,4248721.000000
2014-01-23,132.723291,132.856035,132.649913,132.660044,2788508.000000
2014-01-24,134.616229,134.728188,134.453372,134.585059,2109999.000000
2014-01-27,131.403070,131.451193,131.317368,131.438880,3938800.000000
2014-01-28,133.942340,134.091806,133.786809,133.815598,3835341.000000
2014-01-29,134.982233,135.101726,134.789382,134.847165,3655836.000000
2014-01-30,134.233958,134.397490,133.971688,134.155698,1905010.000000
2014-01-31,133.645723,133.667213,133.525253,133.656807,2380435.000000
2014-02-03,132.623341,132.656166,132.470205,132.599798,1120247.000000
2014-02-04,131.859557,131.997528,131.766335,131.963037,1164277.000000
2014-02-05,131.660808,131.777155,131.470402,131.681316,4481510.000000
2014-02-06,131.886101,131.959303,131.729540,131.840681,1007069.000000
2014-02-07,130.765201,130.946724,130.739561,130.927924,4587958.000000
2014-02-10,133.029725,133.262093,132.953675,133.171797,2124769.000000
2014-02-11,133.522019,133.645648,133.373471,133.547220,1916345.000000
2014-02-12,132.277330,132.470098,132.200051,132.205029,3736254.000000
2014-02-13,133.987625,134.203491,133.793059,133.896486,2089179.000000
2014-02-14,134.609981,134.802341,134.593765,134.683416,3935003.000000
2014-02-17,134.138671,134.275029,134.093343,134.213011,4880223.000000
2014-02-18,135.093707,135.163110,134.931401,135.162841,1728618.000000
2014-02-19,134.236044,134.456306,134.165415,134.184605,673391.000000
2014-02-20,134.871756,135.070333,134.843323,134.975096,4358130.000000
2014-02-21,135.145062,135.246165,135.093394,135.206276,1404135.000000
2014-02-24,136.980655,137.091815,136.795036,136.844587,2974142.000000
2014-02-25,135.546597,135.725742,135.462563,135.613293,4070403.000000
2014-02-26,134.332673,134.557050,134.008515,134.329031,4532946.000000
2014-02-27,133.165310,133.351657,133.051204,133.120358,4002171.000000
2014-02-28,133.453049,133.573583,133.339925,133.464030,3229918.000000
2014-03-03,135.441665,135.520668,135.244444,135.282716,4069616.000000
2014-03-04,133.535622,133.590718,133.401259,133.520933,4920898.000000
2014-03-05,134.381539,134.410174,134.302390,134.336152,4697205.000000
2014-03-06,134.740669,134.982057,134.430495,134.566037,4308552.000000
2014-03-07,134.322760,134.339172,134.259838,134.325355,4562457.000000
2014-03-10,134.906509,134.951192,134.831354,134.863464,1186185.000000
2014-03-11,133.692343,133.713643,133.685558,133.703317,4967322.000000
2014-03-12,133.944486,134.011350,133.767056,133.784700,1011309.000000
2014-03-13,133.255202,133.379216,133.131471,133.210575,987320.000000
2014-03-14,134.090628,134.120785,133.954865,134.067375,1425032.000000
2014-03-17,133.466504,133.516969,133.351767,133.369577,952187.000000
2014-03-18,132.615009,132.853759,132.565810,132.737023,2116420.000000
2014-03-19,131.435341,131.452925,131.345218,131.427286,3172507.000000
2014-03-20,131.795579,131.902025,131.622164,131.748141,579026.000000
2014-03-21,131.815779,131.961027,131.806573,131.822983,2952965.000000
2014-03-24,133.033178,133.090540,133.007710,133.072951,3685534.000000
2014-03-25,130.743843,130.771709,130.615279,130.678552,1826110.000000
2014-03-26,132.687613,132.712186,132.642142,132.694266,4184939.000000
2014-03-27,132.151259,132.245041,132.019803,132.113544,1294494.000000
2014-03-28,132.624051,132.785155,132.536796,132.755010,2320042.000000
2014-03-31,132.646135,132.885504,132.600900,132.766846,3085633.000000
2014-04-01,132.775788,132.787702,132.649751,132.671071,3677951.000000
2014-04-02,132.861488,132.987467,132.782179,132.854270,3361545.000000
2014-04-03,131.899782,131.951520,131.871925,131.879282,3204811.000000
2014-04-04,132.929986,133.026646,132.892289,132.910261,2017779.000000
2014-04-07,130.471031,130.516351,130.424782,130.426910,4265409.000000
2014-04-08,130.542123,130.670493,130.456432,130.522467,3374647.000000
2014-04-09,128.937273,129.104125,128.883071,128.941042,2880788.000000
2014-04-10,130.517263,130.617133,130.460996,130.474759,1389246.000000
2014-04-11,131.923070,132.034339,131.825348,131.928806,2291902.000000
2014-04-14,132.928790,133.100545,132.774921,132.872838,1204355.000000
2014-04-15,132.848455,132.969983,132.768807,132.938673,2998026.000000
2014-04-16,130.039166,130.130716,129.880001,130.006987,4515654.000000
2014-04-17,129.282403,129.406089,129.208037,129.251111,3958542.000000
2014-04-18,131.763733,131.865650,131.720647,131.734148,4381663.000000
2014-04-21,131.915600,131.960807,131.914695,131.926634,1062402.000000
2014-04-22,133.165498,133.275678,132.990636,133.062124,4775531.000000
2014-04-23,134.660320,134.740132,134.605050,134.711175,2488692.000000
2014-04-24,132.945246,132.979064,132.945221,132.965778,4044372.000000
2014-04-25,130.671658,130.691432,130.657064,130.659071,2906081.000000
2014-04-28,131.630123,131.726267,131.566283,131.615603,2061307.000000
2014-04-29,129.081407,129.109667,129.009569,129.097211,838037.000000
2014-04-30,129.357388,129.406655,129.288111,129.325955,3574889.000000
2014-05-01,129.731386,129.826971,129.654126,129.679822,2586181.000000
2014-05-02,130.443962,130.663965,130.380871,130.500394,2109077.000000
2014-05-05,131.720598,131.727487,131.575576,131.703287,565433.000000
2014-05-06,133.087624,133.266376,133.069402,133.172999,3810684.000000
2014-05-07,133.160372,133.207368,133.038743,133.168525,3026181.000000
2014-05-08,132.201849,132.372247,132.016002,132.150615,4437926.000000
2014-05-09,134.649882,134.964088,134.618761,134.699902,4440849.000000
2014-05-12,134.375012,134.538893,134.139562,134.431851,2816842.000000
2014-05-13,134.879637,135.163655,134.823071,135.024264,4937202.000000
2014-05-14,132.887495,133.003996,132.789650,132.850159,514778.000000
2014-05-15,133.217427,133.248103,133.141716,133.177994,3315310.000000
2014-05-16,133.274809,133.279237,133.100184,133.175891,1779503.000000
2014-05-19,131.309620,131.373621,131.249446,131.271546,4108838.000000
2014-05-20,131.409965,131.516581,131.264967,131.505905,2835280.000000
2014-05-21,129.235874,129.342385,129.145550,129.300931,4785027.000000
2014-05-22,128.725922,128.745303,128.497483,128.643995,2877912.000000
2014-05-23,128.937138,128.946071,128.677847,128.814063,567312.000000
2014-05-26,127.661406,127.877589,127.533686,127.801773,1565894.000000
2014-05-27,125.854411,125.956150,125.791255,125.927292,3292211.000000
2014-05-28,125.525609,125.527025,125.320591,125.435829,4000117.000000
2014-05-29,125.019682,125.203290,124.797348,125.134858,3222294.000000
2014-05-30,125.380364,125.391621,125.135976,125.259969,2283717.000000
2014-06-02,124.871312,124.946118,124.795468,124.843314,2680481.000000
2014-06-03,126.595471,126.748959,126.452049,126.539758,4361065.000000
2014-06-04,128.030393,128.159111,128.019695,128.040859,3324219.000000
2014-06-05,129.283173,129.364376,129.167557,129.200595,1440118.000000
2014-06-06,128.670794,128.734129,128.629830,128.685907,2213895.000000
2014-06-09,129.629730,129.805270,129.544451,129.683577,1279138.000000
2014-06-10,129.299388,129.406145,129.292120,129.399582,2273875.000000
2014-06-11,133.271942,133.378864,133.207434,133.240409,1172060.000000
2014-06-12,132.623490,132.696978,132.548249,132.657129,1285668.000000
2014-06-13,133.301465,133.440957,133.269918,133.322047,3944716.000000
2014-06-16,134.192610,134.237729,134.149812,134.150632,1205390.000000
2014-06-17,130.380804,130.525917,130.356978,130.446888,2601297.000000
2014-06-18,130.929577,131.101660,130.926858,130.971952,4172628.000000
2014-06-19,131.793448,131.834497,131.688891,131.774381,4834445.000000
2014-06-20,129.833015,129.847284,129.604701,129.784675,3000830.000000
2014-06-23,132.646197,132.711563,132.645285,132.673189,780774.000000
2014-06-24,133.715945,133.716218,133.688328,133.703008,576162.000000
2014-06-25,134.486837,134.555947,134.309789,134.372761,3524055.000000
2014-06-26,134.777742,134.871480,134.758459,134.780756,866067.000000
2014-06-27,134.864419,134.965365,134.743738,134.847724,4513336.000000
2014-06-30,135.201410,135.339818,135.161402,135.227381,1141432.000000
2014-07-01,136.170681,136.220090,136.010951,136.072269,2981479.000000
2014-07-02,133.986850,134.059901,133.856484,133.912251,931217.000000
2014-07-03,133.744669,133.908095,133.735047,133.815783,4766954.000000
2014-07-04,135.129164,135.244962,134.939152,134.985999,3445786.000000
2014-07-07,136.990642,137.167635,136.943911,137.118543,4576817.000000
2014-07-08,136.487168,136.606988,136.321642,136.436717,4358933.000000
2014-07-09,135.298461,135.464036,135.095721,135.344104,4229211.000000
2014-07-10,136.070185,136.146875,135.980436,136.032275,4073158.000000
2014-07-11,136.000909,136.141935,135.765534,136.019317,2331065.000000
2014-07-14,137.725522,137.913888,137.679023,137.690417,1193333.000000
2014-07-15,138.087379,138.186391,137.986829,138.051519,3093108.000000
2014-07-16,136.349228,136.458733,136.169003,136.383983,2986388.000000
2014-07-17,138.449173,138.641701,138.378386,138.504148,1208793.000000
2014-07-18,138.148254,138.277483,138.060001,138.198733,3124637.000000
2014-07-21,139.357476,139.452976,139.212164,139.264845,4606626.000000
2014-07-22,139.188395,139.316315,139.023431,139.285447,4513024.000000
2014-07-23,139.162167,139.262045,139.036193,139.074219,3768884.000000
2014-07-24,139.884960,140.017743,139.804044,139.942758,505258.000000
2014-07-25,139.316597,139.360439,139.237600,139.338473,3878207.000000
2014-07-28,140.483450,140.611996,140.382130,140.449880,1999762.000000
2014-07-29,141.097322,141.140174,140.978163,141.040573,1215837.000000
2014-07-30,139.796138,139.808435,139.754400,139.805634,2825791.000000
2014-07-31,142.325591,142.497303,142.215359,142.350712,4455324.000000
2014-08-01,141.257412,141.373721,141.230943,141.264468,2533591.000000
2014-08-04,141.480889,141.552521,141.422965,141.462164,4752634.000000
2014-08-05,139.248062,139.408730,139.241044,139.257662,3477216.000000
2014-08-06,140.259142,140.366588,140.060528,140.169032,2390248.000000
2014-08-07,140.520236,140.589436,140.359933,140.497177,3799638.000000
2014-08-08,141.239243,141.382887,141.174405,141.264754,4591554.000000
2014-08-11,140.080520,140.214544,139.948437,140.114550,4333415.000000
2014-08-12,140.769217,140.831521,140.602012,140.706353,3927437.000000
2014-08-13,140.727639,140.758795,140.551987,140.695414,1445135.000000
2014-08-14,141.001223,141.170772,140.847916,141.067726,895594.000000
2014-08-15,143.318486,143.410972,143.152836,143.211974,984524.000000
2014-08-18,143.505998,143.639143,143.464594,143.470548,4441201.000000
2014-08-19,147.448468,147.730987,147.387974,147.496035,691702.000000
2014-08-20,146.305174,146.468392,146.216651,146.379860,4410423.000000
2014-08-21,144.729122,144.764744,144.562304,144.739810,835928.000000
2014-08-22,142.996299,143.190009,142.841597,143.054376,2890331.000000
2014-08-25,145.108074,145.173649,144.886397,145.071450,3694468.000000
2014-08-26,144.453609,144.690177,144.311030,144.542021,924139.000000
2014-08-27,145.780627,146.009399,145.457824,145.629671,3114215.000000
2014-08-28,147.090971,147.184077,146.952364,147.026363,4272602.000000
2014-08-29,148.171071,148.257603,148.068583,148.073956,838679.000000
2014-09-01,147.535468,147.635768,147.489538,147.520173,4761224.000000
2014-09-02,145.844399,145.907800,145.838849,145.900649,3900126.000000
2014-09-03,143.794207,143.829341,143.653371,143.823401,1029137.000000
2014-09-04,141.990077,142.254291,141.763676,142.109067,1913272.000000
2014-09-05,145.169385,145.290555,145.140596,145.166263,2730893.000000
2014-09-08,144.727182,144.922920,144.428613,144.649509,1698857.000000
2014-09-09,146.427846,146.561942,146.350785,146.472615,2893062.000000
2014-09-10,148.041669,148.069526,147.951480,148.025654,3978272.000000
2014-09-11,149.694188,149.782679,149.513293,149.683925,3965152.000000
2014-09-12,149.410569,149.517759,149.264025,149.476278,4778804.000000
2014-09-15,148.585680,148.588695,148.237684,148.504466,1530374.000000
2014-09-16,147.871914,147.920430,147.661590,147.748876,1951937.000000
2014-09-17,148.532880,148.563699,148.425217,148.538326,3428188.000000
2014-09-18,148.009912,148.160635,147.934444,148.074898,3479274.000000
2014-09-19,142.445857,142.599131,142.252782,142.393257,2079128.000000
2014-09-22,142.645286,142.815254,142.570354,142.632906,1048909.000000
2014-09-23,142.820273,143.027253,142.596365,142.720643,3141646.000000
2014-09-24,142.839538,142.978687,142.665964,142.774434,2301180.000000
2014-09-25,143.228762,143.306848,143.051708,143.246892,2623906.000000
2014-09-26,143.588839,143.762657,143.436897,143.548266,2450736.000000
2014-09-29,142.415025,142.510135,142.317753,142.492673,2921015.000000
2014-09-30,141.605809,141.627581,141.458418,141.541665,1804963.000000
2014-10-01,143.797637,143.974139,143.699454,143.869136,4531005.000000
2014-10-02,144.124735,144.189495,144.106389,144.171547,4293376.000000
2014-10-03,145.116886,145.217680,145.113802,145.175391,2367492.000000
2014-10-06,147.078917,147.258468,146.920308,147.070241,3229826.000000
2014-10-07,146.785488,146.825437,146.698532,146.817022,3894657.000000
2014-10-08,149.661039,149.794249,149.525045,149.786569,4872855.000000
2014-10-09,151.399059,151.498095,151.290422,151.422483,3550709.000000
2014-10-10,154.138764,154.389755,153.973287,154.201691,532975.000000
2014-10-13,155.596038,155.708050,155.355374,155.549131,623040.000000
2014-10-14,157.203767,157.376417,157.013157,157.232495,1720402.000000
2014-10-15,158.599904,158.865991,158.417490,158.512735,1141800.000000
2014-10-16,158.511013,158.631605,158.436093,158.465792,1100508.000000
2014-10-17,160.101776,160.157261,160.069571,160.120396,1665136.000000
2014-10-20,160.499751,160.604415,160.180554,160.479208,3569956.000000
2014-10-21,162.763351,162.826827,162.626640,162.717218,2192402.000000
2014-10-22,162.074426,162.246743,161.859106,161.941810,4096115.000000
2014-10-23,161.350399,161.356231,161.235870,161.293100,2846496.000000
2014-10-24,162.402166,162.644190,162.304028,162.477150,1463417.000000
2014-10-27,163.979869,164.154506,163.862933,164.050125,2103838.000000
2014-10-28,163.829705,163.964663,163.806895,163.813053,4143277.000000
2014-10-29,162.569757,162.623252,162.273815,162.562233,1872278.000000
2014-10-30,162.944852,162.945108,162.565965,162.804809,2154382.000000
2014-10-31,160.830982,160.944392,160.603165,160.885931,2734508.000000
2014-11-03,163.373961,163.502563,163.333973,163.339823,3587105.000000
2014-11-04,162.344153,162.368841,162.197187,162.306563,1241743.000000
2014-11-05,162.794740,162.959877,162.790699,162.893735,2024874.000000
2014-11-06,162.430091,162.563737,162.371011,162.414635,3977605.000000
2014-11-07,162.642287,162.744168,162.466165,162.536658,843347.000000
2014-11-10,163.243769,163.293805,163.218398,163.239710,3126818.000000
2014-11-11,164.080788,164.235197,163.866487,164.007786,4170091.000000
2014-11-12,164.270035,164.364618,164.181805,164.350021,4578292.000000
2014-11-13,163.866436,163.987557,163.759278,163.897091,742239.000000
2014-11-14,161.501901,161.549225,161.476689,161.490717,771930.000000
2014-11-17,159.523970,159.620305,159.438630,159.469236,3207901.000000
2014-11-18,159.170601,159.317778,159.053483,159.126918,3297618.000000
2014-11-19,162.054617,162.102018,161.917738,162.019897,3706614.000000
2014-11-20,164.383631,164.471407,164.190618,164.439992,1730647.000000
2014-11-21,166.093095,166.214008,165.896228,166.086523,3485142.000000
2014-11-24,168.014427,168.036119,167.944928,167.988614,4455699.000000
2014-11-25,168.465121,168.564671,168.434567,168.460809,1240004.000000
2014-11-26,167.056595,167.086441,166.897197,167.080079,3557717.000000
2014-11-27,165.214256,165.376817,165.168183,165.241495,4971292.000000
2014-11-28,168.275865,168.310700,168.006729,168.087495,4041992.000000
2014-12-01,168.269070,168.451401,168.101104,168.172674,3875660.000000
2014-12-02,170.678795,170.878215,170.594611,170.874717,3310006.000000
2014-12-03,170.457240,170.760192,170.366321,170.590537,3501998.000000
2014-12-04,172.172891,172.393264,172.022696,172.250872,1770674.000000
2014-12-05,170.633077,171.157517,170.575415,170.897436,4529288.000000
2014-12-08,169.885513,169.935727,169.755900,169.849669,636574.000000
2014-12-09,168.422057,168.623164,168.076510,168.217331,4180415.000000
2014-12-10,167.768194,167.965872,167.652984,167.667373,1572664.000000
2014-12-11,166.033369,166.157980,165.926597,166.004742,1488986.000000
2014-12-12,166.656781,166.705454,166.415039,166.583871,807911.000000
2014-12-15,164.714152,164.762540,164.690435,164.737952,4571692.000000
2014-12-16,166.027992,166.071730,165.879604,166.010847,2809160.000000
2014-12-17,165.995841,166.021247,165.808936,165.945386,4416638.000000
2014-12-18,169.908214,170.010531,169.666868,169.803236,1844321.000000
2014-12-19,173.067584,173.101585,173.043058,173.047537,4150112.000000
2014-12-22,173.977023,174.051588,173.866907,173.955758,1987698.000000
2014-12-23,175.756363,176.002843,175.500929,175.690200,743616.000000
2014-12-24,178.165414,178.392615,178.132853,178.163627,1640083.000000
2014-12-25,179.084163,179.209202,179.050304,179.099550,4310123.000000
2014-12-26,178.866792,178.947259,178.707028,178.754952,2097468.000000
2014-12-29,178.212165,178.293520,178.081893,178.178670,2220064.000000
2014-12-30,178.014009,178.150396,177.827791,177.890782,4289761.000000
2014-12-31,173.363010,173.508919,173.270489,173.466488,4322147.000000
2015-01-01,177.915324,178.035386,177.673929,177.935793,1322957.000000
2015-01-02,177.188237,177.334564,177.018554,177.327811,2660975.000000
2015-01-05,174.487346,174.656555,174.437950,174.459127,4199390.000000
2015-01-06,176.149701,176.348085,175.888891,176.088987,1828819.000000
2015-01-07,177.357313,177.642694,177.308363,177.376154,3615463.000000
2015-01-08,175.024609,175.063837,174.925987,174.968522,4075256.000000
2015-01-09,176.364498,176.479836,176.263387,176.384581,2637838.000000
2015-01-12,175.294942,175.343873,175.004118,175.227574,2235768.000000
2015-01-13,172.079227,172.263771,171.954065,172.152920,3181998.000000
2015-01-14,176.025524,176.113270,175.917345,175.965729,4106837.000000
2015-01-15,179.572410,179.655035,179.497449,179.497543,3940893.000000
2015-01-16,181.724210,181.823438,181.491341,181.496523,1372250.000000
2015-01-19,180.736365,180.789525,180.576850,180.711604,3832845.000000
2015-01-20,183.905051,183.984411,183.662049,183.820215,538626.000000
2015-01-21,181.306550,181.315273,181.235232,181.298285,3374080.000000
2015-01-22,178.751487,179.211435,178.709554,178.800207,3268759.000000
2015-01-23,174.792944,174.833167,174.657225,174.739807,2496280.000000
2015-01-26,177.626428,177.766916,177.557842,177.761852,1518573.000000
2015-01-27,179.364341,179.468098,179.194792,179.437289,1864026.000000
2015-01-28,179.980454,180.124152,179.818585,179.953051,3926763.000000
2015-01-29,179.367161,179.569501,179.316422,179.443264,4810966.000000
2015-01-30,179.462409,179.758071,179.440995,179.559856,1330986.000000
2015-02-02,181.077337,181.135078,181.015898,181.043141,1409256.000000
2015-02-03,180.913762,181.035969,180.620008,180.751405,3865776.000000
2015-02-04,182.238043,182.407344,181.894071,182.044166,1033936.000000
2015-02-05,180.056436,180.322652,179.979244,180.151717,3502731.000000
2015-02-06,179.040032,179.128010,178.897969,178.997966,4833933.000000
2015-02-09,178.655266,178.881676,178.518217,178.782277,1625455.000000
2015-02-10,180.532361,180.766624,180.305528,180.609131,4864121.000000
2015-02-11,180.794569,180.941984,180.771836,180.802957,1801442.000000
2015-02-12,181.984510,182.195275,181.842509,181.943774,2961704.000000
2015-02-13,184.540680,184.621537,184.518237,184.521615,3911241.000000
2015-02-16,182.379437,182.455106,182.319883,182.427429,4954526.000000
2015-02-17,183.345304,183.350276,183.181227,183.295394,3408503.000000
2015-02-18,182.247279,182.405085,181.866871,182.074362,3431835.000000
2015-02-19,182.069868,182.177402,181.899421,182.084475,4767034.000000
2015-02-20,183.438035,183.548337,183.222591,183.388805,2834568.000000
2015-02-23,184.293956,184.658306,184.145302,184.399352,3990331.000000
2015-02-24,187.463417,187.638346,187.345082,187.360761,4470816.000000
2015-02-25,189.141163,189.153008,188.962387,189.080324,1199102.000000
2015-02-26,187.335821,187.508069,187.213596,187.324490,1193430.000000
2015-02-27,188.765970,188.871131,188.246806,188.589862,4855126.000000
2015-03-02,187.476408,187.649213,187.400808,187.411739,661977.000000
2015-03-03,189.699290,189.803462,189.642764,189.799460,3788269.000000
2015-03-04,189.075261,189.440744,189.058554,189.214294,1299966.000000
2015-03-05,190.400984,190.515262,190.347238,190.421931,4550680.000000
2015-03-06,191.743776,191.947335,191.497948,191.687160,2324909.000000
2015-03-09,193.785766,193.950871,193.554495,193.704143,1113713.000000
2015-03-10,194.260600,194.442390,194.012152,194.086275,3591579.000000
2015-03-11,194.983606,195.093815,194.965038,194.976052,657433.000000
2015-03-12,194.163070,194.202473,194.064498,194.174664,2434045.000000
2015-03-13,195.991544,196.234466,195.928095,196.075038,3395787.000000
2015-03-16,195.020315,195.036093,194.759458,195.017710,1232796.000000
2015-03-17,197.728547,197.862434,197.650559,197.682579,3681288.000000
2015-03-18,196.441831,196.588848,196.200753,196.527583,2411387.000000
2015-03-19,193.869451,193.898067,193.744554,193.815461,2751357.000000
2015-03-20,192.911876,193.099014,192.837880,193.072478,4039639.000000
2015-03-23,196.400861,196.474955,196.240601,196.318750,3204470.000000
2015-03-24,195.864980,195.967643,195.711204,195.947197,2291544.000000
2015-03-25,198.612789,199.017577,198.576348,198.582607,1823526.000000
2015-03-26,197.680243,197.846548,197.494623,197.781989,721033.000000
2015-03-27,196.999103,197.167581,196.819091,197.166164,1914317.000000
2015-03-30,196.141650,196.376410,195.793676,196.202270,4178220.000000
2015-03-31,192.774488,193.108540,192.645696,192.837930,1621972.000000
2015-04-01,190.337572,190.375541,190.200488,190.202915,2743276.000000
2015-04-02,190.572916,190.904644,190.487713,190.582173,4718634.000000
2015-04-03,190.175362,190.198711,189.861345,190.052135,2018283.000000
2015-04-06,189.804794,189.919877,189.652420,189.735275,3893640.000000
2015-04-07,187.269715,187.285525,187.145069,187.282409,2202773.000000
2015-04-08,190.239266,190.372582,190.087037,190.304701,1067280.000000
2015-04-09,189.080408,189.183334,188.957255,189.112164,2010268.000000
2015-04-10,189.173452,189.382471,189.082291,189.353250,792165.000000
2015-04-13,191.102599,191.360031,191.042376,191.215341,2537340.000000
2015-04-14,189.028613,189.118345,188.893842,188.978696,4072718.000000
2015-04-15,186.959019,187.035713,186.916205,186.964390,1901322.000000
2015-04-16,187.253273,187.343732,187.129584,187.194547,3775129.000000
2015-04-17,187.063928,187.178039,187.039687,187.090322,2789103.000000
2015-04-20,187.884708,188.123314,187.733005,187.865763,1426696.000000
2015-04-21,187.515639,187.904121,187.438116,187.714663,3450491.000000
2015-04-22,186.962166,187.155044,186.850961,187.086950,3895475.000000
2015-04-23,186.093572,186.101368,185.696534,186.014558,1483335.000000
2015-04-24,184.806882,184.859663,184.791030,184.808380,2710784.000000
2015-04-27,185.483978,185.826254,185.437011,185.664854,4410996.000000
2015-04-28,186.370407,186.666551,186.206751,186.502942,623900.000000
2015-04-29,186.572825,186.732144,186.426521,186.456217,4386821.000000
2015-04-30,188.614226,189.026161,188.459537,188.601850,2687793.000000
2015-05-01,187.039766,187.296878,186.982675,187.130648,4007495.000000
2015-05-04,186.609335,186.893434,186.445402,186.578019,1840630.000000
2015-05-05,183.655161,183.732343,183.633529,183.662422,3452286.000000
2015-05-06,184.696220,184.955758,184.340256,184.606550,4919287.000000
2015-05-07,185.264969,185.287234,185.082520,185.128975,4882616.000000
2015-05-08,186.820763,186.867329,186.720595,186.819428,2823457.000000
2015-05-11,186.482639,186.691774,186.397758,186.427418,4507342.000000
2015-05-12,183.883921,184.076798,183.649137,183.795396,1712936.000000
2015-05-13,183.694725,183.889430,183.481690,183.733552,813555.000000
2015-05-14,183.068473,183.111122,182.968013,182.974623,2761208.000000
2015-05-15,182.158484,182.343075,182.028582,182.169453,2919452.000000
2015-05-18,181.909645,182.189112,181.809804,182.039938,3661402.000000
2015-05-19,179.663008,179.725078,179.388781,179.604283,3380028.000000
2015-05-20,180.309907,180.480920,180.264455,180.472293,3284288.000000
2015-05-21,179.066089,179.148389,178.958406,179.020163,1179398.000000
2015-05-22,179.489125,179.516048,179.398301,179.514950,801766.000000
2015-05-25,179.621473,179.689798,179.450400,179.660347,3987295.000000
2015-05-26,179.209372,179.469372,179.170907,179.352453,3037263.000000
2015-05-27,180.419079,180.719866,180.210151,180.563129,2011558.000000
2015-05-28,183.671992,184.076915,183.578094,183.914468,3053811.000000
2015-05-29,183.847310,183.939149,183.710210,183.871920,2930960.000000
2015-06-01,184.803310,185.209096,184.557666,184.941035,4574189.000000
2015-06-02,186.366299,186.385895,186.354964,186.367844,4031071.000000
2015-06-03,187.914493,188.110582,187.705066,187.959139,2796293.000000
2015-06-04,189.249021,189.454679,189.047172,189.101783,1588705.000000
2015-06-05,193.501907,193.667908,193.233037,193.462289,1497727.000000
2015-06-08,195.667263,196.041685,195.629026,195.761886,3495784.000000
2015-06-09,195.989962,196.070097,195.813170,195.938825,2944377.000000
2015-06-10,197.359571,197.397825,197.182632,197.261487,1910856.000000
2015-06-11,198.097257,198.221996,197.990939,198.076822,4609488.000000
2015-06-12,197.071482,197.277801,196.684952,197.070058,968865.000000
2015-06-15,197.835727,197.872301,197.673220,197.840298,1012901.000000
2015-06-16,197.299677,197.341246,197.169092,197.197560,3308640.000000
2015-06-17,195.499920,195.671295,195.310599,195.510695,1143246.000000
2015-06-18,197.863827,198.040662,197.572115,197.932286,4177681.000000
2015-06-19,195.919744,195.981330,195.632422,195.795865,3390667.000000
2015-06-22,194.884383,195.373289,194.675130,194.728090,3373181.000000
2015-06-23,197.009988,197.101521,196.807197,196.942888,4176096.000000
2015-06-24,195.941715,195.988246,195.734184,195.872645,1545175.000000
2015-06-25,195.962220,196.259614,195.911300,196.020974,3495251.000000
2015-06-26,199.192442,199.429829,199.000431,199.234576,2044849.000000
2015-06-29,200.781966,200.941438,200.686889,200.738048,1366027.000000
2015-06-30,202.852704,202.864282,202.692653,202.786538,4962208.000000
2015-07-01,199.914039,200.043347,199.676653,199.838875,2342445.000000
2015-07-02,200.990373,201.022838,200.792407,200.887839,3301382.000000
2015-07-03,199.909472,200.157725,199.909460,199.934848,4255132.000000
2015-07-06,201.604468,201.966902,201.435908,201.637904,2379008.000000
2015-07-07,202.812623,202.872522,202.642434,202.769783,4997116.000000
2015-07-08,199.900281,200.240871,199.860561,200.074527,1469953.000000
2015-07-09,201.775999,201.964856,201.674514,201.851458,2774405.000000
2015-07-10,204.610721,204.859701,204.575241,204.839396,3980634.000000
2015-07-13,204.911525,204.954834,204.686556,204.803461,1162606.000000
2015-07-14,203.783423,203.919418,203.682142,203.917255,4053605.000000
2015-07-15,202.157758,202.223875,202.031694,202.193127,4998188.000000
2015-07-16,202.345689,202.567889,202.219249,202.421426,3290925.000000
2015-07-17,202.135708,202.227629,201.899519,201.991787,2368709.000000
2015-07-20,202.603142,202.926773,202.583085,202.807116,2048888.000000
2015-07-21,202.030551,202.267820,201.819989,202.044020,1069106.000000
2015-07-22,202.677498,202.950580,202.666074,202.715563,4014575.000000
2015-07-23,200.482964,200.647073,200.479342,200.542902,3764407.000000
2015-07-24,200.177831,200.305098,199.874921,200.157549,4083724.000000
2015-07-27,200.022395,200.173160,200.018629,200.104266,4614589.000000
2015-07-28,199.460044,199.824607,199.268194,199.375969,4671670.000000
2015-07-29,198.761981,199.095753,198.593558,198.975468,2370269.000000
2015-07-30,203.179985,203.277448,203.072933,203.174975,2315294.000000
2015-07-31,206.265796,206.591355,206.097918,206.415030,3767683.000000
2015-08-03,209.820191,209.823566,209.701633,209.761861,2927515.000000
2015-08-04,208.329831,208.368918,208.224996,208.300498,2640925.000000
2015-08-05,206.997284,207.245735,206.849454,207.007509,2195974.000000
2015-08-06,208.953439,209.171671,208.933102,208.991806,4991307.000000
2015-08-07,210.020152,210.269544,209.987793,210.030978,1607975.000000
2015-08-10,211.294274,211.360256,211.031079,211.185122,3899747.000000
2015-08-11,211.218249,211.500203,211.064288,211.098228,2439388.000000
2015-08-12,212.111840,212.116006,212.044640,212.091636,1460447.000000
2015-08-13,215.577787,215.833979,215.469346,215.637788,4751775.000000
2015-08-14,216.898120,217.065384,216.848506,216.991915,2180074.000000
2015-08-17,215.827664,216.161933,215.668335,215.786017,641367.000000
2015-08-18,212.015420,212.126799,211.803947,211.980639,3437437.000000
2015-08-19,212.665062,212.707986,212.274735,212.577982,2586520.000000
2015-08-20,212.149666,212.251930,212.001686,212.040351,2347971.000000
2015-08-21,208.035721,208.094681,207.848451,208.001208,3841544.000000
2015-08-24,206.846259,207.097749,206.661150,207.001814,4198149.000000
2015-08-25,206.949192,207.182742,206.875079,207.074809,3977883.000000
2015-08-26,206.912278,207.033653,206.804096,206.979625,4001049.000000
2015-08-27,210.984534,211.045765,210.652014,210.852232,2316074.000000
2015-08-28,209.023059,209.096925,208.956464,209.053968,3487401.000000
2015-08-31,208.204689,208.523981,207.956082,208.383603,3518661.000000
2015-09-01,209.146629,209.291143,208.887335,209.109190,880812.000000
2015-09-02,212.150079,212.180702,212.007761,212.082712,4626325.000000
2015-09-03,215.699347,215.873081,215.671952,215.708293,3719037.000000
2015-09-04,218.178767,218.319056,217.847944,218.248478,3966926.000000
2015-09-07,217.055853,217.117102,216.908685,216.999740,3230931.000000
2015-09-08,220.896959,220.946103,220.713496,220.912431,3181152.000000
2015-09-09,221.547453,221.726874,221.356422,221.623786,2616251.000000
2015-09-10,217.291042,217.418541,217.003970,217.037741,3684477.000000
2015-09-11,216.406064,216.767979,216.341360,216.580625,3263178.000000
2015-09-14,217.275613,217.320784,217.137669,217.286805,1473810.000000
2015-09-15,221.454152,221.651890,221.185167,221.498425,1534364.000000
2015-09-16,218.566359,218.794618,218.352239,218.490157,4249373.000000
2015-09-17,220.051662,220.309596,219.882613,220.044977,3443468.000000
2015-09-18,220.005005,220.278427,219.802636,220.039578,840266.000000
2015-09-21,220.731678,221.102431,220.572272,220.615850,906421.000000
2015-09-22,218.740038,218.935080,218.413359,218.767532,4923939.000000
2015-09-23,221.953370,222.378877,221.894096,222.163190,1039091.000000
2015-09-24,223.376294,223.614749,223.247391,223.413182,544684.000000
2015-09-25,222.735609,223.014062,222.481196,222.919213,2157174.000000
2015-09-28,224.972805,225.387675,224.950806,225.169185,2633917.000000
2015-09-29,228.214468,228.522313,228.132316,228.230801,3963614.000000
2015-09-30,229.443377,229.623531,229.252381,229.460428,717014.000000
2015-10-01,228.725090,228.941864,228.561317,228.792313,4021310.000000
2015-10-02,226.496002,226.647942,226.317530,226.466650,2451679.000000
2015-10-05,230.715016,230.774991,230.417225,230.563407,2820814.000000
2015-10-06,229.337763,229.379835,229.095149,229.286513,563879.000000
2015-10-07,227.940321,227.971803,227.439818,227.793933,2948822.000000
2015-10-08,226.949230,227.213524,226.810680,226.926763,3328564.000000
2015-10-09,223.881600,224.119324,223.810364,223.976488,3237264.000000
2015-10-12,224.725682,224.818299,224.217944,224.598648,4630641.000000
2015-10-13,228.802537,228.950590,228.743423,228.851050,2085506.000000
2015-10-14,226.538389,226.742950,226.330335,226.712677,1864969.000000
2015-10-15,226.069411,226.463268,225.881120,226.060463,4057707.000000
2015-10-16,221.528003,221.767132,221.278993,221.680623,947614.000000
2015-10-19,225.465185,225.758779,225.378724,225.390983,3618701.000000
2015-10-20,226.308605,226.773383,226.251386,226.542469,3080063.000000
2015-10-21,227.579056,227.801281,227.448578,227.680342,1444807.000000
2015-10-22,230.253783,230.436686,230.230543,230.281732,893072.000000
2015-10-23,227.581088,227.690297,227.389519,227.579625,4715242.000000
2015-10-26,227.826228,228.019923,227.735487,227.780319,2760779.000000
2015-10-27,227.326057,227.388837,227.105608,227.350847,4248568.000000
2015-10-28,223.720277,223.899101,223.695500,223.750878,2167650.000000
2015-10-29,219.433437,219.722783,219.341088,219.448728,1099490.000000
2015-10-30,219.322455,219.557231,219.057904,219.282406,4059180.000000
2015-11-02,219.410939,219.567267,219.153711,219.200799,2349624.000000
2015-11-03,221.077373,221.311847,221.020209,221.139184,3095364.000000
2015-11-04,217.551201,217.667829,217.353720,217.445400,2387550.000000
2015-11-05,218.243381,218.410989,218.039370,218.358851,1537786.000000
2015-11-06,216.719343,216.814121,216.437643,216.560842,564615.000000
2015-11-09,212.699830,212.968619,212.633294,212.729084,1747589.000000
2015-11-10,215.859006,216.270692,215.336611,215.807376,3568079.000000
2015-11-11,215.040069,215.193794,214.951533,215.121364,2217989.000000
2015-11-12,214.229856,214.277114,214.068485,214.211170,1706299.000000
2015-11-13,216.582151,216.729642,216.421827,216.429216,2888486.000000
2015-11-16,216.385075,216.597627,216.298269,216.445715,2670057.000000
2015-11-17,217.525261,217.978162,217.481482,217.606903,3305873.000000
2015-11-18,217.736417,217.838589,217.620927,217.706645,4691495.000000
2015-11-19,220.369040,220.414880,220.081836,220.249470,2649084.000000
2015-11-20,220.837608,220.900756,220.607742,220.891633,723921.000000
2015-11-23,223.337310,223.673577,223.107138,223.573134,4722415.000000
2015-11-24,222.301465,222.777449,222.273701,222.619186,4117081.000000
2015-11-25,223.917902,223.985581,223.799151,223.906342,645782.000000
2015-11-26,228.622111,228.756969,228.507656,228.611386,3852133.000000
2015-11-27,225.835862,225.893033,225.664277,225.711151,3427338.000000
2015-11-30,227.029757,227.597022,226.739317,227.228314,3754653.000000
2015-12-01,226.793228,227.077014,226.791796,226.954286,2914302.000000
2015-12-02,227.737033,227.962531,227.627947,227.693196,1696933.000000
2015-12-03,224.351599,224.668109,224.296909,224.318386,3630031.000000
2015-12-04,223.296936,223.595852,223.110017,223.462297,3809590.000000
2015-12-07,224.854356,225.135987,224.651926,224.872983,1389323.000000
2015-12-08,227.969221,227.989830,227.697235,227.843017,2053215.000000
2015-12-09,229.183516,229.472715,229.066344,229.230008,3683399.000000
2015-12-10,232.269725,232.327364,231.953724,232.324653,4649802.000000
2015-12-11,239.438738,239.659708,239.309219,239.644540,3555848.000000
2015-12-14,239.103245,239.178799,238.975978,239.011544,1230897.000000
2015-12-15,240.912158,241.040317,240.895204,241.027412,4387995.000000
2015-12-16,244.805863,244.960798,244.673896,244.682521,2008311.000000
2015-12-17,242.624010,242.983250,242.231036,242.646103,677702.000000
2015-12-18,241.008395,241.191354,240.853213,240.935111,1266848.000000
2015-12-21,239.595965,239.735817,239.058902,239.497013,1150512.000000
2015-12-22,237.646539,237.916625,237.312021,237.559519,3228281.000000
2015-12-23,239.148030,239.494102,238.997427,239.124024,3607197.000000
2015-12-24,238.792365,238.799525,238.600688,238.737012,2241497.000000
2015-12-25,238.034381,238.351277,237.808334,237.955491,3436903.000000
2015-12-28,233.304848,233.689518,233.255425,233.618465,3592812.000000
2015-12-29,230.142222,230.398981,229.977307,230.094116,3285282.000000
2015-12-30,230.942384,231.069865,230.843832,231.048891,774280.000000
2015-12-31,234.418537,234.754543,234.319328,234.540476,3161388.000000
2016-01-01,233.570530,233.673781,233.521391,233.604348,1543489.000000
2016-01-04,230.101213,230.188226,230.085160,230.151046,4712658.000000
2016-01-05,231.266097,231.432615,230.745635,231.306597,1271303.000000
2016-01-06,228.486788,228.587650,228.221724,228.267393,3469377.000000
2016-01-07,227.608753,228.020167,227.573359,227.888903,2392231.000000
2016-01-08,234.041944,234.185281,233.764120,234.068562,3362541.000000
2016-01-11,235.343803,235.365896,235.170280,235.171363,4398479.000000
2016-01-12,231.705685,231.911838,231.672749,231.781115,3471614.000000
2016-01-13,233.510733,233.614499,233.215245,233.271528,609225.000000
2016-01-14,236.037713,236.205409,236.018125,236.179819,3744052.000000
2016-01-15,237.408078,237.784130,237.386675,237.396951,1526613.000000
2016-01-18,241.528202,241.726229,241.280337,241.598498,2050817.000000
2016-01-19,238.199625,238.448637,238.160472,238.278079,2854256.000000
2016-01-20,239.789030,239.864483,239.594568,239.685315,1778611.000000
2016-01-21,238.567780,238.817801,238.034319,238.664864,2201477.000000
2016-01-22,233.398813,233.542004,233.223354,233.296950,2898870.000000
2016-01-25,229.798466,229.883462,229.661591,229.680617,3838069.000000
2016-01-26,227.272337,227.445474,227.006269,227.255599,2221635.000000
2016-01-27,228.129966,228.370382,228.103420,228.231615,4691904.000000
2016-01-28,232.002831,232.018873,231.615157,231.924118,4996215.000000
2016-01-29,230.675111,230.736128,230.632796,230.707005,1016284.000000
2016-02-01,230.738701,231.236341,230.694119,230.909166,2728974.000000
2016-02-02,233.310064,233.392546,233.211588,233.365651,4082143.000000
2016-02-03,230.439545,230.465752,230.390442,230.448547,3798405.000000
2016-02-04,230.092198,230.270768,230.043769,230.126828,1815322.000000
2016-02-05,232.748586,232.822313,232.443190,232.767060,2669226.000000
2016-02-08,231.009818,231.083306,230.930941,231.011229,3776328.000000
2016-02-09,230.394531,230.561164,230.161184,230.455218,2596618.000000
2016-02-10,231.249179,231.757632,231.034557,231.419913,2275091.000000
2016-02-11,231.117039,231.492162,230.932680,231.292208,4014851.000000
2016-02-12,230.930812,230.972821,230.749690,230.892720,3333688.000000
2016-02-15,230.876207,231.262144,230.646554,230.933740,1100696.000000
2016-02-16,228.227998,228.334501,228.090517,228.235360,4738445.000000
2016-02-17,232.353230,232.391931,232.073633,232.176483,3598545.000000
2016-02-18,229.826073,229.844029,229.637798,229.760082,1849583.000000
2016-02-19,231.122484,231.720954,230.955037,231.230376,4759846.000000
2016-02-22,232.592850,232.765414,232.451501,232.655428,2383872.000000
2016-02-23,230.889591,230.946650,230.803796,230.809086,2408255.000000
2016-02-24,230.718542,230.992149,230.574403,230.889481,667358.000000
2016-02-25,231.989778,232.251514,231.910323,232.107527,2763306.000000
2016-02-26,230.992891,231.215005,230.673540,231.189887,3400125.000000
2016-02-29,234.369161,234.516923,234.120726,234.242305,2966563.000000
2016-03-01,236.094022,236.312547,235.895907,236.041089,3840529.000000
2016-03-02,236.084053,236.240674,236.072822,236.148305,3946626.000000
2016-03-03,235.858671,236.292001,235.690577,236.002654,2272868.000000
2016-03-04,238.555941,238.658639,238.342801,238.468219,688438.000000
2016-03-07,237.294962,237.573797,237.057117,237.140988,2673277.000000
2016-03-08,241.089522,241.139031,240.873859,241.090252,4643854.000000
2016-03-09,242.336587,242.349278,242.278985,242.280367,1772982.000000
2016-03-10,240.773665,241.041463,240.677664,240.887707,2262795.000000
2016-03-11,242.426360,242.646809,242.321256,242.592988,3945530.000000
2016-03-14,244.161132,244.526101,243.790407,244.060222,4343230.000000
2016-03-15,248.127057,248.184322,247.991397,248.039935,637825.000000
2016-03-16,252.121571,252.471995,251.856287,252.105806,3392264.000000
2016-03-17,253.980210,254.392849,253.868835,253.941321,2433464.000000
2016-03-18,251.764121,252.285622,251.588832,251.790258,2073895.000000
2016-03-21,258.174403,258.581913,258.019543,258.134502,3735098.000000
2016-03-22,262.029956,262.177185,261.347645,261.805143,1771740.000000
2016-03-23,257.497976,257.560168,257.353190,257.374320,2732603.000000
2016-03-24,258.647780,258.749817,258.612893,258.693695,4819617.000000
2016-03-25,255.391020,255.634641,255.287259,255.556949,4403624.000000
2016-03-28,258.989271,259.065228,258.644864,259.051611,3398730.000000
2016-03-29,261.002895,261.791708,260.796620,261.243402,4620645.000000
2016-03-30,257.878164,258.089736,257.493606,257.810825,4251772.000000
2016-03-31,261.072928,261.153184,260.868433,260.948081,2392256.000000
2016-04-01,263.044462,263.612109,262.706761,263.325261,3415629.000000
2016-04-04,263.404851,263.612823,263.264336,263.345751,1005908.000000
2016-04-05,264.774891,265.320994,264.419460,264.686690,792646.000000
2016-04-06,263.715544,263.889265,263.523864,263.645828,3740176.000000
2016-04-07,264.598894,264.937838,264.209126,264.510299,2332193.000000
2016-04-08,260.728491,260.887241,260.544164,260.727994,4070148.000000
2016-04-11,262.140681,262.339605,262.063332,262.184742,1929554.000000
2016-04-12,267.229538,267.296560,266.874988,267.272388,4507234.000000
2016-04-13,265.395408,265.647194,265.304612,265.591042,1388633.000000
2016-04-14,263.471043,263.869939,263.345805,263.665441,4627360.000000
2016-04-15,264.550249,264.617333,264.424868,264.607221,2187927.000000
2016-04-18,259.452070,259.870464,259.021829,259.275295,1532818.000000
2016-04-19,256.015630,256.353025,255.660686,256.083793,675878.000000
2016-04-20,256.676963,257.170218,256.324219,256.921923,3193434.000000
2016-04-21,256.822460,257.073521,256.550627,256.637790,1260241.000000
2016-04-22,254.801324,255.077254,254.785491,254.944619,4419582.000000
2016-04-25,253.657988,253.706293,253.493815,253.635911,930729.000000
2016-04-26,252.182244,252.413844,251.850130,252.259273,665244.000000
2016-04-27,246.756186,246.837621,246.433923,246.702270,1373282.000000
2016-04-28,246.626127,247.075557,246.607487,246.902374,3912476.000000
2016-04-29,247.969546,248.063682,247.904693,248.040870,1293674.000000
2016-05-02,245.960720,245.991214,245.860985,245.957354,4971181.000000
2016-05-03,247.106129,247.246823,246.594993,246.843596,1193074.000000
2016-05-04,238.458273,238.782712,238.318047,238.600341,610493.000000
2016-05-05,236.832863,236.850035,236.482549,236.678622,3609372.000000
2016-05-06,237.344450,237.357182,237.087389,237.246867,1084086.000000
2016-05-09,236.089545,236.235898,235.911360,236.037240,1344719.000000
2016-05-10,236.749434,237.348734,236.565733,236.789452,2598383.000000
2016-05-11,239.178580,239.217366,238.834513,238.887131,931519.000000
2016-05-12,235.852337,236.094290,235.562297,235.732593,2543100.000000
2016-05-13,230.231324,230.352060,230.063549,230.189563,1541593.000000
2016-05-16,230.653356,231.112759,230.481834,230.654826,4840552.000000
2016-05-17,233.298123,233.571676,233.115402,233.282284,2482296.000000
2016-05-18,234.783840,234.803442,234.564479,234.642230,2056658.000000
2016-05-19,230.862413,230.864972,230.558029,230.850381,2223938.000000
2016-05-20,229.702804,230.222027,229.432776,229.845738,806206.000000
2016-05-23,233.393356,233.759281,233.169421,233.294974,4420897.000000
2016-05-24,228.300436,228.537359,228.207876,228.398363,3640398.000000
2016-05-25,230.795717,230.995657,230.660046,230.909133,3298945.000000
2016-05-26,230.162384,230.226246,229.909606,230.129265,899720.000000
2016-05-27,227.619626,227.730784,227.593392,227.646888,4998051.000000
2016-05-30,227.645705,228.130157,227.279249,227.524320,4982065.000000
2016-05-31,225.403480,225.556646,225.237359,225.365354,1689096.000000
2016-06-01,225.709661,226.149572,225.559949,225.836822,1370575.000000
2016-06-02,224.385514,224.560687,224.344983,224.414230,913091.000000
2016-06-03,224.613422,224.694966,224.318996,224.514664,4576333.000000
2016-06-06,220.273411,220.327353,220.152269,220.237305,2791426.000000
2016-06-07,224.159066,224.207097,224.001526,224.091990,4798897.000000
2016-06-08,225.725214,225.783101,225.625143,225.648360,4419602.000000
2016-06-09,227.304273,227.387727,226.970365,227.133937,841704.000000
2016-06-10,227.224290,227.495203,226.998136,227.046302,2297806.000000
2016-06-13,225.728267,225.772681,225.576752,225.764496,1681903.000000
2016-06-14,225.717342,225.953607,225.413983,225.926224,2209695.000000
2016-06-15,225.042218,225.132461,225.018730,225.095881,4315735.000000
2016-06-16,222.923925,223.401628,222.863714,223.199966,4208078.000000
2016-06-17,224.680195,224.864229,224.427351,224.653755,3196660.000000
2016-06-20,228.578730,228.857689,228.392533,228.652182,4246617.000000
2016-06-21,227.950286,228.197919,227.871514,227.997425,4822507.000000
2016-06-22,228.504701,228.559982,228.328852,228.441048,3604859.000000
2016-06-23,228.884348,228.996587,228.718272,228.737986,1805017.000000
2016-06-24,227.516037,227.573826,227.337116,227.549817,2021760.000000
2016-06-27,230.369376,230.452571,230.265336,230.379711,4604533.000000
2016-06-28,231.670001,231.738003,231.447040,231.586648,3570733.000000
2016-06-29,232.737706,232.865710,232.476413,232.701114,1430900.000000
2016-06-30,235.345482,235.558567,235.271390,235.281818,2784775.000000
2016-07-01,232.983341,233.101808,232.860478,232.871305,538864.000000
2016-07-04,231.830336,231.895260,231.679886,231.799521,3103860.000000
2016-07-05,230.369309,230.405750,230.354896,230.390799,1702480.000000
2016-07-06,232.173977,232.222387,232.089169,232.160287,4665774.000000
2016-07-07,231.665149,231.879805,231.422598,231.851312,2245200.000000
2016-07-08,233.458355,233.532043,233.030009,233.381834,2422849.000000
2016-07-11,235.487149,235.634920,235.288022,235.405914,2567530.000000
2016-07-12,236.411908,236.563475,236.381318,236.502701,3666278.000000
2016-07-13,237.526358,237.586331,237.309383,237.560372,3433961.000000
2016-07-14,234.645050,234.750291,234.520934,234.674066,1528350.000000
2016-07-15,237.420386,237.735754,237.220644,237.501271,566030.000000
2016-07-18,237.849233,237.917551,237.744911,237.831257,2123436.000000
2016-07-19,236.960792,237.134187,236.827428,237.113957,2488103.000000
2016-07-20,235.288829,235.733187,235.105730,235.336976,4743767.000000
2016-07-21,236.083912,236.098621,235.765739,236.085406,4318129.000000
2016-07-22,234.608799,234.648470,234.331972,234.617692,2057950.000000
2016-07-25,232.035968,232.098984,231.735949,231.792410,2716633.000000
2016-07-26,229.309062,229.523398,229.244736,229.456166,3846783.000000
2016-07-27,230.553297,230.605871,230.505774,230.547085,3391697.000000
2016-07-28,229.312298,229.389673,229.146165,229.375797,500237.000000
2016-07-29,229.170416,229.294355,228.688846,228.757550,3623029.000000
2016-08-01,231.072742,231.170525,230.887298,231.058612,2628983.000000
2016-08-02,230.643369,230.853692,230.408686,230.562661,533376.000000
2016-08-03,226.507534,226.783689,226.070923,226.634786,981549.000000
2016-08-04,227.780183,227.905586,227.647729,227.724514,2659297.000000
2016-08-05,226.067458,226.177792,225.891070,226.047248,559162.000000
2016-08-08,223.565030,224.141719,223.178574,223.853526,1524260.000000
2016-08-09,229.835353,230.045733,229.719845,229.877601,3621517.000000
2016-08-10,232.145752,232.657714,231.796421,232.400020,2345068.000000
2016-08-11,231.209200,231.575831,231.150259,231.404873,1278107.000000
2016-08-12,234.353957,234.558289,234.210123,234.223026,1472520.000000
2016-08-15,238.920858,239.167520,238.561986,238.858171,1962381.000000
2016-08-16,234.413588,234.552014,234.323201,234.397813,4132636.000000
2016-08-17,235.884526,236.066555,235.697022,235.896455,757725.000000
2016-08-18,236.500489,236.747529,236.396541,236.407807,4166729.000000
2016-08-19,232.493278,232.507995,232.422697,232.497190,3550329.000000
2016-08-22,231.698473,231.949864,231.569073,231.832706,636213.000000
2016-08-23,236.601078,236.782796,236.523637,236.698780,1686001.000000
2016-08-24,236.601255,236.968180,236.584960,236.676141,4403064.000000
2016-08-25,237.362387,237.526375,237.172460,237.243795,4864843.000000
2016-08-26,241.352625,241.406021,241.116128,241.183117,2795744.000000
2016-08-29,239.625451,239.664594,239.412749,239.661568,3041940.000000
2016-08-30,239.048795,239.313772,238.846850,238.997765,2444796.000000
2016-08-31,237.268880,237.519783,236.906279,237.212577,4707745.000000
2016-09-01,243.896294,244.220008,243.599559,243.960647,1146977.000000
2016-09-02,243.799042,244.041735,243.643871,243.824115,3887051.000000
2016-09-05,246.917450,247.401397,246.908415,247.076516,4442487.000000
2016-09-06,251.587091,251.612125,251.098941,251.422365,3728196.000000
2016-09-07,252.791629,252.956527,252.563885,252.570085,1828025.000000
2016-09-08,247.461550,247.682342,247.354934,247.621638,1500106.000000
2016-09-09,250.234449,250.320689,250.017909,250.190913,2661614.000000
2016-09-12,251.660705,251.791073,251.484687,251.716223,957462.000000
2016-09-13,251.025838,251.211407,250.804602,250.965712,1353130.000000
2016-09-14,253.602879,253.700405,253.564249,253.586901,4802628.000000
2016-09-15,251.934690,252.197936,251.615284,251.865661,2554669.000000
2016-09-16,250.174610,250.306389,250.046139,250.134683,926380.000000
2016-09-19,251.584784,252.052825,251.577820,251.714729,3195462.000000
2016-09-20,252.405200,252.464140,252.372439,252.404301,1723297.000000
2016-09-21,251.972760,252.126550,251.969005,252.036237,3768168.000000
2016-09-22,251.172871,251.608027,250.956115,251.156637,1730975.000000
2016-09-23,250.458257,250.787306,250.292260,250.642428,4524431.000000
2016-09-26,251.582329,251.893437,251.373914,251.814280,2246796.000000
2016-09-27,256.763940,256.783507,256.552795,256.695931,1684245.000000
2016-09-28,257.981512,258.009746,257.793630,257.917078,3158693.000000
2016-09-29,257.140926,257.374733,256.687711,256.826762,914541.000000
2016-09-30,258.418977,258.433126,258.223767,258.414305,2122833.000000
2016-10-03,258.941747,259.162911,258.739431,258.808199,2351662.000000
2016-10-04,258.988112,259.421028,258.770944,259.129046,505491.000000
2016-10-05,260.239406,260.460651,260.085809,260.134532,3120768.000000
2016-10-06,266.000614,266.219619,265.847045,266.148321,3762494.000000
2016-10-07,266.011462,266.087630,265.336797,265.769485,3385476.000000
2016-10-10,261.488627,261.797336,261.460054,261.575070,751829.000000
2016-10-11,260.454655,260.511318,260.177657,260.483981,1814325.000000
2016-10-12,254.229283,254.513137,254.031946,254.261972,4139772.000000
2016-10-13,250.937955,251.186234,250.822393,250.988850,3668963.000000
2016-10-14,253.934358,254.434467,253.897924,254.008344,1482762.000000
2016-10-17,255.240961,255.499773,255.231542,255.362986,787805.000000
2016-10-18,258.631506,258.786851,258.430308,258.520554,4421702.000000
2016-10-19,259.687361,259.801010,259.618382,259.758684,4065755.000000
2016-10-20,261.326980,261.610015,260.962977,261.109663,3640524.000000
2016-10-21,259.895032,260.009685,259.866486,259.873560,3779546.000000
2016-10-24,262.669194,262.894813,262.304562,262.807960,3247581.000000
2016-10-25,265.662463,265.764165,265.639801,265.732314,1144813.000000
2016-10-26,266.093170,266.580334,265.973402,266.435618,2604260.000000
2016-10-27,274.972766,275.205145,274.862941,274.911636,1720964.000000
2016-10-28,273.783722,273.898937,273.553192,273.736956,1339897.000000
2016-10-31,272.171725,272.224215,272.156142,272.177790,1786777.000000
2016-11-01,268.122714,268.222938,267.952584,268.058041,3451938.000000
2016-11-02,265.880380,266.501800,265.406150,265.709056,4759167.000000
2016-11-03,268.752173,268.772949,268.378817,268.684870,3351356.000000
2016-11-04,273.501389,273.734006,273.347957,273.492949,2716654.000000
2016-11-07,274.175020,274.278327,273.801198,273.907303,583464.000000
2016-11-08,273.860155,274.177243,273.676784,274.063173,4967054.000000
2016-11-09,272.007110,272.167348,271.957810,271.971513,4988277.000000
2016-11-10,272.353560,272.905850,272.253834,272.364873,4342820.000000
2016-11-11,274.620982,274.947917,274.539146,274.828532,2040029.000000
2016-11-14,273.476785,273.511746,273.003451,273.455111,2012756.000000
2016-11-15,274.043017,274.238279,273.948452,274.098684,783858.000000
2016-11-16,275.525773,275.632728,275.326682,275.515266,2825039.000000
2016-11-17,274.941265,275.144136,274.851563,274.876282,520372.000000
2016-11-18,279.084695,279.389961,279.012906,279.140602,4072195.000000
2016-11-21,274.081654,274.300903,273.962130,274.138805,4371982.000000
2016-11-22,274.548263,274.839441,274.249511,274.542416,3523853.000000
2016-11-23,272.133850,272.189216,272.037607,272.117203,4276151.000000
2016-11-24,273.732953,274.101529,273.631690,273.678776,1933912.000000
2016-11-25,275.042422,275.520336,274.805935,275.232050,3593047.000000
2016-11-28,279.608222,279.959985,279.468406,279.507354,2387068.000000
2016-11-29,282.253037,282.600968,282.003207,282.230815,4604380.000000
2016-11-30,287.234675,287.515085,286.729301,286.911574,3177553.000000
2016-12-01,284.404279,284.508558,283.939828,284.221136,2238746.000000
2016-12-02,285.706691,286.108595,285.566775,285.918472,1282226.000000
2016-12-05,288.882839,288.934714,288.323472,288.664352,1590669.000000
2016-12-06,293.170406,293.319310,292.889611,293.060400,4517380.000000
2016-12-07,296.343185,296.447778,296.070962,296.240348,4430097.000000
2016-12-08,296.475629,296.729428,296.193053,296.621809,4180254.000000
2016-12-09,300.128308,300.254820,299.821342,300.203194,4920016.000000
2016-12-12,299.808298,300.440536,299.779424,299.904564,4740058.000000
2016-12-13,298.811612,299.062568,298.325363,298.531972,1641973.000000
2016-12-14,298.017058,298.177191,297.712799,298.138712,4754477.000000
2016-12-15,296.250896,296.283089,295.811841,296.027532,643246.000000
2016-12-16,295.808487,296.212791,295.759518,296.021212,1066642.000000
2016-12-19,294.907118,295.042437,294.795607,294.992550,3239089.000000
2016-12-20,296.256290,296.522959,295.767873,296.170917,3210956.000000
2016-12-21,299.608632,299.801740,299.156816,299.353690,515157.000000
2016-12-22,298.081557,298.293230,297.888882,298.194154,2607339.000000
2016-12-23,300.091290,300.194370,299.967975,300.120781,1629225.000000
2016-12-26,304.501301,304.611839,304.343085,304.598593,3297592.000000
2016-12-27,300.704038,301.099375,300.674422,300.880100,1265239.000000
2016-12-28,301.395511,301.411019,301.346461,301.362787,3902050.000000
2016-12-29,300.469680,300.683177,300.424776,300.457519,3675206.000000
2016-12-30,297.591728,298.446875,297.380531,297.564310,4843308.000000
2017-01-02,298.241154,298.539184,298.129719,298.265782,3134586.000000
2017-01-03,298.213931,298.769638,298.057725,298.677906,2460890.000000
2017-01-04,299.233132,299.473384,299.232607,299.281654,718052.000000
2017-01-05,310.502336,310.692890,310.147810,310.342885,600675.000000
2017-01-06,312.187024,312.700584,312.118785,312.317861,3390605.000000
2017-01-09,316.207987,316.738130,315.976644,316.382121,3501361.000000
2017-01-10,316.959848,317.171280,316.773463,317.126640,1809154.000000
2017-01-11,316.996012,317.112672,316.675624,317.031447,3695936.000000
2017-01-12,312.687431,312.830213,312.259416,312.674224,1426375.000000
2017-01-13,318.880238,318.898986,318.632562,318.663270,547323.000000
2017-01-16,321.017332,321.030919,320.818407,321.011914,4474270.000000
2017-01-17,321.900343,321.996331,321.542246,321.759515,1858680.000000
2017-01-18,321.436679,321.808065,321.401539,321.568019,2264900.000000
2017-01-19,319.129977,319.336735,318.988163,319.054625,2645341.000000
2017-01-20,324.470075,324.598222,324.366435,324.565338,3056638.000000
2017-01-23,326.269052,326.485293,326.022170,326.207344,2895431.000000
2017-01-24,325.399933,325.663402,325.170551,325.352217,2758261.000000
2017-01-25,323.103829,323.137990,322.796898,323.014499,1370280.000000
2017-01-26,329.222795,329.526572,328.851107,329.243194,1409904.000000
2017-01-27,331.594979,331.651522,331.490373,331.555522,1231906.000000
2017-01-30,330.753198,330.759260,330.595117,330.658150,1485042.000000
2017-01-31,325.160100,325.226619,324.612702,324.920629,2885401.000000
2017-02-01,320.368496,320.478153,320.275391,320.433538,2140724.000000
2017-02-02,322.673471,323.087038,322.482236,322.512395,1401676.000000
2017-02-03,317.350967,317.583540,317.350077,317.422203,4016656.000000
2017-02-06,317.307423,317.369422,317.297753,317.337234,2989554.000000
2017-02-07,317.337866,317.993303,316.989064,317.368844,3173954.000000
2017-02-08,322.238515,322.540232,321.582582,321.961534,2932175.000000
2017-02-09,315.629261,315.635107,315.545865,315.612556,3499619.000000
2017-02-10,312.866812,313.379035,312.693688,312.799997,1969892.000000
2017-02-13,315.187456,315.693933,314.996771,315.281248,1117922.000000
2017-02-14,316.623911,316.758154,316.073470,316.666035,3844153.000000
2017-02-15,320.883418,320.931455,320.391008,320.540335,2019759.000000
2017-02-16,319.116531,320.048872,318.950263,319.251168,4221151.000000
2017-02-17,326.397851,326.633182,326.277258,326.623960,4087281.000000
2017-02-20,327.273561,327.483799,327.241274,327.347521,4189419.000000
2017-02-21,330.934045,331.011455,330.673088,330.905665,2874432.000000
2017-02-22,331.099794,331.154260,330.797038,330.858997,2394182.000000
2017-02-23,333.771774,334.052414,333.615340,334.036343,761278.000000
2017-02-24,334.906553,335.201558,334.795268,334.991546,1149535.000000
2017-02-27,333.235547,333.351685,332.756754,333.287276,3729912.000000
2017-02-28,332.542281,332.917750,332.171726,332.280302,634595.000000
2017-03-01,331.833334,332.060846,331.405315,331.531158,4252105.000000
2017-03-02,333.974826,334.331233,333.793888,333.903577,4886556.000000
2017-03-03,334.946030,335.107654,334.583673,334.756195,1098450.000000
2017-03-06,336.126206,336.304347,336.095241,336.236107,3233720.000000
2017-03-07,333.494260,333.575930,333.149388,333.458374,3363211.000000
2017-03-08,331.884169,332.275976,331.748995,331.957292,4920223.000000
2017-03-09,332.494888,332.571708,332.103235,332.329603,3789752.000000
2017-03-10,332.398074,332.620221,332.240934,332.603568,622905.000000
2017-03-13,328.873776,328.906602,328.687306,328.846053,851654.000000
2017-03-14,331.879281,332.413842,331.166956,332.308604,1089682.000000
2017-03-15,334.302979,334.404471,333.863250,334.315502,1070009.000000
2017-03-16,338.913915,339.110069,338.366446,338.791265,1729494.000000
2017-03-17,335.315936,335.886648,335.140193,335.552344,1616366.000000
2017-03-20,336.627924,337.159986,336.559276,336.679101,3988912.000000
2017-03-21,333.656307,333.744341,333.442408,333.657775,2057504.000000
2017-03-22,332.351049,332.575535,332.327701,332.412298,2392169.000000
2017-03-23,332.615641,332.743399,332.604141,332.614716,4837327.000000
2017-03-24,339.128434,339.301920,339.097527,339.110977,1007260.000000
2017-03-27,338.331713,338.390569,338.097929,338.175834,2565907.000000
2017-03-28,341.032292,341.202823,340.581024,340.987184,1185634.000000
2017-03-29,343.141432,343.321083,342.902121,343.022590,4803433.000000
2017-03-30,342.351982,342.808434,342.331505,342.451998,3630963.000000
2017-03-31,340.365972,340.583285,340.325018,340.515430,3211426.000000
2017-04-03,344.114544,344.617051,343.893933,344.153007,2858028.000000
2017-04-04,342.741394,342.946600,342.277322,342.563790,4073615.000000
2017-04-05,341.261570,341.515274,341.021871,341.404300,3581099.000000
2017-04-06,345.352415,345.664640,345.115685,345.267569,3943069.000000
2017-04-07,349.530138,349.829746,349.206191,349.426308,910394.000000
2017-04-10,349.757322,350.319622,349.535377,350.200234,798570.000000
2017-04-11,346.970223,347.247422,346.941797,346.996435,1257536.000000
2017-04-12,348.204288,348.361490,347.788860,348.277877,3941315.000000
2017-04-13,345.442075,345.480955,345.298386,345.444587,2441388.000000
2017-04-14,345.431310,345.452038,345.359999,345.441010,1949282.000000
2017-04-17,343.334986,343.475272,343.307284,343.467661,1386773.000000
2017-04-18,345.982128,346.259972,345.628204,345.891986,4583868.000000
2017-04-19,346.577446,346.835315,346.524425,346.589366,1068266.000000
2017-04-20,349.418268,349.621820,349.213576,349.535984,3161715.000000
2017-04-21,352.513981,352.921851,352.482295,352.634724,4977060.000000
2017-04-24,352.558560,352.721461,352.460092,352.657085,3643974.000000
2017-04-25,356.805577,356.819110,356.306288,356.642865,1706305.000000
2017-04-26,350.458403,350.518109,350.081240,350.203473,2226232.000000
2017-04-27,347.782376,348.130947,347.189270,347.444659,819502.000000
2017-04-28,354.080343,354.404657,353.908120,354.336628,1288527.000000
2017-05-01,351.685501,352.236620,351.283427,351.326275,1447586.000000
2017-05-02,347.532720,347.676210,347.480542,347.672523,2505867.000000
2017-05-03,345.308258,345.452147,344.753295,345.174916,757934.000000
2017-05-04,348.855985,349.005023,348.725919,348.872225,4009131.000000
2017-05-05,346.146909,346.508230,346.000059,346.161576,2341847.000000
2017-05-08,347.555335,348.429928,347.472977,347.857989,1724767.000000
2017-05-09,348.281140,348.489905,347.934098,347.997875,4746895.000000
2017-05-10,346.502884,347.076450,346.036972,346.598786,2402297.000000
2017-05-11,344.219034,344.639448,343.849518,343.856610,769460.000000
2017-05-12,343.803958,343.888837,343.588431,343.660238,544478.000000
2017-05-15,347.663693,348.119096,347.638142,347.857351,3142516.000000
2017-05-16,354.135916,354.725477,353.878488,354.233320,3422319.000000
2017-05-17,355.143964,355.261242,355.000256,355.118751,4238480.000000
2017-05-18,351.127559,351.464607,351.081767,351.222716,2338004.000000
2017-05-19,347.104762,347.433725,346.916655,347.139171,4401295.000000
2017-05-22,351.775761,352.116555,351.490335,351.898961,2338401.000000
2017-05-23,348.344067,348.350796,347.877000,348.035115,844132.000000
2017-05-24,340.322526,341.078945,340.283209,340.615666,3531432.000000
2017-05-25,346.831171,346.902916,346.594480,346.684068,3547633.000000
2017-05-26,351.362668,351.891371,351.181219,351.464931,1647736.000000
2017-05-29,346.238010,346.399149,346.038088,346.065405,4480926.000000
2017-05-30,347.164056,347.561923,347.111155,347.400776,502572.000000
2017-05-31,344.469501,344.755975,344.129792,344.501592,3369692.000000
2017-06-01,351.265237,352.056893,351.031738,351.166307,1453363.000000
2017-06-02,351.812100,352.156517,351.723034,351.813900,2851500.000000
2017-06-05,349.164940,349.288230,349.028889,349.201509,1139021.000000
2017-06-06,357.553831,357.711035,357.397460,357.562102,1135534.000000
2017-06-07,361.288354,361.452098,360.979458,361.184397,1183983.000000
2017-06-08,358.503589,358.905201,358.120538,358.761100,4662755.000000
2017-06-09,354.469298,354.765100,354.077048,354.674678,1871230.000000
2017-06-12,348.970653,349.130710,348.680015,348.999655,846311.000000
2017-06-13,350.833672,351.305436,350.564524,350.725949,2502419.000000
2017-06-14,351.919106,352.358778,351.866351,352.165550,2967185.000000
2017-06-15,348.469930,348.493484,348.429635,348.471421,2068193.000000
2017-06-16,350.550717,351.148969,350.253552,350.547763,3852074.000000
2017-06-19,356.485717,356.759990,356.417824,356.659387,3459885.000000
2017-06-20,359.747682,359.752592,359.529250,359.556018,3751868.000000
2017-06-21,355.121872,355.198319,354.830890,355.160091,2858834.000000
2017-06-22,354.465686,354.944668,354.160412,354.586594,1104843.000000
2017-06-23,355.899270,356.074878,355.758642,356.025586,2850367.000000
2017-06-26,355.812335,356.127927,355.610553,355.671847,3494515.000000
2017-06-27,356.194293,356.655542,356.135021,356.301050,1559699.000000
2017-06-28,359.262179,359.715833,358.831894,359.196606,2240964.000000
2017-06-29,354.593189,354.745045,354.290436,354.563388,4022765.000000
2017-06-30,349.875840,350.064445,349.506293,349.697237,2665090.000000
2017-07-03,353.172337,353.286462,352.897910,353.058209,3256746.000000
2017-07-04,349.495076,349.844144,349.478934,349.679220,3030991.000000
2017-07-05,352.087984,352.553041,351.480293,352.409490,4561248.000000
2017-07-06,351.142823,351.328534,350.980066,351.270577,2507208.000000
2017-07-07,353.043150,353.225975,352.845160,352.978500,2280086.000000
2017-07-10,353.925887,354.121417,353.577261,354.111635,1783174.000000
2017-07-11,348.827241,349.094126,348.792458,348.913219,4436748.000000
2017-07-12,351.334256,351.459957,351.027793,351.235435,1616570.000000
2017-07-13,358.311427,358.480733,358.100313,358.429088,714230.000000
2017-07-14,356.755074,356.905352,356.068269,356.454249,2739007.000000
2017-07-17,363.809908,363.823857,363.629635,363.789036,4703736.000000
2017-07-18,363.689425,363.968744,363.505552,363.731332,2383181.000000
2017-07-19,362.236453,362.696964,362.083328,362.400052,4091218.000000
2017-07-20,365.111583,365.139845,365.071982,365.119808,4020336.000000
2017-07-21,358.761670,359.267412,358.688288,358.876950,2571515.000000
2017-07-24,354.468393,354.988894,354.466550,354.838823,1736986.000000
2017-07-25,357.229223,357.363618,356.797467,356.964202,3248852.000000
2017-07-26,357.572996,357.578857,357.173164,357.325452,4014566.000000
2017-07-27,360.999727,361.118637,360.653955,361.100043,810142.000000
2017-07-28,364.405910,364.604647,364.042316,364.354913,4729074.000000
2017-07-31,362.532687,363.083135,362.194730,362.669783,3396575.000000
2017-08-01,364.825082,365.094503,364.723329,364.848411,3506779.000000
2017-08-02,359.977451,360.071968,359.455671,360.058967,819898.000000
2017-08-03,362.819931,363.264413,362.804350,362.916852,3512196.000000
2017-08-04,356.643401,357.430683,356.631461,356.729819,4361163.000000
2017-08-07,353.049399,353.078472,352.663350,352.849945,4306360.000000
2017-08-08,355.959656,355.991035,355.751886,355.776612,2372910.000000
2017-08-09,358.878064,359.152713,358.743184,358.966912,3867968.000000
2017-08-10,359.687523,359.782472,359.105325,359.626020,1134583.000000
2017-08-11,359.165839,359.330318,358.799817,359.023049,1824155.000000
2017-08-14,362.741883,363.046427,362.512886,362.631517,1248468.000000
2017-08-15,366.199052,366.657121,366.121007,366.366034,4219539.000000
2017-08-16,365.930500,366.705083,365.855681,366.319099,1690218.000000
2017-08-17,372.754688,372.762039,372.370026,372.376810,2621187.000000
2017-08-18,374.645838,374.788083,374.578513,374.647435,2357595.000000
2017-08-21,383.906536,384.614812,383.528105,383.533192,2232789.000000
2017-08-22,382.852006,383.031423,382.431587,382.644182,4510341.000000
2017-08-23,385.698052,385.975466,385.440777,385.737487,2432285.000000
2017-08-24,389.016051,389.232733,388.774290,388.945241,4146658.000000
2017-08-25,394.411332,394.892277,394.175434,394.253852,4818727.000000
2017-08-28,393.823374,393.981937,393.326459,393.639471,4696060.000000
2017-08-29,401.849892,402.113715,400.918282,401.642052,4263071.000000
2017-08-30,399.186323,399.375082,398.859936,399.374107,2183516.000000
2017-08-31,397.777833,398.110643,397.371580,398.099388,1412815.000000
2017-09-01,402.084284,402.176582,401.782007,401.939636,624619.000000
2017-09-04,407.913509,408.319301,407.665630,407.712806,827151.000000
2017-09-05,408.478048,409.067976,407.547017,409.048852,4551023.000000
2017-09-06,398.194511,398.348569,398.099350,398.099694,3447266.000000
2017-09-07,403.400126,403.683723,403.115698,403.348756,3371185.000000
2017-09-08,406.596146,406.674975,406.532135,406.607320,2895405.000000
2017-09-11,403.810717,404.012486,403.263427,403.855844,4605298.000000
2017-09-12,404.051248,404.786889,403.827578,404.384802,2382692.000000
2017-09-13,406.118372,406.823029,406.085813,406.351027,1493806.000000
2017-09-14,413.874466,413.947407,413.772330,413.885035,4149268.000000
2017-09-15,417.581782,417.732583,417.517913,417.689650,2789902.000000
2017-09-18,415.712891,416.065317,415.511685,415.609188,4919825.000000
2017-09-19,414.584312,415.171334,414.152357,414.305781,3631383.000000
2017-09-20,409.922181,410.018376,409.689075,409.824235,3251549.000000
2017-09-21,411.370473,411.523724,411.237744,411.311421,4184775.000000
2017-09-22,411.276228,411.480389,410.866417,411.207746,2733828.000000
2017-09-25,400.445507,400.445799,400.189070,400.424461,3060520.000000
2017-09-26,396.820622,397.149914,396.778617,396.846400,2824985.000000
2017-09-27,393.585580,393.891220,392.724732,392.980505,813601.000000
2017-09-28,390.416415,390.900654,390.311047,390.757326,2857288.000000
2017-09-29,392.374718,392.690197,392.183929,392.485606,1957177.000000
2017-10-02,398.478347,399.085892,398.114072,398.255726,4304884.000000
2017-10-03,400.476388,400.989506,400.365903,400.499731,4649569.000000
2017-10-04,398.638054,398.770331,398.541672,398.632309,1375369.000000
2017-10-05,391.441254,391.608721,391.195321,391.521919,548220.000000
2017-10-06,389.215605,389.697464,389.103507,389.425292,1133900.000000
2017-10-09,385.057338,385.113179,384.588666,384.828020,3664697.000000
2017-10-10,382.009884,382.200254,381.286592,381.644178,3383172.000000
2017-10-11,381.480611,382.124602,381.369133,381.553786,870921.000000
2017-10-12,378.391616,378.547647,377.860021,378.046659,560715.000000
2017-10-13,388.428512,388.919133,388.092696,388.121978,2464249.000000
2017-10-16,379.856034,380.395628,379.534608,379.683163,4008509.000000
2017-10-17,378.626793,378.651540,378.472841,378.502723,4123347.000000
2017-10-18,379.663484,379.684596,379.066796,379.606616,2932364.000000
2017-10-19,378.676864,379.178299,378.141092,378.422590,2593752.000000
2017-10-20,377.660572,377.723222,377.294319,377.692149,2245604.000000
2017-10-23,376.438943,376.534014,376.146838,376.328518,918407.000000
2017-10-24,372.187566,372.362170,372.150935,372.227170,4867375.000000
2017-10-25,377.285858,377.858979,377.041299,377.635182,4177411.000000
2017-10-26,382.673319,383.013676,382.362724,382.799082,4603599.000000
2017-10-27,380.316817,380.538223,379.921130,380.440766,1853960.000000
2017-10-30,379.768402,379.942589,379.643609,379.926583,988380.000000
2017-10-31,380.473935,380.751929,379.975481,380.369169,3017825.000000
2017-11-01,386.007718,386.101872,385.807040,385.840540,2894569.000000
2017-11-02,381.663047,381.993054,381.363848,381.720565,2731569.000000
2017-11-03,377.218108,377.397911,376.777256,377.264205,2667067.000000
2017-11-06,382.524386,382.859456,382.493344,382.773794,2054970.000000
2017-11-07,388.323830,388.686121,387.866839,388.036372,3762765.000000
2017-11-08,385.079892,385.297965,385.044255,385.141502,4373269.000000
2017-11-09,386.206203,386.251368,385.472155,385.947212,3790850.000000
2017-11-10,389.256759,389.753724,388.909429,389.504826,2653377.000000
2017-11-13,392.138988,392.457737,392.043456,392.221794,2774615.000000
2017-11-14,393.736480,393.859402,393.623086,393.719689,2200904.000000
2017-11-15,396.414720,396.782249,396.288012,396.470322,2996338.000000
2017-11-16,399.182960,399.287771,399.134102,399.267717,4309682.000000
2017-11-17,400.795034,401.181066,400.685971,400.797132,773454.000000
2017-11-20,402.963210,403.110199,402.638675,402.743786,3427818.000000
2017-11-21,393.071121,393.593530,392.697071,393.092210,2115179.000000
2017-11-22,391.619472,391.879356,391.229433,391.751326,882736.000000
2017-11-23,398.706161,399.169370,398.424383,398.576133,4892489.000000
2017-11-24,396.992381,397.033684,396.687869,396.828042,3213981.000000
2017-11-27,390.874108,391.302568,390.700714,391.049399,4148606.000000
2017-11-28,388.214898,388.754280,387.816547,388.536248,4433934.000000
2017-11-29,392.842168,393.076418,392.419887,392.714457,655222.000000
2017-11-30,400.974005,401.184288,400.681095,400.910244,1387791.000000
2017-12-01,402.368267,402.673132,401.761020,402.660248,901174.000000
2017-12-04,413.901556,414.393306,413.493455,413.957815,4953750.000000
2017-12-05,411.237029,411.290239,410.309930,410.718221,4476423.000000
2017-12-06,412.871561,413.041328,412.709646,412.894458,2417163.000000
2017-12-07,410.226171,410.263656,410.068769,410.150959,4543773.000000
2017-12-08,410.829594,410.971008,410.612615,410.828869,1717962.000000
2017-12-11,417.747997,417.890145,417.395318,417.554616,4890790.000000
2017-12-12,420.406751,421.314134,419.760160,420.888058,2747289.000000
2017-12-13,413.895084,414.244583,413.811672,413.951570,4212040.000000
2017-12-14,415.163299,415.764244,414.998391,415.167132,1802401.000000
2017-12-15,420.954793,420.959349,420.881568,420.948340,4742856.000000
2017-12-18,424.203844,424.767300,423.893144,424.312053,819843.000000
2017-12-19,429.415406,429.782785,428.963849,429.451581,2907666.000000
2017-12-20,434.434964,435.440060,434.058361,434.703355,917141.000000
2017-12-21,438.061290,438.256555,437.406614,438.193934,550142.000000
2017-12-22,430.407941,430.606571,429.823366,430.290021,753254.000000
2017-12-25,431.329850,431.447713,430.254973,431.399635,3884857.000000
2017-12-26,432.527964,433.007081,431.870212,432.676317,868612.000000
2017-12-27,433.994784,434.357362,433.635214,434.054205,722184.000000
2017-12-28,433.743102,434.075255,433.634528,433.925581,1580322.000000
2017-12-29,434.511339,435.174165,434.446812,434.771888,2495864.000000
2018-01-01,436.668659,437.441944,436.405538,436.782093,2052644.000000
2018-01-02,431.678595,432.428684,431.469879,431.505097,3971923.000000
2018-01-03,440.132040,440.234553,439.674860,440.145549,3329663.000000
2018-01-04,433.685352,434.562023,433.624106,433.833482,3985810.000000
2018-01-05,430.997567,431.270127,430.515365,430.926784,1339038.000000
2018-01-08,421.072965,421.381113,420.840945,421.258649,1450398.000000
2018-01-09,416.641076,416.807101,416.422145,416.476251,2806283.000000
2018-01-10,415.851547,416.018567,415.581909,415.720045,4195653.000000
2018-01-11,414.345786,414.494061,414.233461,414.409103,3093070.000000
2018-01-12,404.690805,405.445284,404.662986,404.884906,516398.000000
2018-01-15,405.877996,406.423314,405.631324,406.160210,3888306.000000
2018-01-16,405.417333,405.847906,404.972781,405.035000,3001358.000000
2018-01-17,396.692222,397.215436,396.432966,396.948781,4118699.000000
2018-01-18,406.637612,406.642234,405.989003,406.333911,1342589.000000
2018-01-19,407.756474,407.929634,407.366084,407.794872,3372273.000000
2018-01-22,402.528831,402.572080,401.926473,402.276516,2326487.000000
2018-01-23,400.651965,400.957855,400.480884,400.609635,4243764.000000
2018-01-24,404.703752,405.119172,404.394586,405.050852,4310353.000000
2018-01-25,401.714606,402.295071,401.315671,401.930917,2636255.000000
2018-01-26,402.596305,403.444767,402.444098,402.459916,2001618.000000
2018-01-29,400.305304,400.317502,399.834882,400.309634,1189771.000000
2018-01-30,396.152746,396.377707,395.709459,396.245830,2958945.000000
2018-01-31,399.337502,399.763382,398.990372,399.384860,3704463.000000
2018-02-01,396.118859,396.208613,396.091882,396.190918,4876916.000000
2018-02-02,396.015777,396.298257,395.985180,396.097739,2530430.000000
2018-02-05,398.379813,398.518246,398.300685,398.500065,4680997.000000
2018-02-06,399.355443,399.596021,399.314255,399.549357,2412330.000000
2018-02-07,402.262562,402.617649,402.122358,402.179308,2172647.000000
2018-02-08,404.545043,404.634535,404.071913,404.199316,4362255.000000
2018-02-09,406.466280,406.737670,405.727621,406.484996,4052920.000000
2018-02-12,404.903955,405.192869,404.899105,405.090225,3779999.000000
2018-02-13,405.505836,406.002066,405.246035,405.613393,2139620.000000
2018-02-14,407.160374,407.700217,406.772010,407.144836,4157259.000000
2018-02-15,411.898668,412.054955,411.024727,411.598277,3920807.000000
2018-02-16,417.670944,417.980097,417.022268,417.323078,3134853.000000
2018-02-19,413.598702,414.024466,413.335307,413.903009,4953128.000000
2018-02-20,416.547318,416.642876,416.443462,416.491410,2132831.000000
2018-02-21,421.218832,421.404118,420.799202,421.305832,903961.000000
2018-02-22,432.751087,432.756748,431.533765,432.552925,1743274.000000
2018-02-23,437.706171,437.790097,437.450073,437.722344,1870972.000000
2018-02-26,445.190851,445.629789,444.869298,445.218515,4051049.000000
2018-02-27,446.194449,446.934020,445.854020,446.100924,1388656.000000
2018-02-28,443.120844,443.236561,442.594837,442.916957,2861487.000000
2018-03-01,439.023508,439.215740,438.677596,439.017600,3273842.000000
2018-03-02,436.841007,437.034473,436.768082,436.924846,2276198.000000
2018-03-05,434.927203,435.123773,434.765725,434.774645,1638342.000000
2018-03-06,434.805266,435.447779,434.636291,434.708767,1006904.000000
2018-03-07,434.735611,434.778151,433.953348,434.305442,2686807.000000
2018-03-08,435.879098,436.204198,435.316776,435.467704,2322576.000000
2018-03-09,438.884613,439.241194,438.720041,438.905449,2301973.000000
2018-03-12,442.322807,442.778364,442.280018,442.632255,4055843.000000
2018-03-13,443.331191,443.386796,442.540868,443.255015,4681292.000000
2018-03-14,446.828583,446.900661,446.013525,446.450037,1403690.000000
2018-03-15,439.887262,440.201958,439.595704,439.779451,4011488.000000
2018-03-16,433.760145,434.298064,433.414899,433.771088,3772326.000000
2018-03-19,437.091221,437.283409,436.728040,436.865914,1636013.000000
2018-03-20,434.619024,435.005777,434.258380,434.448874,2815244.000000
2018-03-21,440.186520,440.777927,440.029541,440.174126,3345877.000000
2018-03-22,437.034449,437.054639,436.954361,436.993093,2733269.000000
2018-03-23,439.736700,440.199053,439.654798,440.114968,4958744.000000
2018-03-26,429.322496,429.779015,429.237453,429.359038,4516367.000000
2018-03-27,432.356671,432.475694,431.854890,432.230090,2288489.000000
2018-03-28,432.641986,432.659100,432.207575,432.609767,2022995.000000
2018-03-29,433.776276,434.601793,433.471442,433.966785,988155.000000
2018-03-30,425.699596,426.030502,425.539761,425.672082,838821.000000
2018-04-02,421.314854,421.985435,420.772194,421.694584,3196816.000000
2018-04-03,422.649403,422.757124,422.459267,422.619010,4849595.000000
2018-04-04,415.089899,415.664204,414.941056,415.317100,1079168.000000
2018-04-05,407.629333,408.269637,407.237592,407.470867,3222700.000000
2018-04-06,408.166273,408.289915,407.943813,408.154353,1049592.000000
2018-04-09,399.205826,399.324188,398.497161,398.933830,2944685.000000
2018-04-10,403.585404,404.006647,403.019531,403.378183,4034100.000000
2018-04-11,404.010745,404.212778,403.549436,404.169336,4771423.000000
2018-04-12,404.593261,405.123290,404.417652,404.655884,1370552.000000
2018-04-13,404.732885,404.856966,404.677631,404.745623,4685919.000000
2018-04-16,410.292127,410.653191,409.816613,410.145092,3225219.000000
2018-04-17,406.894721,407.218376,406.442861,406.757648,3059567.000000
2018-04-18,410.304709,411.036707,409.854074,410.280245,2004311.000000
2018-04-19,405.977411,406.660336,405.964108,406.367089,3030834.000000
2018-04-20,407.102851,407.694432,406.987429,407.174684,3729216.000000
2018-04-23,407.833839,408.317545,407.238794,407.720250,1021524.000000
2018-04-24,408.103272,408.369695,407.795215,408.077648,4874806.000000
2018-04-25,406.238541,406.573639,406.201466,406.457440,3833313.000000
2018-04-26,408.111667,408.847085,407.781196,407.887571,1626267.000000
2018-04-27,403.036522,403.940133,402.987280,403.562084,1220174.000000
2018-04-30,405.906555,405.921351,405.858687,405.911073,1772474.000000
2018-05-01,412.431090,412.673539,412.353891,412.382597,3106134.000000
2018-05-02,409.244241,409.576384,408.855557,409.175585,4376686.000000
2018-05-03,407.802798,408.057854,407.323346,407.383924,2912362.000000
2018-05-04,408.261796,408.740002,408.251060,408.552280,3209462.000000
2018-05-07,405.507213,405.673529,405.414712,405.548855,4016663.000000
2018-05-08,405.061720,405.588138,404.453989,405.235478,1574848.000000
2018-05-09,405.216145,405.557407,404.901765,405.397805,3491452.000000
2018-05-10,409.919877,410.176394,409.888177,410.090762,3049088.000000
2018-05-11,408.454839,408.557101,408.245274,408.470434,4891096.000000
2018-05-14,405.264014,406.096974,405.057466,405.422808,2613327.000000
2018-05-15,405.570588,405.751204,405.323653,405.495074,4861722.000000
2018-05-16,401.058235,401.252620,400.891821,401.237569,1780572.000000
2018-05-17,402.233080,402.398868,401.950441,402.368158,2287092.000000
2018-05-18,394.907773,394.922277,394.238023,394.571383,1754044.000000
2018-05-21,394.692651,395.201960,394.380886,394.768469,1607899.000000
2018-05-22,390.640371,391.198549,390.225890,390.377509,4988722.000000
2018-05-23,392.619662,393.417302,392.302547,392.756111,1807174.000000
2018-05-24,396.680029,396.843190,396.636090,396.708767,3443233.000000
2018-05-25,398.356621,398.946686,398.123573,398.592320,3486546.000000
2018-05-28,404.194669,404.873641,404.114065,404.285794,3790709.000000
2018-05-29,395.183152,395.614356,395.046659,395.330325,925213.000000
2018-05-30,396.329305,396.637812,396.282453,396.536865,3129953.000000
2018-05-31,395.941633,396.651627,395.747123,395.761157,810390.000000
2018-06-01,394.977496,395.093804,394.305671,395.047426,803075.000000
2018-06-04,400.078902,400.190528,399.974385,400.179081,4297312.000000
2018-06-05,398.439886,398.593262,398.331812,398.494888,731699.000000
2018-06-06,398.359984,399.147349,398.332899,398.725477,1953086.000000
2018-06-07,396.273633,396.449799,395.894518,396.029647,2170941.000000
2018-06-08,396.377806,396.733595,396.227062,396.430208,3088945.000000
2018-06-11,400.526783,400.945714,400.319156,400.876576,4246982.000000
2018-06-12,398.241386,398.551479,398.189625,398.270295,3030889.000000
2018-06-13,395.582803,395.600465,395.083311,395.471246,942683.000000
2018-06-14,396.960963,397.221492,396.642525,397.169007,2634924.000000
2018-06-15,395.726965,395.830686,395.318123,395.561042,2554765.000000
2018-06-18,397.039956,397.043082,396.708446,396.826158,2795533.000000
2018-06-19,401.360083,401.911254,400.723752,401.518733,2698679.000000
2018-06-20,403.310245,403.756621,403.103075,403.183220,2274910.000000
2018-06-21,401.918713,402.434668,401.769129,401.932954,1211041.000000
2018-06-22,399.416607,399.506127,398.699562,399.394823,2874821.000000
2018-06-25,400.482368,400.643933,400.379961,400.571905,2619648.000000
2018-06-26,401.265080,401.550355,401.235805,401.382341,1638757.000000
2018-06-27,401.893805,402.488386,401.740503,402.317961,2215743.000000
2018-06-28,399.887473,400.308931,399.175423,399.746204,2751997.000000
2018-06-29,392.333328,392.338066,391.400185,391.895539,2405605.000000
2018-07-02,391.497431,391.719552,390.987843,391.473973,3834709.000000
2018-07-03,390.131482,390.486710,389.830336,389.877168,1246086.000000
2018-07-04,384.295847,384.921050,383.676188,384.000533,2325986.000000
2018-07-05,384.579030,385.062792,384.187341,384.518485,3952094.000000
2018-07-06,395.352544,395.425044,394.617365,395.298013,4805287.000000
2018-07-09,400.923303,401.054261,400.471864,400.987747,2551760.000000
2018-07-10,399.356496,399.600391,398.967627,399.308048,2217104.000000
2018-07-11,412.174259,412.436668,412.057691,412.203323,2749189.000000
2018-07-12,414.133855,414.505377,414.020037,414.246899,4621402.000000
2018-07-13,411.138245,411.409587,410.958079,411.288042,1045763.000000
2018-07-16,413.785125,413.847655,413.520493,413.783881,1664462.000000
2018-07-17,415.716078,416.133688,415.387211,415.469056,4271660.000000
2018-07-18,421.438960,421.677689,420.912763,421.073633,805628.000000
2018-07-19,423.584032,423.795307,423.204946,423.645764,1385320.000000
2018-07-20,426.574116,427.340067,426.203613,426.775660,2612872.000000
2018-07-23,429.732056,429.912472,429.636642,429.666183,2125919.000000
2018-07-24,426.116779,426.346753,425.470539,425.914383,4847627.000000
2018-07-25,424.380432,424.969681,424.010964,424.707493,2660340.000000
2018-07-26,424.788483,425.735646,424.466512,425.231596,3435357.000000
2018-07-27,425.884098,426.111435,425.469375,425.758604,1109412.000000
2018-07-30,424.139567,424.669548,423.995396,424.472011,3765631.000000
2018-07-31,430.143263,430.556236,429.783374,430.043374,1257467.000000
2018-08-01,430.713700,430.971233,430.626531,430.803550,3058219.000000
2018-08-02,430.877115,431.853744,430.751437,431.353215,1624160.000000
2018-08-03,427.513564,427.808475,427.223609,427.745776,3661655.000000
2018-08-06,424.972171,425.248012,424.478033,425.063180,4720041.000000
2018-08-07,419.522450,419.697945,419.476174,419.617858,1187177.000000
2018-08-08,423.600050,423.748995,423.248303,423.693813,1039883.000000
2018-08-09,420.211932,420.335562,419.889327,420.289528,3372440.000000
2018-08-10,422.714830,422.716994,422.439614,422.634095,4880058.000000
2018-08-13,423.310846,423.449360,423.077289,423.252906,3778002.000000
2018-08-14,421.911810,422.109902,421.490084,422.100568,2400442.000000
2018-08-15,423.280997,423.990118,423.007736,423.668853,2535917.000000
2018-08-16,423.076443,423.523893,422.771740,423.440673,1157360.000000
2018-08-17,425.673648,426.163229,425.306152,425.845928,1063782.000000
2018-08-20,430.697598,430.732072,430.415195,430.541384,674249.000000
2018-08-21,431.583216,431.757943,431.392727,431.524506,740769.000000
2018-08-22,435.555198,435.941089,435.025982,435.694573,1948077.000000
2018-08-23,440.508195,440.569792,439.842452,440.461126,3480215.000000
2018-08-24,442.796877,442.934294,442.711613,442.773539,2726218.000000
2018-08-27,435.345993,435.732379,435.008064,435.541034,770397.000000
2018-08-28,436.949102,437.495212,436.638546,437.342803,4619605.000000
2018-08-29,436.687712,436.947423,435.729788,436.444385,4354315.000000
2018-08-30,442.590049,442.746199,441.522381,442.377131,1161980.000000
2018-08-31,448.417194,448.674383,448.358541,448.520276,1422667.000000
2018-09-03,460.330692,460.883306,460.185906,460.524459,3038278.000000
2018-09-04,453.593754,453.817596,453.317478,453.517770,501187.000000
2018-09-05,461.121431,461.463692,460.195664,460.873468,3411580.000000
2018-09-06,459.262457,459.853613,459.248223,459.551517,4205348.000000
2018-09-07,456.782203,457.357227,455.768064,456.879710,3989805.000000
2018-09-10,456.585331,457.168093,456.412298,456.719381,1622155.000000
2018-09-11,461.658308,462.590979,461.325726,461.666741,1548610.000000
2018-09-12,455.849332,456.092221,455.754550,455.821819,1557822.000000
2018-09-13,462.267498,462.767748,461.460163,461.931634,3322527.000000
2018-09-14,457.350804,457.720213,456.683780,457.652241,1260991.000000
2018-09-17,457.887971,458.122031,457.282328,457.750090,2897071.000000
2018-09-18,454.707344,454.797768,454.262364,454.435203,513863.000000
2018-09-19,446.184015,446.320296,446.134995,446.141041,4820146.000000
2018-09-20,441.616249,441.976243,441.079920,441.380666,3202708.000000
2018-09-21,443.620984,443.704627,443.105838,443.370067,3834064.000000
2018-09-24,445.464211,445.662226,444.927504,445.138016,1802268.000000
2018-09-25,448.130900,448.680082,447.593415,447.924809,2159306.000000
2018-09-26,448.047032,448.235540,448.014722,448.126248,1842417.000000
2018-09-27,446.121197,446.627718,445.799063,446.423448,2289035.000000
2018-09-28,454.337689,454.725199,453.495207,454.535106,4345896.000000
2018-10-01,449.346669,449.410589,448.804462,449.326125,2726061.000000
2018-10-02,445.166513,445.858997,444.563808,445.249361,4117676.000000
2018-10-03,449.209019,449.961730,448.646053,449.671580,2392007.000000
2018-10-04,448.045212,448.224957,447.721376,448.114974,3030855.000000
2018-10-05,452.509825,452.549463,452.019037,452.208126,2860188.000000
2018-10-08,453.818591,454.290731,453.187228,453.873232,1565966.000000
2018-10-09,457.879648,458.648500,457.428204,458.401428,756743.000000
2018-10-10,457.239675,457.278233,456.714741,456.997980,930195.000000
2018-10-11,457.459601,458.103661,457.283581,457.973500,4983364.000000
2018-10-12,463.499740,464.109113,463.058790,463.336948,3601853.000000
2018-10-15,461.996913,462.122432,461.576296,461.908328,1072202.000000
2018-10-16,462.746929,462.874331,462.202514,462.755705,3520944.000000
2018-10-17,460.110309,460.338234,460.068674,460.148636,4530489.000000
2018-10-18,456.007835,456.201181,455.731080,456.017290,1790513.000000
2018-10-19,457.531609,457.813710,457.354192,457.430128,3674652.000000
2018-10-22,465.629537,466.048743,465.322436,465.477952,3349638.000000
2018-10-23,468.517078,468.718701,467.594138,468.429948,2788088.000000
2018-10-24,480.561366,480.567193,480.112860,480.497188,928287.000000
2018-10-25,475.311038,475.447836,475.257325,475.393451,3404457.000000
2018-10-26,478.100536,478.374025,477.563068,478.043642,2308530.000000
2018-10-29,479.080524,479.251386,478.512571,478.535748,4992904.000000
2018-10-30,472.211041,472.889877,471.954359,472.112800,3749862.000000
2018-10-31,472.556286,472.693545,471.732041,472.190375,3295849.000000
2018-11-01,478.140385,478.561382,478.126941,478.253922,3363105.000000
2018-11-02,480.566286,480.760482,479.540800,480.042979,1107316.000000
2018-11-05,483.886888,483.920655,483.559964,483.610785,4722348.000000
2018-11-06,483.459641,483.929937,483.027391,483.292535,2106642.000000
2018-11-07,484.431434,484.707450,483.721732,484.147980,2414217.000000
2018-11-08,484.360896,484.524441,483.983857,484.447808,2880720.000000
2018-11-09,487.974725,488.329687,487.368486,487.573606,4972144.000000
2018-11-12,480.853239,480.927192,480.604671,480.680298,1222354.000000
2018-11-13,476.236807,476.339218,475.903677,476.051921,3655020.000000
2018-11-14,477.626202,478.030485,477.586765,477.846412,1279335.000000
2018-11-15,484.381607,484.524994,484.310019,484.522245,3006375.000000
2018-11-16,476.143829,476.451312,475.715523,476.190624,1073966.000000
2018-11-19,481.303122,481.928254,480.747484,481.507454,2019861.000000
2018-11-20,484.370744,484.414450,484.033279,484.175659,954003.000000
2018-11-21,490.369556,491.145228,489.892048,490.008698,2457547.000000
2018-11-22,487.744958,488.108903,487.488936,487.569767,3641714.000000
2018-11-23,488.527729,489.096618,487.550137,488.244375,2774283.000000
2018-11-26,494.153800,494.185804,493.569980,493.622492,1261007.000000
2018-11-27,506.323761,506.895693,506.132650,506.421596,4070425.000000
2018-11-28,511.200768,511.564456,510.705114,511.235848,3760749.000000
2018-11-29,520.284151,521.640065,519.764543,520.715876,3404964.000000
2018-11-30,525.917047,526.073194,525.176463,526.030040,1926321.000000
2018-12-03,524.285373,524.493221,523.600826,524.090904,4256270.000000
2018-12-04,520.001363,520.620693,519.294078,520.066816,990168.000000
2018-12-05,520.757322,521.760091,520.128548,520.430167,4400302.000000
2018-12-06,522.697716,523.036913,522.627119,522.999986,2341271.000000
2018-12-07,515.854617,515.871234,515.145003,515.698413,2769857.000000
2018-12-10,511.543583,511.981446,510.683934,511.252143,528348.000000
2018-12-11,506.371310,506.810702,505.633130,506.551169,1833655.000000
2018-12-12,500.978377,500.984936,500.065132,500.622053,4491576.000000
2018-12-13,511.591201,511.804744,511.403562,511.480715,2894254.000000
2018-12-14,510.352971,510.835407,510.080937,510.326719,772167.000000
2018-12-17,510.165367,510.693193,509.805695,510.068904,1428763.000000
2018-12-18,518.131372,518.591786,517.826004,517.897560,721058.000000
2018-12-19,520.401129,521.799469,520.004260,521.145803,2966026.000000
2018-12-20,524.810206,525.043377,523.951073,524.452708,1660202.000000
2018-12-21,517.495011,517.605873,517.078452,517.342472,4799523.000000
2018-12-24,519.388017,520.437882,518.620292,519.964558,991997.000000
2018-12-25,518.920865,519.517949,518.552061,518.765462,4523545.000000
2018-12-26,508.796130,509.830443,508.737685,508.908353,4080066.000000
2018-12-27,516.250748,516.756987,515.429990,516.739744,3988657.000000
2018-12-28,519.229952,519.725442,519.044060,519.376946,2163568.000000
2018-12-31,515.570846,516.138949,515.448358,515.918705,928756.000000
2019-01-01,514.795166,515.148993,514.717053,514.820148,1660165.000000
2019-01-02,509.086924,509.882111,508.391127,508.496997,4379469.000000
2019-01-03,506.711628,507.077436,506.034260,506.885462,916579.000000
2019-01-04,512.313699,512.395443,511.826973,512.186462,2823679.000000
2019-01-07,509.434053,509.864942,509.378501,509.841677,1863053.000000
2019-01-08,502.304110,502.845491,502.192674,502.725388,2964873.000000
2019-01-09,504.324093,505.305934,503.833389,504.579728,1895688.000000
2019-01-10,506.081629,506.569421,505.665945,505.836051,1229958.000000
2019-01-11,502.762926,503.464110,502.485278,503.281455,4035689.000000
2019-01-14,498.064324,498.902800,497.389457,498.178627,3148090.000000
2019-01-15,499.373626,500.170567,499.055125,499.205504,3941206.000000
2019-01-16,494.782614,495.450018,494.679792,494.966626,2634244.000000
2019-01-17,491.161685,491.520041,491.019237,491.218397,4935515.000000
2019-01-18,487.308033,487.961481,487.224811,487.391275,516785.000000
2019-01-21,486.641828,487.117391,486.491880,487.026880,645240.000000
2019-01-22,479.917446,480.425071,479.574135,480.085873,2132694.000000
2019-01-23,477.923423,478.617850,477.270620,478.114705,2797571.000000
2019-01-24,477.791026,478.359727,476.942439,477.358261,4707617.000000
2019-01-25,486.332020,486.659080,485.387529,486.283203,4013651.000000
2019-01-28,487.321214,488.641862,487.185828,487.758666,1310773.000000
2019-01-29,495.558302,495.634148,495.381319,495.491089,3238390.000000
2019-01-30,492.137182,492.888660,491.813428,491.998827,830459.000000
2019-01-31,488.620093,489.025840,488.552127,488.589084,2928010.000000
2019-02-01,489.656318,489.857404,488.977384,489.567794,847915.000000
2019-02-04,484.303720,484.510605,484.084964,484.282606,2296606.000000
2019-02-05,486.102550,486.310624,485.514814,486.151975,3061207.000000
2019-02-06,496.612922,496.620451,496.411115,496.516295,3740474.000000
2019-02-07,495.171248,495.979745,495.011556,495.489400,1346424.000000
2019-02-08,501.914896,502.026528,501.485070,501.691774,3119445.000000
2019-02-11,500.605336,500.679987,500.158447,500.338404,2253213.000000
2019-02-12,493.360768,493.526861,492.129235,493.177768,2068027.000000
2019-02-13,500.412485,501.114562,500.082028,500.628525,661982.000000
2019-02-14,494.388149,494.770681,494.029734,494.115353,689298.000000
2019-02-15,498.207235,499.116412,497.960663,498.222968,1558846.000000
2019-02-18,498.922236,499.600786,498.288957,499.337457,2683221.000000
2019-02-19,499.896636,500.218052,499.382182,499.581030,4759321.000000
2019-02-20,498.714118,499.254706,498.693794,499.023449,4706436.000000
2019-02-21,505.268881,505.388596,504.712642,505.284301,4052069.000000
2019-02-22,503.621187,503.909061,503.265343,503.731850,3750580.000000
2019-02-25,507.246786,507.416762,506.800367,507.262987,1163937.000000
2019-02-26,500.396396,501.391903,500.284743,500.819276,3965579.000000
2019-02-27,499.438624,500.535771,498.775949,499.635219,1984567.000000
2019-02-28,499.695763,500.280613,499.256100,500.111987,3643706.000000
2019-03-01,503.999927,505.079893,503.981024,504.217659,812813.000000
2019-03-04,504.862403,505.532140,504.377727,504.972809,1545600.000000
2019-03-05,506.088025,506.292752,505.339848,505.618312,3676634.000000
2019-03-06,508.807351,508.821129,508.530592,508.603427,3205733.000000
2019-03-07,512.331881,512.832916,512.278613,512.550251,2069257.000000
2019-03-08,508.100924,508.837693,508.063859,508.557808,1631959.000000
2019-03-11,515.476254,515.761696,515.120057,515.328089,4456039.000000
2019-03-12,523.612054,523.807876,523.040668,523.744607,4076905.000000
2019-03-13,523.463845,523.768075,523.441188,523.458838,828108.000000
2019-03-14,522.710583,522.743973,522.122667,522.446032,2742413.000000
2019-03-15,523.128474,523.371951,522.524019,522.757030,4970436.000000
2019-03-18,533.308749,533.457319,533.193096,533.317838,2501026.000000
2019-03-19,532.061138,532.226395,531.368442,531.929505,4924736.000000
2019-03-20,530.084574,530.790702,529.157800,529.647338,4272865.000000
2019-03-21,532.402581,533.227289,532.238716,532.242296,3669951.000000
2019-03-22,546.982180,547.475211,546.195255,547.446214,4448292.000000
2019-03-25,555.083634,555.106412,554.398143,554.814257,4309575.000000
2019-03-26,549.786008,550.019495,549.754516,549.951782,3690251.000000
2019-03-27,552.485190,553.102930,552.151168,552.767269,4373024.000000
2019-03-28,557.653596,558.110319,556.964179,557.567008,3224728.000000
2019-03-29,550.295960,550.506998,549.585703,549.934084,4854860.000000
2019-04-01,549.396497,549.473922,548.922448,549.337753,2113648.000000
2019-04-02,552.558137,553.228859,552.266375,552.631474,1266256.000000
2019-04-03,552.642761,553.120739,552.435256,552.924471,4987572.000000
2019-04-04,543.528497,543.571797,542.722493,543.347435,3687908.000000
2019-04-05,536.431274,536.630641,535.357098,536.188338,1249136.000000
2019-04-08,538.519832,538.985978,538.370207,538.687633,4374921.000000
2019-04-09,546.513179,547.110695,546.112982,546.836581,1544234.000000
2019-04-10,550.115593,550.199200,549.478224,549.570897,3109514.000000
2019-04-11,551.707354,552.741718,551.091919,551.654428,2400980.000000
2019-04-12,555.286719,555.543141,554.876405,555.533785,3329334.000000
2019-04-15,556.733368,556.987984,556.077784,556.637373,991325.000000
2019-04-16,564.710876,564.891770,564.109799,564.833247,897418.000000
2019-04-17,568.634344,568.892523,568.133009,568.573502,654872.000000
2019-04-18,560.208900,561.267842,560.190778,560.480233,2391026.000000
2019-04-19,556.756800,556.916288,556.550407,556.729195,2582864.000000
2019-04-22,550.689975,552.185879,550.085886,551.206590,2354953.000000
2019-04-23,547.402966,547.866536,547.049876,547.226746,1196109.000000
2019-04-24,549.020252,549.314159,548.850037,549.040660,953697.000000
2019-04-25,548.793516,548.848641,548.459186,548.826501,1225083.000000
2019-04-26,542.825904,542.900987,541.788677,542.727563,1598956.000000
2019-04-29,538.777046,539.117874,538.165666,538.382111,1772492.000000
2019-04-30,538.158191,538.500709,538.153077,538.463162,2332491.000000
2019-05-01,535.144759,535.342446,534.306245,534.866320,3789639.000000
2019-05-02,534.210948,534.777385,533.782219,534.419253,644451.000000
2019-05-03,534.130446,534.775036,534.031117,534.278456,3044233.000000
2019-05-06,541.764509,542.249509,541.737063,542.075006,4058896.000000
2019-05-07,546.011610,546.295356,544.968274,545.630561,2102584.000000
2019-05-08,549.294608,549.336256,548.619480,549.254930,1119718.000000
2019-05-09,548.893381,549.004850,548.455811,548.853281,1256770.000000
2019-05-10,551.470399,552.029500,551.266281,551.766520,666441.000000
2019-05-13,545.245736,545.593937,544.867120,545.449013,3058275.000000
2019-05-14,539.536690,540.152707,538.932723,539.882186,3067442.000000
2019-05-15,541.123059,541.364298,540.484879,541.313585,3657228.000000
2019-05-16,538.100769,538.247335,537.872848,537.996997,2144025.000000
2019-05-17,545.081941,545.837013,544.488652,545.110136,2526603.000000
2019-05-20,534.637782,535.187848,534.020034,534.859931,4885971.000000
2019-05-21,535.980454,536.054445,535.352673,535.500700,625015.000000
2019-05-22,538.473487,538.668148,537.448830,537.985219,2242543.000000
2019-05-23,541.823135,542.304432,541.379588,541.695330,4422088.000000
2019-05-24,542.736578,542.827493,541.583007,542.505899,2897911.000000
2019-05-27,536.797967,537.194091,536.783587,537.038615,3727765.000000
2019-05-28,538.117363,538.808471,537.393811,538.402125,3670565.000000
2019-05-29,546.534703,547.268050,545.807972,546.701120,4452176.000000
2019-05-30,545.989109,546.013266,545.831924,545.859853,4966809.000000
2019-05-31,538.089235,538.850020,537.964227,538.225769,4183153.000000
2019-06-03,540.650283,540.824281,539.962409,540.311107,3768362.000000
2019-06-04,545.059901,545.471554,545.024327,545.304740,4990988.000000
2019-06-05,544.400450,544.577836,543.946073,544.443969,4536125.000000
2019-06-06,538.186542,538.494351,537.799364,538.399553,1766820.000000
2019-06-07,538.371368,538.470883,537.861046,537.922383,3005309.000000
2019-06-10,536.315337,537.801450,536.071527,537.013249,2534859.000000
2019-06-11,536.058534,536.598522,535.649112,535.987670,2746893.000000
2019-06-12,539.296236,539.637162,538.720178,539.507155,1008132.000000
2019-06-13,529.846654,530.546512,529.033216,530.067900,1987167.000000
2019-06-14,529.180384,529.620659,529.000079,529.125855,4806347.000000
2019-06-17,527.081405,527.217099,527.072099,527.109223,738349.000000
2019-06-18,536.971330,537.623419,536.758689,537.493001,631146.000000
2019-06-19,527.122991,527.774508,526.554673,527.494668,2227986.000000
2019-06-20,516.916978,517.485036,516.044026,516.327204,3816293.000000
2019-06-21,516.457312,517.090328,516.424744,516.752058,3008217.000000
2019-06-24,518.059504,518.099659,517.938049,518.085066,2323869.000000
2019-06-25,515.437952,515.849239,515.312520,515.637238,3446445.000000
2019-06-26,515.336963,515.614208,515.081796,515.403619,4384999.000000
2019-06-27,509.792738,510.140386,509.719408,509.910511,2792780.000000
2019-06-28,510.472850,511.161252,510.276706,510.733532,1457441.000000
2019-07-01,511.427650,512.358127,511.220694,511.868889,4326356.000000
2019-07-02,513.596464,513.640110,513.313805,513.378566,1725332.000000
2019-07-03,514.348607,514.379005,514.235433,514.280706,4401246.000000
2019-07-04,517.186297,517.473394,516.932652,517.326131,3600642.000000
2019-07-05,518.145824,519.126778,517.748461,518.507004,4235697.000000
2019-07-08,512.690641,512.722331,512.466142,512.654025,4621430.000000
2019-07-09,504.129829,505.329346,503.570497,504.115776,2250817.000000
2019-07-10,501.920654,502.013829,501.660895,501.822319,1595524.000000
2019-07-11,500.660351,501.082233,500.282168,500.652561,2128402.000000
2019-07-12,503.989573,504.269136,503.479404,503.756513,3492453.000000
2019-07-15,505.493159,505.785614,503.762187,505.000071,3103718.000000
2019-07-16,505.247648,505.523581,504.670192,505.289147,3742776.000000
2019-07-17,503.523696,503.764990,503.150085,503.406452,4717567.000000
2019-07-18,502.746261,503.075033,501.919605,502.653407,3179821.000000
2019-07-19,497.551284,497.936874,497.341609,497.716372,2312732.000000
2019-07-22,498.865116,500.239758,498.387567,498.829351,1381258.000000
2019-07-23,493.892706,494.429412,493.819697,494.170480,3757897.000000
2019-07-24,490.842225,491.110801,490.653124,490.916075,1459291.000000
2019-07-25,494.078535,494.335084,493.139483,493.906940,4661128.000000
2019-07-26,501.445691,501.519640,501.175311,501.314976,1115895.000000
2019-07-29,504.215531,504.336737,503.622125,504.096335,2672246.000000
2019-07-30,506.500963,506.639646,506.283189,506.363231,1564619.000000
2019-07-31,498.817448,499.864131,498.571460,499.056953,1974598.000000
2019-08-01,498.584170,499.539840,498.286759,498.844615,3838841.000000
2019-08-02,496.065432,496.154554,495.454653,495.693121,2071135.000000
2019-08-05,500.635939,501.127134,500.295122,500.517186,909795.000000
2019-08-06,496.289900,496.642794,496.199490,496.270946,1734652.000000
2019-08-07,493.811009,494.555410,493.341255,494.227435,3619927.000000
2019-08-08,495.535498,495.594045,495.404131,495.551752,672607.000000
2019-08-09,496.891497,497.072986,496.823415,496.929292,2810478.000000
2019-08-12,497.019445,497.137923,495.967373,496.432925,2206133.000000
2019-08-13,492.571811,492.710234,492.146182,492.425060,2581711.000000
2019-08-14,493.791404,493.887236,493.356030,493.879052,4267260.000000
2019-08-15,488.401475,488.447044,487.874061,488.415782,2742926.000000
2019-08-16,498.571955,498.654889,498.549671,498.645123,4900691.000000
2019-08-19,505.851321,506.010440,505.524017,505.820406,1767587.000000
2019-08-20,507.341968,507.891886,507.250641,507.411765,4279995.000000
2019-08-21,501.017499,501.841461,500.995103,501.046652,4228841.000000
2019-08-22,505.395835,505.539413,504.901081,505.216739,2859307.000000
2019-08-23,506.803515,507.001773,506.314314,506.774358,2082954.000000
2019-08-26,511.527833,512.110027,511.266654,511.789457,3591767.000000
2019-08-27,511.705675,511.797715,511.194420,511.600297,4000942.000000
2019-08-28,521.468856,521.672623,520.853105,521.235576,1819834.000000
2019-08-29,517.591287,517.764742,516.910521,517.540106,1780951.000000
2019-08-30,516.543604,517.143334,516.480965,516.858902,4209847.000000
2019-09-02,518.105077,518.261558,517.275379,517.742171,3799469.000000
2019-09-03,528.030204,528.328981,527.816744,527.860878,2294120.000000
2019-09-04,516.863063,516.886727,516.383425,516.580645,1150150.000000
2019-09-05,515.037383,515.354025,513.829595,514.363557,1028373.000000
2019-09-06,517.888748,518.741701,517.623575,518.024046,2302418.000000
2019-09-09,512.821171,513.250266,512.473385,512.922191,2161598.000000
2019-09-10,519.252274,519.572075,519.117468,519.283081,3870230.000000
2019-09-11,519.991062,520.025635,519.749620,519.819116,937310.000000
2019-09-12,519.277424,519.602240,518.747289,519.206950,4082117.000000
2019-09-13,521.751814,522.295838,521.749619,521.843897,1050416.000000
2019-09-16,520.853344,521.202954,520.816727,520.846549,4431948.000000
2019-09-17,515.524114,516.095939,514.652999,515.389554,3302467.000000
2019-09-18,517.272378,517.431010,516.768607,516.784357,3126954.000000
2019-09-19,508.728557,508.989024,508.064366,508.415033,3171422.000000
2019-09-20,509.670363,509.709931,508.796796,509.569783,1379312.000000
2019-09-23,505.151692,505.287915,505.057022,505.166393,3631786.000000
2019-09-24,506.119942,506.313628,505.686526,505.955150,3186159.000000
2019-09-25,507.306771,507.611609,506.503376,507.440191,3940913.000000
2019-09-26,504.443351,504.974358,504.317809,504.407999,2637212.000000
2019-09-27,505.320085,505.865098,505.239812,505.654442,3211360.000000
2019-09-30,502.766690,503.110846,501.667919,502.892080,1617145.000000
2019-10-01,503.219168,503.806195,503.010796,503.476154,2355450.000000
2019-10-02,491.849358,492.088333,491.664514,491.917864,2318024.000000
2019-10-03,501.702551,501.832848,501.218988,501.281584,613184.000000
2019-10-04,499.265327,499.779854,498.909010,499.550516,1942852.000000
2019-10-07,495.068518,495.616038,494.452573,495.017193,3432800.000000
2019-10-08,487.667635,487.762391,487.129520,487.572655,4168218.000000
2019-10-09,491.970677,492.131852,491.585768,492.062225,3892966.000000
2019-10-10,487.251044,487.315916,487.172405,487.241159,3263268.000000
2019-10-11,486.387059,486.515836,486.025575,486.355243,572167.000000
2019-10-14,489.469471,489.908735,489.185493,489.872074,2248171.000000
2019-10-15,490.414274,490.669658,489.789457,490.304531,4918975.000000
2019-10-16,494.739432,494.985522,494.413014,494.853022,1172164.000000
2019-10-17,490.730072,490.750776,490.160715,490.539434,1683421.000000
2019-10-18,492.998013,493.443037,492.791581,493.295391,696939.000000
2019-10-21,489.179089,489.311174,488.385239,488.491715,1570897.000000
2019-10-22,485.252260,485.392045,484.958037,485.019910,2873099.000000
2019-10-23,480.803788,481.247223,480.535171,480.884768,1965872.000000
2019-10-24,486.882546,487.267422,486.658204,486.881309,2661012.000000
2019-10-25,483.444011,483.589463,482.369682,483.292419,1802515.000000
2019-10-28,482.022559,482.283976,481.356664,482.144300,3731844.000000
2019-10-29,480.827611,481.809985,480.304462,481.257084,3562982.000000
2019-10-30,482.364925,482.566760,482.025710,482.314347,4353417.000000
2019-10-31,483.880750,484.126926,483.282863,483.808309,4653558.000000
2019-11-01,478.725463,479.060070,478.291840,478.361313,1216237.000000
2019-11-04,473.763695,473.813752,473.029321,473.464461,3663029.000000
2019-11-05,470.675581,470.808771,470.252568,470.590660,644092.000000
2019-11-06,465.547596,465.927331,465.102076,465.613870,2786887.000000
2019-11-07,470.876604,470.936212,470.327312,470.544691,4933415.000000
2019-11-08,475.507129,476.193573,475.505571,475.848800,2951463.000000
2019-11-11,474.760229,474.795348,474.465028,474.636706,4312001.000000
2019-11-12,472.408490,472.476037,472.311188,472.336055,736230.000000
2019-11-13,468.418456,468.497150,467.821641,467.977295,2304970.000000
2019-11-14,468.519669,468.951876,468.501739,468.810300,1770992.000000
2019-11-15,467.047374,467.366686,466.807715,466.892455,4529462.000000
2019-11-18,459.676563,460.098544,459.343182,459.837075,1426720.000000
2019-11-19,458.567674,458.700773,458.326873,458.545946,1697903.000000
2019-11-20,458.850268,459.236036,458.378521,458.953778,2253167.000000
2019-11-21,454.307733,454.843832,454.131428,454.373984,1436520.000000
2019-11-22,457.371626,457.831094,456.899848,457.546887,3024806.000000
2019-11-25,466.067175,466.220614,465.976191,466.160708,1656040.000000
2019-11-26,457.214505,457.457366,456.940569,457.166319,2312207.000000
2019-11-27,458.545304,458.945356,458.503416,458.549665,2270693.000000
2019-11-28,456.374113,456.451282,455.985192,456.408649,726284.000000
2019-11-29,460.858972,460.960936,460.371488,460.899936,4886169.000000
2019-12-02,467.774631,468.282889,467.367910,467.738299,2610803.000000
2019-12-03,459.887437,460.202722,459.872363,460.053743,1135841.000000
2019-12-04,470.936949,471.616673,470.673801,471.117400,2624921.000000
2019-12-05,472.116452,472.886729,471.792864,472.326996,3320759.000000
2019-12-06,469.332186,469.483976,469.244039,469.466192,2252519.000000
2019-12-09,463.905734,464.320868,463.426407,464.140532,3376206.000000
2019-12-10,465.276062,465.639488,465.173002,465.354560,4048663.000000
2019-12-11,468.884498,469.355353,468.724941,468.948076,4415630.000000
2019-12-12,465.448250,465.616141,465.384920,465.533100,1083554.000000
2019-12-13,469.298148,469.534810,469.025581,469.323043,4759262.000000
2019-12-16,476.193539,476.837686,475.466601,476.582116,2728083.000000
2019-12-17,475.343973,475.713379,475.233986,475.653087,1028512.000000
2019-12-18,477.842955,478.078599,477.525441,478.020210,1400416.000000
2019-12-19,476.286366,476.508257,475.808295,475.860025,3331947.000000
