date,open,high,low,close,volume
2010-01-01,99.966462,99.986729,99.879550,99.953888,2918455.000000
2010-01-04,102.321095,102.403939,102.237288,102.332830,552054.000000
2010-01-05,101.716446,101.755586,101.431594,101.586135,1229755.000000
2010-01-06,99.319908,99.365355,99.300090,99.302139,4835119.000000
2010-01-07,98.164317,98.184564,98.097428,98.142208,1780369.000000
2010-01-08,94.245478,94.342668,94.209288,94.234997,2706936.000000
2010-01-11,95.578173,95.665660,95.562499,95.635154,747015.000000
2010-01-12,96.234606,96.283599,96.108137,96.177384,3155980.000000
2010-01-13,98.185611,98.238883,98.058361,98.067653,2507603.000000
2010-01-14,98.915540,98.983968,98.862872,98.898318,4642469.000000
2010-01-15,97.460116,97.598466,97.360811,97.531425,4060936.000000
2010-01-18,97.621007,97.730985,97.588851,97.620596,1590880.000000
2010-01-19,99.582673,99.619943,99.549211,99.604619,1792587.000000
2010-01-20,100.323000,100.472364,100.228849,100.363766,2940340.000000
2010-01-21,99.778212,99.793621,99.691026,99.704872,1761443.000000
2010-01-22,100.260605,100.364195,100.090071,100.218686,2289703.000000
2010-01-25,98.145989,98.187546,98.039803,98.052215,4650555.000000
2010-01-26,98.467176,98.495619,98.455388,98.476934,3634853.000000
2010-01-27,101.858499,101.989215,101.652087,101.842084,4917062.000000
2010-01-28,99.862187,99.884058,99.826526,99.880801,800341.000000
2010-01-29,100.226707,100.314563,100.157477,100.248883,4609108.000000
2010-02-01,99.877547,99.884095,99.852214,99.864480,1450892.000000
2010-02-02,101.521956,101.573617,101.426135,101.476917,982303.000000
2010-02-03,100.758944,100.852194,100.671940,100.678855,3222949.000000
2010-02-04,100.560806,100.692547,100.534263,100.583892,2033518.000000
2010-02-05,99.988484,100.039998,99.965956,100.037192,1122201.000000
2010-02-08,100.703541,100.746392,100.611592,100.684012,526544.000000
2010-02-09,101.454257,101.593890,101.416985,101.427537,1218224.000000
2010-02-10,100.410936,100.447522,100.234367,100.385531,1670671.000000
2010-02-11,103.116960,103.198482,103.023506,103.085923,4043583.000000
2010-02-12,102.868387,102.997264,102.862614,102.898885,1023324.000000
2010-02-15,104.477794,104.547898,104.430635,104.476250,3486425.000000
2010-02-16,106.899440,107.106493,106.897233,106.948488,3287095.000000
2010-02-17,106.254399,106.320931,106.118177,106.307381,4984733.000000
2010-02-18,107.178355,107.348068,107.151808,107.252994,3223063.000000
2010-02-19,103.225768,103.274263,103.225721,103.242927,886214.000000
2010-02-22,100.163581,100.183548,100.090683,100.177215,1229563.000000
2010-02-23,102.116119,102.163390,102.053783,102.142672,1482399.000000
2010-02-24,103.262620,103.299876,103.055404,103.243846,4071973.000000
2010-02-25,102.922920,102.936879,102.891070,102.910516,1703274.000000
2010-02-26,101.838917,101.946038,101.725177,101.865500,2103171.000000
2010-03-01,102.990169,103.083808,102.812966,103.026218,3769421.000000
2010-03-02,103.804998,103.894390,103.750874,103.799937,4710496.000000
2010-03-03,102.454223,102.510326,102.414338,102.419029,3303652.000000
2010-03-04,102.019549,102.129413,101.931030,102.106891,1565698.000000
2010-03-05,101.274763,101.343755,101.087409,101.178409,1295020.000000
2010-03-08,99.726974,99.752358,99.713580,99.746753,2685507.000000
2010-03-09,100.052513,100.229104,100.032229,100.102665,2174783.000000
2010-03-10,100.427293,100.484245,100.362360,100.441001,549897.000000
2010-03-11,97.361757,97.539092,97.237341,97.334589,3271145.000000
2010-03-12,100.496486,100.655378,100.459219,100.565883,4939813.000000
2010-03-15,103.326240,103.451841,103.248818,103.322974,2570945.000000
2010-03-16,103.726490,103.968980,103.715066,103.774247,4924656.000000
2010-03-17,103.458467,103.465079,103.333996,103.451650,3207758.000000
2010-03-18,104.209667,104.271240,104.129209,104.233038,1177611.000000
2010-03-19,104.170607,104.183853,104.094453,104.111095,1982625.000000
2010-03-22,101.547540,101.602036,101.390996,101.555857,681968.000000
2010-03-23,100.384567,100.478432,100.296271,100.379127,2375953.000000
2010-03-24,101.701952,101.711769,101.578719,101.647884,4472400.000000
2010-03-25,99.115003,99.122640,99.044960,99.054149,4125507.000000
2010-03-26,97.588548,97.630180,97.449057,97.597485,4842694.000000
2010-03-29,97.786902,97.901997,97.745942,97.854183,3727514.000000
2010-03-30,99.271636,99.323248,99.221616,99.244181,3816530.000000
2010-03-31,101.130719,101.220120,101.120338,101.144432,2573512.000000
2010-04-01,100.982576,101.008282,100.920376,100.972734,3163187.000000
2010-04-02,100.966619,101.025108,100.826872,100.971891,1097457.000000
2010-04-05,99.970138,100.086645,99.901573,99.953696,4375937.000000
2010-04-06,97.669659,97.704695,97.668214,97.676638,3696629.000000
2010-04-07,95.653880,95.690640,95.619078,95.688349,3397170.000000
2010-04-08,96.934541,96.975884,96.817683,96.881994,4405102.000000
2010-04-09,95.796153,95.948884,95.713436,95.835906,1771676.000000
2010-04-12,95.360727,95.419473,95.330594,95.392712,3482622.000000
2010-04-13,97.618812,97.629421,97.512958,97.566305,4342774.000000
2010-04-14,97.639103,97.778539,97.580169,97.634939,4671424.000000
2010-04-15,97.946473,97.957694,97.756651,97.896995,1940988.000000
2010-04-16,97.416549,97.583448,97.328846,97.378244,4846477.000000
2010-04-19,95.308799,95.354425,95.203086,95.251101,1147312.000000
2010-04-20,94.828324,94.927299,94.777104,94.903247,3824305.000000
2010-04-21,97.653649,97.666635,97.631980,97.648731,1062300.000000
2010-04-22,99.754027,99.783264,99.684232,99.746806,2136945.000000
2010-04-23,98.473469,98.540728,98.391476,98.493660,1348583.000000
2010-04-26,95.920368,95.924259,95.811244,95.872933,3266690.000000
2010-04-27,97.218937,97.302571,97.163966,97.204892,1837353.000000
2010-04-28,97.745994,97.771326,97.617615,97.699481,3935248.000000
2010-04-29,99.544964,99.624507,99.465195,99.581584,4393069.000000
2010-04-30,95.257036,95.360889,95.190320,95.268552,4955563.000000
2010-05-03,96.141846,96.191194,95.988170,96.082774,3864055.000000
2010-05-04,94.058965,94.080572,93.956131,93.989915,1690833.000000
2010-05-05,93.787040,93.813941,93.757010,93.806952,1117523.000000
2010-05-06,91.340988,91.416777,91.325628,91.332958,4129343.000000
2010-05-07,92.550938,92.625564,92.503291,92.531193,3233936.000000
2010-05-10,94.884607,95.030399,94.774857,95.010128,4984215.000000
2010-05-11,97.496201,97.543691,97.436361,97.438896,1972215.000000
2010-05-12,93.532022,93.646798,93.406466,93.630992,2867811.000000
2010-05-13,96.872897,96.921688,96.740539,96.847531,2952001.000000
2010-05-14,98.203401,98.274404,98.107291,98.172440,730941.000000
2010-05-17,99.901405,99.920239,99.771816,99.862415,981968.000000
2010-05-18,96.984219,97.115407,96.731488,96.907465,4356633.000000
2010-05-19,96.927705,97.008853,96.829820,97.003381,1041644.000000
2010-05-20,95.141200,95.168358,95.083649,95.145181,1738657.000000
2010-05-21,95.602135,95.680416,95.591301,95.624310,4771167.000000
2010-05-24,94.778278,95.077604,94.630968,94.897515,3929443.000000
2010-05-25,94.506953,94.608461,94.358709,94.437857,1438737.000000
2010-05-26,94.841361,94.954378,94.658399,94.837721,1711572.000000
2010-05-27,94.278860,94.344207,94.170353,94.256873,2029332.000000
2010-05-28,94.480477,94.541683,94.406883,94.519858,2760519.000000
2010-05-31,94.200081,94.271508,94.111815,94.253558,2753844.000000
2010-06-01,93.627036,93.700303,93.612921,93.622078,2662633.000000
2010-06-02,93.068461,93.073680,93.016679,93.055917,4338756.000000
2010-06-03,92.282328,92.400874,92.230600,92.319499,3775508.000000
2010-06-04,93.136116,93.160437,93.016214,93.114237,2834953.000000
2010-06-07,92.464282,92.494379,92.311026,92.416230,1021169.000000
2010-06-08,95.885210,95.991185,95.825026,95.878263,3771672.000000
2010-06-09,97.899474,97.978631,97.869081,97.915049,2402041.000000
2010-06-10,97.436533,97.595400,97.429466,97.433320,637337.000000
2010-06-11,96.955624,97.020226,96.859619,97.003356,4699850.000000
2010-06-14,99.361041,99.412895,99.284117,99.357185,3182391.000000
2010-06-15,98.789344,98.851792,98.693070,98.731795,4853370.000000
2010-06-16,98.968395,99.045542,98.833671,98.867416,4613773.000000
2010-06-17,98.842184,98.877010,98.756614,98.810847,513239.000000
2010-06-18,98.155723,98.198577,98.047708,98.141524,4019650.000000
2010-06-21,95.335269,95.423444,95.325365,95.354302,3837513.000000
2010-06-22,95.291837,95.447812,95.290565,95.309442,2534370.000000
2010-06-23,95.837421,95.858103,95.792673,95.857767,2840697.000000
2010-06-24,95.878276,95.923564,95.802445,95.864769,674342.000000
2010-06-25,98.245438,98.318690,98.149614,98.291801,3624278.000000
2010-06-28,99.739802,99.811087,99.683522,99.708623,2359223.000000
2010-06-29,98.498213,98.608917,98.479661,98.571951,1719146.000000
2010-06-30,98.186976,98.218176,98.059211,98.118209,2493545.000000
2010-07-01,98.075608,98.206381,97.995012,98.156941,3949655.000000
2010-07-02,98.881459,98.929172,98.785968,98.885181,640992.000000
2010-07-05,100.422004,100.548261,100.407582,100.495922,1494733.000000
2010-07-06,98.458642,98.535223,98.456409,98.529437,1628472.000000
2010-07-07,98.422921,98.462947,98.364389,98.366272,2595733.000000
2010-07-08,100.490196,100.627294,100.391253,100.546500,2530323.000000
2010-07-09,98.654212,98.688100,98.578108,98.629677,3826563.000000
2010-07-12,99.359595,99.423062,99.293314,99.393645,1153588.000000
2010-07-13,98.021247,98.241418,97.936103,98.065193,4632414.000000
2010-07-14,99.827321,99.896747,99.781473,99.874071,1934957.000000
2010-07-15,100.136771,100.184675,100.136499,100.160093,2744458.000000
2010-07-16,100.555857,100.604943,100.465097,100.521994,4538984.000000
2010-07-19,101.836249,101.952517,101.727386,101.797452,3330506.000000
2010-07-20,103.308908,103.313634,103.208942,103.267751,4553150.000000
2010-07-21,106.342569,106.407607,106.090464,106.239691,739988.000000
2010-07-22,105.488346,105.582051,105.444738,105.496855,1766004.000000
2010-07-23,104.057158,104.125335,104.031279,104.058979,1254086.000000
2010-07-26,105.833388,105.878243,105.781394,105.791364,4603252.000000
2010-07-27,109.037319,109.049656,108.888603,108.965954,4956365.000000
2010-07-28,110.692783,110.790956,110.595083,110.671238,2884277.000000
2010-07-29,109.935535,110.011522,109.899109,109.920806,882571.000000
2010-07-30,108.022738,108.116805,107.952495,108.012727,696744.000000
2010-08-02,108.316220,108.513829,108.271232,108.401845,2665251.000000
2010-08-03,107.734295,107.798273,107.641464,107.734459,3716819.000000
2010-08-04,110.274927,110.291160,110.194307,110.220007,2427365.000000
2010-08-05,110.567564,110.644783,110.538482,110.575772,573471.000000
2010-08-06,108.657323,108.777057,108.590521,108.679400,2043791.000000
2010-08-09,108.578940,108.761721,108.473223,108.534181,3644583.000000
2010-08-10,104.548450,104.660851,104.332139,104.474264,3634201.000000
2010-08-11,103.793410,103.928259,103.705706,103.841684,4127950.000000
2010-08-12,102.080277,102.087098,102.015531,102.083459,3724988.000000
2010-08-13,100.555392,100.610344,100.425681,100.494103,763253.000000
2010-08-16,100.238267,100.299354,100.178767,100.218722,4007790.000000
2010-08-17,102.822664,102.948313,102.813083,102.859267,1540350.000000
2010-08-18,102.290665,102.335362,102.170075,102.239604,1631931.000000
2010-08-19,101.749823,101.751868,101.664447,101.708702,2909178.000000
2010-08-20,104.859563,104.860669,104.691128,104.767663,1006003.000000
2010-08-23,103.998200,104.198199,103.976756,104.151812,3142674.000000
2010-08-24,102.008357,102.237730,101.968454,102.126624,1252203.000000
2010-08-25,99.090799,99.169553,98.997694,99.122694,3818522.000000
2010-08-26,99.034435,99.118909,99.022447,99.026541,4265869.000000
2010-08-27,99.641114,99.662928,99.584588,99.584861,4580893.000000
2010-08-30,99.774081,99.782772,99.512473,99.694975,669385.000000
2010-08-31,101.532080,101.615297,101.457990,101.460818,4945922.000000
2010-09-01,102.066371,102.262590,102.058425,102.101800,751682.000000
2010-09-02,103.308859,103.377381,103.220709,103.258003,3727204.000000
2010-09-03,100.960250,101.026711,100.871526,100.907436,2578644.000000
2010-09-06,99.382606,99.421390,99.314089,99.400362,3559066.000000
2010-09-07,97.431787,97.578506,97.344948,97.487652,1573370.000000
2010-09-08,98.753848,98.755631,98.565761,98.732617,2729651.000000
2010-09-09,100.467231,100.607405,100.421950,100.495745,4609345.000000
2010-09-10,98.441537,98.570759,98.386681,98.543591,3670635.000000
2010-09-13,100.313069,100.334214,100.219631,100.288349,581310.000000
2010-09-14,98.967498,98.997921,98.897111,98.932775,1126412.000000
2010-09-15,98.298507,98.484373,98.209060,98.273960,4776513.000000
2010-09-16,99.772606,99.811465,99.650361,99.706901,681419.000000
2010-09-17,98.789331,98.880640,98.685042,98.809627,2756351.000000
2010-09-20,98.197485,98.221308,98.130012,98.130806,1774347.000000
2010-09-21,100.561761,100.574379,100.472292,100.549593,4695288.000000
2010-09-22,101.154657,101.222614,101.148579,101.166036,2933388.000000
2010-09-23,103.013895,103.082416,102.924519,103.046107,991222.000000
2010-09-24,99.793970,99.809658,99.689629,99.790955,3950382.000000
2010-09-27,97.572453,97.603642,97.515900,97.554610,4471222.000000
2010-09-28,95.849423,95.918945,95.799474,95.819219,2794836.000000
2010-09-29,98.269049,98.292849,98.158160,98.245292,2408478.000000
2010-09-30,99.908349,100.021545,99.845148,99.904513,1816739.000000
2010-10-01,99.939455,100.021573,99.928147,99.943285,2470417.000000
2010-10-04,100.002608,100.113182,99.936047,100.037860,2015356.000000
2010-10-05,100.402520,100.435048,100.206024,100.377019,558401.000000
2010-10-06,100.419777,100.599593,100.334531,100.525258,3558416.000000
2010-10-07,99.261312,99.373723,99.183684,99.340969,673744.000000
2010-10-08,97.286653,97.307611,97.144629,97.282052,2573392.000000
2010-10-11,97.688944,97.783351,97.682922,97.698261,4698219.000000
2010-10-12,96.651692,96.711007,96.547231,96.623378,844330.000000
2010-10-13,94.810062,94.945972,94.737656,94.822696,2745845.000000
2010-10-14,96.045857,96.051014,96.026816,96.049810,1134225.000000
2010-10-15,95.699077,95.723144,95.562250,95.721015,2944600.000000
2010-10-18,95.870851,95.909231,95.827470,95.861169,539345.000000
2010-10-19,97.920352,98.009931,97.804217,97.902871,2171535.000000
2010-10-20,97.710073,97.811187,97.668097,97.692162,3273389.000000
2010-10-21,98.214614,98.299583,98.213970,98.275507,3783760.000000
2010-10-22,100.299412,100.375826,100.298989,100.316009,1081317.000000
2010-10-25,101.673609,101.776997,101.621460,101.689151,1957869.000000
2010-10-26,102.935595,103.007298,102.894332,102.928308,4390227.000000
2010-10-27,104.161735,104.276823,104.079679,104.237975,2072006.000000
2010-10-28,103.659284,103.727382,103.593007,103.612081,1279035.000000
2010-10-29,105.849231,106.075444,105.780149,105.923898,1704437.000000
2010-11-01,104.435594,104.456849,104.354854,104.429638,3751956.000000
2010-11-02,104.733954,104.790374,104.653710,104.747552,3045637.000000
2010-11-03,104.706023,104.803670,104.633358,104.654705,1620513.000000
2010-11-04,105.275898,105.363386,105.142166,105.171908,4318862.000000
2010-11-05,105.315418,105.443626,105.246004,105.365646,3528927.000000
2010-11-08,104.636879,104.695377,104.524053,104.641948,3013325.000000
2010-11-09,103.902017,104.127611,103.863212,104.019263,4996480.000000
2010-11-10,103.038034,103.148206,103.027080,103.042103,3794336.000000
2010-11-11,105.943792,105.972025,105.735382,105.864764,4570786.000000
2010-11-12,106.900970,107.046742,106.782020,106.917816,1433722.000000
2010-11-15,106.686262,106.779116,106.670110,106.705376,3556065.000000
2010-11-16,104.849373,104.938862,104.802971,104.867703,3469460.000000
2010-11-17,104.338800,104.519915,104.277759,104.410829,4066376.000000
2010-11-18,103.993746,104.028367,103.818475,104.005952,3186620.000000
2010-11-19,105.160412,105.291687,105.123083,105.181579,4769169.000000
2010-11-22,105.675168,105.778205,105.561998,105.581552,3819485.000000
2010-11-23,107.485242,107.579878,107.401959,107.472335,600273.000000
2010-11-24,105.698313,105.777048,105.635522,105.744431,3317319.000000
2010-11-25,108.164958,108.415418,108.100273,108.225099,3759352.000000
2010-11-26,105.421092,105.442937,105.333637,105.380889,2959323.000000
2010-11-29,104.722049,104.799601,104.682192,104.767142,3344747.000000
2010-11-30,103.647191,103.726446,103.416022,103.552228,3489320.000000
2010-12-01,104.083701,104.168967,104.066500,104.163966,1896938.000000
2010-12-02,103.409599,103.453645,103.339670,103.425663,1099808.000000
2010-12-03,103.771021,103.776907,103.649010,103.695137,2290196.000000
2010-12-06,103.525405,103.566289,103.514713,103.543553,942833.000000
2010-12-07,105.794411,105.875625,105.781581,105.872922,4631221.000000
2010-12-08,105.856876,105.963237,105.763377,105.890741,2175254.000000
2010-12-09,107.790545,107.818028,107.704359,107.764453,3632676.000000
2010-12-10,106.170010,106.260406,106.106672,106.249870,580206.000000
2010-12-13,102.730950,102.783334,102.676325,102.707636,2834570.000000
2010-12-14,103.368500,103.426213,103.350191,103.415461,4482781.000000
2010-12-15,100.846147,100.919078,100.814115,100.819736,3951896.000000
2010-12-16,100.277951,100.346129,100.174394,100.230484,3403643.000000
2010-12-17,100.224112,100.286533,100.201979,100.233676,4893365.000000
2010-12-20,101.694999,101.776874,101.616331,101.732326,3556976.000000
2010-12-21,102.561773,102.573761,102.419394,102.517524,4300249.000000
2010-12-22,103.462576,103.531485,103.384121,103.524857,2103825.000000
2010-12-23,103.203036,103.270968,103.200385,103.237709,1331937.000000
2010-12-24,99.248722,99.292104,99.213998,99.269811,851000.000000
2010-12-27,100.213822,100.227958,100.204423,100.222048,2327616.000000
2010-12-28,100.313176,100.326038,100.271592,100.296793,4611072.000000
2010-12-29,100.249582,100.323171,100.154209,100.232495,2176849.000000
2010-12-30,102.113138,102.265673,102.031432,102.103111,4798159.000000
2010-12-31,103.527595,103.663044,103.507347,103.563508,1428907.000000
2011-01-03,103.794100,103.842898,103.694392,103.760512,790957.000000
2011-01-04,103.949341,104.131403,103.894548,104.055918,3406399.000000
2011-01-05,105.786723,105.811978,105.747610,105.749827,626843.000000
2011-01-06,106.583332,106.763448,106.525591,106.615264,2790517.000000
2011-01-07,106.887658,106.929081,106.702034,106.842751,1210517.000000
2011-01-10,108.374940,108.432386,108.352308,108.356285,2803956.000000
2011-01-11,108.265045,108.338681,108.160895,108.289834,3494011.000000
2011-01-12,112.292868,112.504232,112.235378,112.334979,3013173.000000
2011-01-13,111.061923,111.109958,110.988397,111.100180,812673.000000
2011-01-14,110.895409,110.963022,110.740222,110.944435,1873291.000000
2011-01-17,110.782655,110.940251,110.756573,110.802939,1681153.000000
2011-01-18,111.469192,111.570988,111.380017,111.439344,649330.000000
2011-01-19,113.222386,113.409121,113.160083,113.365963,541853.000000
2011-01-20,113.206749,113.429018,113.202766,113.303777,4663909.000000
2011-01-21,114.974900,115.009834,114.918144,114.995568,3956892.000000
2011-01-24,112.297147,112.297180,112.204872,112.291003,4975608.000000
2011-01-25,110.023805,110.119249,109.922027,109.967616,554930.000000
2011-01-26,112.760911,112.903644,112.736234,112.854775,4971204.000000
2011-01-27,111.312308,111.400071,111.274083,111.278033,1865513.000000
2011-01-28,113.604651,113.783666,113.508427,113.607956,2315376.000000
2011-01-31,114.336653,114.464967,114.231026,114.305802,4189054.000000
2011-02-01,115.503568,115.527865,115.384490,115.452862,2278747.000000
2011-02-02,116.852685,116.856977,116.656640,116.767289,3564327.000000
2011-02-03,117.135749,117.243885,117.093562,117.237895,2868770.000000
2011-02-04,114.740596,114.793826,114.674126,114.725752,1132504.000000
2011-02-07,113.306918,113.308380,113.285252,113.306725,4262899.000000
2011-02-08,113.592888,113.796236,113.557735,113.579379,1208376.000000
2011-02-09,113.274355,113.343736,113.130976,113.220022,4583908.000000
2011-02-10,112.474652,112.550601,112.344764,112.461887,4052295.000000
2011-02-11,111.538356,111.584454,111.486963,111.576132,872035.000000
2011-02-14,113.817142,113.843510,113.664096,113.821472,4700834.000000
2011-02-15,113.447795,113.491262,113.285327,113.373350,4932902.000000
2011-02-16,111.495287,111.586175,111.488466,111.564615,3847863.000000
2011-02-17,110.212257,110.266111,110.099694,110.256294,2083075.000000
2011-02-18,109.271288,109.294551,109.110583,109.197109,3701568.000000
2011-02-21,110.389321,110.442738,110.378542,110.428765,4822226.000000
2011-02-22,112.398914,112.629468,112.151896,112.502786,4404430.000000
2011-02-23,108.593758,108.664696,108.591926,108.592799,3196405.000000
2011-02-24,108.686198,108.833211,108.656136,108.751475,3387190.000000
2011-02-25,109.207780,109.274673,109.044983,109.138073,2213850.000000
2011-02-28,109.483934,109.598163,109.376795,109.409671,4558020.000000
2011-03-01,110.550574,110.667900,110.433487,110.527835,4868965.000000
2011-03-02,109.002253,109.033786,108.930133,108.999605,1120892.000000
2011-03-03,107.811879,107.919962,107.604093,107.726984,799530.000000
2011-03-04,107.123668,107.162102,107.074216,107.105315,4108015.000000
2011-03-07,106.744930,106.857143,106.703351,106.715688,4089340.000000
2011-03-08,108.449885,108.642784,108.444746,108.511014,1331810.000000
2011-03-09,107.625146,107.627033,107.551155,107.577397,2134876.000000
2011-03-10,107.403444,107.499468,107.250599,107.391994,1057040.000000
2011-03-11,108.396462,108.518102,108.341542,108.387666,1523015.000000
2011-03-14,109.514639,109.665620,109.509811,109.513232,844304.000000
2011-03-15,109.827749,109.893662,109.815557,109.836781,1121927.000000
2011-03-16,108.278155,108.385099,108.160269,108.315991,4008204.000000
2011-03-17,108.804363,108.895109,108.628600,108.812458,604220.000000
2011-03-18,107.339461,107.358643,107.267584,107.344118,3030560.000000
2011-03-21,107.539426,107.714462,107.445750,107.498597,2774188.000000
2011-03-22,104.742521,104.781569,104.632481,104.673128,2785972.000000
2011-03-23,103.819408,103.969919,103.815553,103.866939,1720200.000000
2011-03-24,105.427096,105.477634,105.413245,105.417650,2149747.000000
2011-03-25,106.089821,106.254221,105.879273,106.167785,1235786.000000
2011-03-28,107.638235,107.717048,107.568191,107.648037,1484570.000000
2011-03-29,107.922875,108.066950,107.920691,108.035451,3074886.000000
2011-03-30,105.623336,105.706697,105.520243,105.579565,4732848.000000
2011-03-31,105.946566,106.084326,105.845480,106.074277,4549188.000000
2011-04-01,105.568068,105.571749,105.509262,105.538059,2236627.000000
2011-04-04,105.777817,105.956359,105.722504,105.779759,4217967.000000
2011-04-05,107.869218,107.915871,107.691312,107.875522,4718576.000000
2011-04-06,105.253130,105.341942,105.175554,105.295076,4678727.000000
2011-04-07,106.533613,106.547526,106.389242,106.521185,3869774.000000
2011-04-08,105.647554,105.700050,105.572137,105.638349,900815.000000
2011-04-11,104.820842,104.920557,104.693280,104.856906,2654832.000000
2011-04-12,106.506991,106.602705,106.417599,106.495817,1364593.000000
2011-04-13,107.229048,107.362542,107.062619,107.108594,4164724.000000
2011-04-14,109.657252,109.747752,109.643625,109.725980,2961134.000000
2011-04-15,109.767525,109.912214,109.681038,109.802808,4890305.000000
2011-04-18,105.795600,105.908106,105.762387,105.763380,4120654.000000
2011-04-19,108.468796,108.644580,108.387647,108.503279,3465321.000000
2011-04-20,107.206683,107.242605,107.141288,107.168196,2123960.000000
2011-04-21,109.553017,109.602015,109.497240,109.568089,4836890.000000
2011-04-22,110.064768,110.070946,110.023160,110.070005,626241.000000
2011-04-25,111.240962,111.304806,111.105996,111.211421,2034285.000000
2011-04-26,112.709984,112.948930,112.668582,112.798496,616657.000000
2011-04-27,109.511867,109.522602,109.460289,109.506548,1108716.000000
2011-04-28,108.995404,109.032018,108.838696,108.888573,1361798.000000
2011-04-29,106.680888,106.777420,106.655871,106.761766,2921063.000000
2011-05-02,104.465141,104.478808,104.255046,104.379143,3924133.000000
2011-05-03,106.442748,106.461077,106.347180,106.411772,2884389.000000
2011-05-04,105.226952,105.452778,105.143256,105.254489,1010147.000000
2011-05-05,108.909240,108.983263,108.794402,108.848235,3164175.000000
2011-05-06,109.303865,109.461692,109.197622,109.238455,1564317.000000
2011-05-09,111.861006,111.932841,111.715650,111.865988,2353134.000000
2011-05-10,114.716910,114.762279,114.566742,114.741479,1683636.000000
2011-05-11,115.337803,115.411776,115.247868,115.348154,2047927.000000
2011-05-12,114.955676,115.207060,114.842555,115.041898,3493732.000000
2011-05-13,113.516181,113.586085,113.443763,113.488531,3527853.000000
2011-05-16,116.145507,116.170391,116.083018,116.155709,1805030.000000
2011-05-17,117.425252,117.481705,117.380185,117.455520,1724954.000000
2011-05-18,116.547196,116.590908,116.461156,116.511350,2654195.000000
2011-05-19,115.791622,115.804509,115.787816,115.791045,4634213.000000
2011-05-20,116.503694,116.526966,116.388632,116.435955,4187485.000000
2011-05-23,115.359044,115.375664,115.252357,115.296134,3856096.000000
2011-05-24,115.432836,115.568437,115.347861,115.426177,1423689.000000
2011-05-25,115.662171,115.794040,115.638490,115.705635,1493820.000000
2011-05-26,113.499688,113.516779,113.393541,113.504044,2717276.000000
2011-05-27,114.065364,114.169617,113.972144,114.113062,3338693.000000
2011-05-30,112.405854,112.509050,112.318179,112.345668,3401991.000000
2011-05-31,114.930889,114.945579,114.745120,114.833510,3895273.000000
2011-06-01,117.974013,118.028187,117.870051,117.960076,1463878.000000
2011-06-02,115.586840,115.643407,115.494768,115.597652,1483209.000000
2011-06-03,114.016928,114.089920,114.001192,114.057743,1780476.000000
2011-06-06,113.863008,113.919555,113.726679,113.765481,4123226.000000
2011-06-07,112.665383,112.707663,112.584733,112.635852,3651666.000000
2011-06-08,116.269996,116.294775,116.202104,116.270658,4334622.000000
2011-06-09,111.772748,112.026105,111.683679,111.842042,2833576.000000
2011-06-10,111.632410,111.743078,111.583751,111.628428,2552280.000000
2011-06-13,110.038106,110.136581,109.945083,110.018647,1562939.000000
2011-06-14,110.782191,110.929918,110.718575,110.822387,2779955.000000
2011-06-15,111.406717,111.557262,111.396395,111.452166,1016807.000000
2011-06-16,111.848175,111.882248,111.691365,111.774069,2291700.000000
2011-06-17,108.945651,109.052772,108.937470,109.009024,1814994.000000
2011-06-20,110.226280,110.262135,110.157099,110.213815,3999385.000000
2011-06-21,110.572232,110.766544,110.558905,110.565690,3290476.000000
2011-06-22,112.624644,112.666515,112.476843,112.643750,1580330.000000
2011-06-23,114.146972,114.174966,114.085017,114.113241,802384.000000
2011-06-24,113.346048,113.544257,113.292910,113.318715,639018.000000
2011-06-27,116.470073,116.646032,116.427112,116.544196,4170177.000000
2011-06-28,115.763848,115.788624,115.612683,115.752077,1180045.000000
2011-06-29,116.325460,116.355119,116.156006,116.250090,4154191.000000
2011-06-30,118.115532,118.124791,118.109248,118.117797,1391847.000000
2011-07-01,118.335354,118.362124,118.265819,118.305818,574424.000000
2011-07-04,116.489011,116.631472,116.321247,116.423244,1115938.000000
2011-07-05,114.180407,114.380342,114.169691,114.277950,3046042.000000
2011-07-06,114.727793,114.807848,114.661744,114.696604,1691110.000000
2011-07-07,114.070048,114.164808,113.930622,113.972976,4556906.000000
2011-07-08,112.016361,112.082613,111.942384,112.004906,1097775.000000
2011-07-11,112.908024,113.143253,112.852104,112.998691,3023106.000000
2011-07-12,112.663485,112.827538,112.527348,112.617475,3335136.000000
2011-07-13,113.667909,113.685862,113.573836,113.631368,1029351.000000
2011-07-14,113.929617,114.009176,113.834526,113.986944,3081055.000000
2011-07-15,113.284858,113.427973,113.102053,113.212978,4381401.000000
2011-07-18,111.418789,111.530721,111.322660,111.387616,1881490.000000
2011-07-19,111.001808,111.067569,110.785653,110.972792,4383469.000000
2011-07-20,111.686869,111.745836,111.484157,111.672623,907060.000000
2011-07-21,110.275642,110.296628,110.136657,110.157023,2361158.000000
2011-07-22,106.433161,106.477687,106.309754,106.453088,1548547.000000
2011-07-25,105.927577,106.002909,105.763656,105.947840,1479174.000000
2011-07-26,104.388483,104.397658,104.388035,104.397366,1670108.000000
2011-07-27,105.053014,105.261521,104.932347,105.105837,2808203.000000
2011-07-28,105.905433,106.021657,105.784070,105.924981,1592547.000000
2011-07-29,105.271600,105.342292,105.227244,105.309036,4507478.000000
2011-08-01,104.698093,104.722716,104.691921,104.714617,927650.000000
2011-08-02,103.610092,103.703711,103.520809,103.634979,917419.000000
2011-08-03,103.317763,103.337845,103.129231,103.321480,3690692.000000
2011-08-04,103.414965,103.497893,103.132405,103.369699,4000907.000000
2011-08-05,107.057504,107.177429,106.943023,107.110566,1434429.000000
2011-08-08,105.822814,105.963281,105.649687,105.853219,3630380.000000
2011-08-09,106.956978,106.990624,106.869287,106.930551,3244108.000000
2011-08-10,110.334073,110.553619,110.206807,110.417837,726398.000000
2011-08-11,112.397814,112.450589,112.235154,112.413052,1446783.000000
2011-08-12,107.948054,108.062733,107.896958,108.049615,4155589.000000
2011-08-15,106.649510,106.708806,106.558710,106.632804,3368726.000000
2011-08-16,105.923897,106.043188,105.806030,105.967363,4902128.000000
2011-08-17,103.096020,103.145533,102.810167,103.016689,4561413.000000
2011-08-18,105.657232,105.843174,105.632022,105.681138,4579719.000000
2011-08-19,106.338608,106.391401,106.252209,106.278583,4171500.000000
2011-08-22,106.407298,106.424790,106.310498,106.401283,3077071.000000
2011-08-23,104.824984,104.844944,104.795764,104.813838,3054526.000000
2011-08-24,105.381366,105.497283,105.220414,105.323206,1427482.000000
2011-08-25,100.839671,100.994191,100.682686,100.916371,1726040.000000
2011-08-26,100.938776,101.029207,100.879408,101.015620,1942092.000000
2011-08-29,100.998193,101.000871,100.904157,100.983158,795013.000000
2011-08-30,99.920566,99.948379,99.890667,99.931577,4730224.000000
2011-08-31,99.775205,99.825815,99.681048,99.717276,3264183.000000
2011-09-01,101.268894,101.423917,101.123653,101.201579,693039.000000
2011-09-02,103.114282,103.236867,102.979850,103.054188,3746472.000000
2011-09-05,102.439038,102.631957,102.403778,102.520589,3476353.000000
2011-09-06,101.985815,102.021493,101.875388,101.952549,3818840.000000
2011-09-07,102.788899,102.815482,102.755286,102.810752,2763826.000000
2011-09-08,103.970465,104.090216,103.888430,103.926773,2025993.000000
2011-09-09,101.249592,101.277352,101.226576,101.229824,4979099.000000
2011-09-12,101.944783,102.017485,101.902785,101.929436,4442621.000000
2011-09-13,103.049716,103.081201,102.878523,103.041220,4909372.000000
2011-09-14,103.871614,103.909433,103.841668,103.889418,2015363.000000
2011-09-15,104.646552,104.654238,104.603517,104.613042,4582029.000000
2011-09-16,103.984525,104.021928,103.888025,103.990093,3627125.000000
2011-09-19,104.240418,104.242665,104.134014,104.148905,926464.000000
2011-09-20,102.479864,102.564866,102.470395,102.538142,3671727.000000
2011-09-21,101.897157,102.001292,101.876768,101.942339,2971716.000000
2011-09-22,103.526031,103.618871,103.506936,103.545562,3906554.000000
2011-09-23,101.104572,101.250642,100.926016,101.225562,1023666.000000
2011-09-26,101.770884,101.876800,101.611344,101.795218,2303040.000000
2011-09-27,99.904788,100.054112,99.813963,100.043621,3644189.000000
2011-09-28,100.378829,100.398809,100.289131,100.396780,4407258.000000
2011-09-29,102.240171,102.290242,102.114464,102.245888,2602786.000000
2011-09-30,103.693580,103.792121,103.515592,103.629268,2216029.000000
2011-10-03,104.056402,104.111194,103.946826,104.068004,2604935.000000
2011-10-04,105.733684,105.830949,105.624792,105.708710,1251170.000000
2011-10-05,103.573550,103.662442,103.486231,103.521020,971760.000000
2011-10-06,103.400152,103.432434,103.343310,103.397386,4313946.000000
2011-10-07,101.452614,101.590834,101.337471,101.486314,4450475.000000
2011-10-10,102.030735,102.054312,101.953939,101.971862,1817324.000000
2011-10-11,101.797761,101.823127,101.794611,101.807465,4334141.000000
2011-10-12,100.974937,101.066078,100.950408,101.007672,4183343.000000
2011-10-13,100.182745,100.365375,100.061236,100.216854,4737433.000000
2011-10-14,100.275056,100.383429,100.214210,100.276596,3912786.000000
2011-10-17,101.948760,102.012423,101.809941,101.872419,3574747.000000
2011-10-18,100.387544,100.456217,100.383872,100.421075,4211741.000000
2011-10-19,99.991573,100.068455,99.836354,99.936861,1389857.000000
2011-10-20,101.398632,101.558134,101.377488,101.448140,1969704.000000
2011-10-21,104.366107,104.474042,104.300652,104.386411,1410468.000000
2011-10-24,101.672413,101.711276,101.607356,101.661797,3831239.000000
2011-10-25,103.860772,103.875733,103.856552,103.859842,2470334.000000
2011-10-26,105.435795,105.545901,105.369490,105.440856,3044811.000000
2011-10-27,105.564061,105.573117,105.456272,105.553320,4258606.000000
2011-10-28,106.201036,106.229254,105.992422,106.120232,4327382.000000
2011-10-31,109.003516,109.148354,108.779331,108.920136,1527171.000000
2011-11-01,109.499785,109.659408,109.469002,109.540592,1451595.000000
2011-11-02,109.932074,110.084269,109.903493,109.906341,3025683.000000
2011-11-03,108.681249,108.749696,108.619901,108.655267,2141736.000000
2011-11-04,106.329401,106.398797,106.271050,106.376092,594816.000000
2011-11-07,110.045128,110.202529,109.926017,110.173294,2274117.000000
2011-11-08,110.488527,110.498573,110.338958,110.435631,2162219.000000
2011-11-09,112.729048,112.752980,112.659557,112.726233,620816.000000
2011-11-10,109.495625,109.582354,109.457363,109.582348,4959010.000000
2011-11-11,106.408404,106.435740,106.282178,106.349582,974866.000000
2011-11-14,106.914964,106.948360,106.855298,106.919725,1923877.000000
2011-11-15,108.173206,108.207376,108.139266,108.199239,4645783.000000
2011-11-16,107.210467,107.368009,107.123541,107.136685,3347073.000000
2011-11-17,105.697889,105.907712,105.660502,105.670743,607253.000000
2011-11-18,107.278649,107.283775,107.222472,107.258835,1891813.000000
2011-11-21,109.075058,109.141192,108.907967,109.072193,2046363.000000
2011-11-22,108.125833,108.157956,107.982814,108.149182,4764175.000000
2011-11-23,110.310775,110.367968,110.301788,110.367198,1237367.000000
2011-11-24,107.637755,107.725352,107.557965,107.698986,3416555.000000
2011-11-25,105.754741,105.809388,105.717256,105.752094,1649078.000000
2011-11-28,107.380021,107.409597,107.356228,107.391168,3063700.000000
2011-11-29,112.528844,112.593572,112.359614,112.581413,644124.000000
2011-11-30,111.985490,112.019613,111.913958,111.934543,4684245.000000
2011-12-01,110.624951,110.631228,110.535320,110.588079,4524025.000000
2011-12-02,108.246829,108.459266,108.209895,108.283714,1295329.000000
2011-12-05,105.794931,105.837534,105.706580,105.770092,1255409.000000
2011-12-06,106.250402,106.275847,106.154582,106.245884,1652436.000000
2011-12-07,107.623435,107.679992,107.516956,107.618448,2202751.000000
2011-12-08,108.689579,108.837600,108.614850,108.670970,2943315.000000
2011-12-09,108.925097,109.082886,108.827253,108.945112,3124911.000000
2011-12-12,108.952841,109.083964,108.876755,108.968194,970197.000000
2011-12-13,109.846470,109.962103,109.706160,109.912972,2965022.000000
2011-12-14,109.175804,109.321355,109.100418,109.146251,3694503.000000
2011-12-15,109.468767,109.477705,109.378832,109.394225,3160725.000000
2011-12-16,112.471193,112.544566,112.419406,112.495532,1852925.000000
2011-12-19,109.171252,109.241602,108.967939,109.122205,4535471.000000
2011-12-20,108.960384,109.113449,108.960335,109.023986,3269869.000000
2011-12-21,108.195003,108.205164,108.110701,108.161314,838804.000000
2011-12-22,108.663033,108.726326,108.617676,108.683818,4788655.000000
2011-12-23,107.425731,107.484296,107.412745,107.453265,999134.000000
2011-12-26,110.648405,110.759645,110.609056,110.619959,4589738.000000
2011-12-27,108.573235,108.585915,108.544626,108.564818,2728598.000000
2011-12-28,108.600774,108.693703,108.591319,108.641133,2917743.000000
2011-12-29,106.281972,106.306309,106.194019,106.252315,2165507.000000
2011-12-30,107.794047,107.830686,107.682976,107.689918,2116082.000000
2012-01-02,105.382698,105.396289,105.182536,105.321665,1784578.000000
2012-01-03,106.736200,106.780642,106.686296,106.714321,3290702.000000
2012-01-04,105.767887,105.934081,105.735294,105.766830,2689596.000000
2012-01-05,106.393276,106.580862,106.330476,106.509644,4967557.000000
2012-01-06,106.985805,107.060253,106.837735,106.932168,4027190.000000
2012-01-09,107.437709,107.526477,107.338030,107.401829,1174971.000000
2012-01-10,110.404537,110.504235,110.278065,110.475161,2041785.000000
2012-01-11,109.539459,109.576009,109.294061,109.481140,2062923.000000
2012-01-12,110.442128,110.472146,110.305904,110.377340,2506352.000000
2012-01-13,110.099593,110.249883,110.080140,110.203806,1767891.000000
2012-01-16,111.969584,112.105259,111.785711,111.880330,3580625.000000
2012-01-17,111.268948,111.275835,111.205377,111.269185,1921978.000000
2012-01-18,110.920987,111.059751,110.817846,110.978338,1426560.000000
2012-01-19,109.735226,109.779260,109.637213,109.677095,2444016.000000
2012-01-20,112.006166,112.098737,111.822909,111.890164,2394790.000000
2012-01-23,110.598530,110.648077,110.589179,110.635946,1020690.000000
2012-01-24,108.200082,108.337968,108.074702,108.177904,3963471.000000
2012-01-25,106.259466,106.265243,106.117000,106.216125,898118.000000
2012-01-26,104.829181,104.914561,104.743580,104.877792,753319.000000
2012-01-27,104.624930,104.820104,104.558246,104.699271,3392591.000000
2012-01-30,104.033180,104.090291,104.012298,104.070723,4522125.000000
2012-01-31,104.566561,104.724211,104.538965,104.587037,1834839.000000
2012-02-01,105.925884,106.017672,105.904299,105.984760,4830559.000000
2012-02-02,105.845217,105.940817,105.790008,105.863269,2520225.000000
2012-02-03,104.776948,104.902855,104.709271,104.860317,3667721.000000
2012-02-06,104.421612,104.507788,104.326533,104.404235,3629219.000000
2012-02-07,105.696312,105.697065,105.594305,105.648013,3833503.000000
2012-02-08,103.703406,103.741012,103.644040,103.722598,3240367.000000
2012-02-09,100.296371,100.375528,100.291287,100.364103,3313453.000000
2012-02-10,98.886673,98.916365,98.829650,98.888399,511195.000000
2012-02-13,100.852841,100.860093,100.758641,100.828521,552951.000000
2012-02-14,104.695622,104.851860,104.545474,104.779371,2449820.000000
2012-02-15,106.173406,106.242296,106.067895,106.125737,3170222.000000
2012-02-16,105.764768,105.827353,105.665799,105.736671,2138730.000000
2012-02-17,107.244504,107.340208,107.225257,107.249029,4278658.000000
2012-02-20,106.694114,106.787257,106.586999,106.654122,2976442.000000
2012-02-21,111.216837,111.341587,111.133031,111.320858,2589915.000000
2012-02-22,111.762576,111.786806,111.695952,111.761118,3991751.000000
2012-02-23,111.585958,111.697537,111.556534,111.614614,2290522.000000
2012-02-24,113.173357,113.300174,113.144231,113.182111,4291604.000000
2012-02-27,112.662006,112.704490,112.490235,112.547904,556741.000000
2012-02-28,111.000194,111.060970,110.947750,111.009382,3685904.000000
2012-02-29,110.822054,110.925151,110.819667,110.907585,2480752.000000
2012-03-01,108.441542,108.512986,108.344358,108.395850,3089852.000000
2012-03-02,106.004296,106.124299,105.902318,105.911889,2431881.000000
2012-03-05,105.819236,105.873614,105.717606,105.722209,1735809.000000
2012-03-06,103.986160,104.102109,103.985749,104.067294,3286779.000000
2012-03-07,102.217381,102.325157,102.205013,102.297994,3540520.000000
2012-03-08,101.728686,101.859882,101.666499,101.766649,4692342.000000
2012-03-09,100.713950,100.906693,100.650254,100.814651,1393256.000000
2012-03-12,104.350521,104.373869,104.292349,104.342873,2339700.000000
2012-03-13,104.101303,104.322445,104.036119,104.196392,1077972.000000
2012-03-14,105.574937,105.706788,105.544216,105.599676,1077825.000000
2012-03-15,106.192263,106.428829,106.077563,106.186000,923701.000000
2012-03-16,106.473094,106.487184,106.432123,106.473874,1541442.000000
2012-03-19,106.666267,106.846183,106.565028,106.772030,4132452.000000
2012-03-20,106.377217,106.492645,106.347843,106.436897,745331.000000
2012-03-21,104.446517,104.501083,104.436929,104.462850,2838617.000000
2012-03-22,105.458817,105.463139,105.446572,105.456181,2272665.000000
2012-03-23,104.227758,104.361518,104.172198,104.240495,3356941.000000
2012-03-26,105.073561,105.156062,105.053122,105.086495,1256320.000000
2012-03-27,107.320546,107.407037,107.122381,107.331080,4017492.000000
2012-03-28,108.024057,108.205090,107.987420,108.069138,4247724.000000
2012-03-29,108.468903,108.558983,108.434245,108.441102,2859810.000000
2012-03-30,106.549195,106.668989,106.371864,106.585939,4694735.000000
2012-04-02,107.373711,107.562986,107.289685,107.457342,1768229.000000
2012-04-03,107.361985,107.536230,107.307737,107.325544,4753487.000000
2012-04-04,104.753563,104.784180,104.661526,104.694850,1244079.000000
2012-04-05,104.009813,104.119954,103.888440,104.031805,2215478.000000
2012-04-06,103.540607,103.565509,103.444855,103.522624,901496.000000
2012-04-09,104.577716,104.740931,104.526544,104.577638,4818705.000000
2012-04-10,102.340114,102.355185,102.183963,102.286387,1812444.000000
2012-04-11,102.152136,102.301772,102.149774,102.254343,1411449.000000
2012-04-12,101.618176,101.771579,101.588251,101.685783,2539021.000000
2012-04-13,103.830134,103.956850,103.648706,103.717140,3386937.000000
2012-04-16,105.405161,105.430633,105.372771,105.383439,4092144.000000
2012-04-17,106.977548,107.016879,106.873828,106.888185,3979208.000000
2012-04-18,107.872724,107.919890,107.709311,107.843880,2750377.000000
2012-04-19,110.163907,110.308765,110.157085,110.255596,3283192.000000
2012-04-20,108.492939,108.551303,108.408259,108.411396,4690743.000000
2012-04-23,107.617838,107.701897,107.487466,107.525236,4636536.000000
2012-04-24,104.489642,104.497084,104.448725,104.475668,3291540.000000
2012-04-25,105.081161,105.128910,105.047245,105.122614,1778372.000000
2012-04-26,103.603665,103.623224,103.527265,103.608567,993597.000000
2012-04-27,104.510384,104.580095,104.487181,104.488240,3895553.000000
2012-04-30,103.382443,103.424678,103.246524,103.300332,1412287.000000
2012-05-01,105.234736,105.249353,105.096650,105.178935,2114197.000000
2012-05-02,104.152439,104.321624,104.102858,104.144024,2407683.000000
2012-05-03,103.564358,103.581686,103.476637,103.497365,2871114.000000
2012-05-04,102.357772,102.396090,102.234521,102.274208,4662781.000000
2012-05-07,103.263139,103.279249,103.219413,103.246588,3071901.000000
2012-05-08,101.947893,102.087835,101.852612,101.997381,4447612.000000
2012-05-09,103.346646,103.393327,103.330647,103.391773,760159.000000
2012-05-10,101.241142,101.324148,101.116268,101.186418,3559165.000000
2012-05-11,104.165999,104.179782,104.086441,104.109660,971433.000000
2012-05-14,104.652125,104.699381,104.587132,104.690537,2678235.000000
2012-05-15,104.800736,104.834250,104.792187,104.815514,4992923.000000
2012-05-16,104.975317,105.182213,104.849940,104.969050,1129965.000000
2012-05-17,106.854455,106.906795,106.847499,106.896672,4491016.000000
2012-05-18,108.955124,109.054282,108.891994,108.938038,3109018.000000
2012-05-21,108.114284,108.173884,108.089955,108.141572,2309564.000000
2012-05-22,110.234447,110.331819,110.094953,110.290113,3542630.000000
2012-05-23,111.026720,111.063659,111.021789,111.026575,2267343.000000
2012-05-24,111.295752,111.297533,111.182832,111.198434,3197857.000000
2012-05-25,111.540016,111.655723,111.534315,111.539504,3825442.000000
2012-05-28,110.480911,110.486347,110.391335,110.472958,1613196.000000
2012-05-29,111.631720,111.687116,111.578781,111.625042,2863880.000000
2012-05-30,110.831258,110.877614,110.702995,110.865072,4395819.000000
2012-05-31,112.928634,112.978473,112.746242,112.947312,4546090.000000
2012-06-01,111.703072,111.721841,111.572245,111.693817,4729125.000000
2012-06-04,113.120806,113.157055,113.054276,113.100169,2831449.000000
2012-06-05,113.697677,113.802695,113.466106,113.567527,1680450.000000
2012-06-06,114.037045,114.085204,113.912870,114.027520,3448763.000000
2012-06-07,113.101598,113.158729,112.947531,113.054154,1119439.000000
2012-06-08,110.334830,110.335416,110.304955,110.330002,2665851.000000
2012-06-11,111.208071,111.294171,111.146122,111.231349,4391918.000000
2012-06-12,111.032484,111.087941,111.006636,111.079129,4726423.000000
2012-06-13,110.243982,110.306366,110.158056,110.198011,3660427.000000
2012-06-14,111.941014,111.977542,111.832803,111.959027,2267212.000000
2012-06-15,114.329985,114.434154,114.263280,114.338467,1503619.000000
2012-06-18,115.619558,115.673280,115.566367,115.611617,2501850.000000
2012-06-19,113.737566,113.785282,113.554675,113.661628,2307495.000000
2012-06-20,112.239333,112.252212,112.070987,112.186879,610222.000000
2012-06-21,114.043826,114.180695,113.997127,114.121784,2367556.000000
2012-06-22,116.545848,116.589149,116.449370,116.546403,4465158.000000
2012-06-25,115.558004,115.628591,115.521768,115.596355,666745.000000
2012-06-26,117.936773,117.977797,117.802713,117.853531,1064434.000000
2012-06-27,112.399096,112.522360,112.162354,112.328176,2041613.000000
2012-06-28,115.028781,115.100130,115.028465,115.033144,2136707.000000
2012-06-29,112.986992,113.160891,112.935122,113.001814,3518573.000000
2012-07-02,110.108741,110.162973,110.005569,110.149295,4172112.000000
2012-07-03,110.042395,110.060387,109.945022,109.979939,3826143.000000
2012-07-04,111.402688,111.482335,111.258687,111.445900,2552424.000000
2012-07-05,114.695867,114.720052,114.593319,114.674030,2947054.000000
2012-07-06,111.769966,111.873933,111.687707,111.762682,4456985.000000
2012-07-09,113.079146,113.124447,113.024962,113.091321,1933564.000000
2012-07-10,113.677219,113.853112,113.624042,113.679065,705448.000000
2012-07-11,115.892132,115.969925,115.665285,115.865496,3741004.000000
2012-07-12,116.379210,116.496870,116.287645,116.441586,1922470.000000
2012-07-13,117.244243,117.308511,117.177698,117.230033,4090397.000000
2012-07-16,113.069817,113.167450,113.060719,113.167119,2337946.000000
2012-07-17,110.778168,110.823855,110.701899,110.717032,574651.000000
2012-07-18,108.935145,108.979793,108.804366,108.884431,1660877.000000
2012-07-19,109.036348,109.134970,108.902410,109.102123,3562588.000000
2012-07-20,110.721088,110.899524,110.670179,110.797220,2235402.000000
2012-07-23,109.504152,109.510460,109.381036,109.430402,3343008.000000
2012-07-24,106.985093,106.991524,106.901234,106.982666,2616797.000000
2012-07-25,109.933174,110.216698,109.883242,109.980639,796065.000000
2012-07-26,110.178293,110.278584,110.165409,110.209734,2720032.000000
2012-07-27,113.551693,113.663733,113.491458,113.539643,533025.000000
2012-07-30,114.548260,114.568250,114.431001,114.486077,3676749.000000
2012-07-31,112.847006,112.931012,112.767659,112.846805,4252939.000000
2012-08-01,112.527785,112.541829,112.405126,112.418728,2834709.000000
2012-08-02,112.882525,112.947901,112.755637,112.860574,3147883.000000
2012-08-03,111.164719,111.262050,111.154638,111.243359,1622936.000000
2012-08-06,112.083311,112.306480,112.019730,112.171788,1821575.000000
2012-08-07,111.972742,112.097463,111.948700,111.966437,4730722.000000
2012-08-08,111.951030,111.979477,111.864806,111.934955,3443867.000000
2012-08-09,112.239404,112.283229,112.192573,112.194053,4967903.000000
2012-08-10,111.033106,111.095957,110.917968,110.972221,3215255.000000
2012-08-13,112.982742,113.035384,112.975565,113.002875,3699490.000000
2012-08-14,112.036215,112.093822,111.857040,111.926219,2575608.000000
2012-08-15,111.529599,111.719020,111.501461,111.534748,2307060.000000
2012-08-16,111.659296,111.859142,111.568405,111.759797,3764434.000000
2012-08-17,109.339213,109.670504,109.287578,109.540385,4535489.000000
2012-08-20,108.346154,108.367919,108.256281,108.335905,1138060.000000
2012-08-21,108.351452,108.439512,108.291146,108.332519,511658.000000
2012-08-22,111.969974,112.004398,111.866738,111.909381,4739735.000000
2012-08-23,113.952890,114.008974,113.882380,113.943441,4027213.000000
2012-08-24,112.458898,112.535552,112.376301,112.495586,792864.000000
2012-08-27,112.139027,112.180050,112.122183,112.122866,2241030.000000
2012-08-28,112.916135,112.976641,112.823873,112.943233,1710332.000000
2012-08-29,115.117473,115.326724,115.115917,115.211802,2987134.000000
2012-08-30,113.024093,113.141682,112.932788,113.014998,4270013.000000
2012-08-31,112.465635,112.500714,112.414970,112.461885,3631874.000000
2012-09-03,110.354002,110.447109,110.192053,110.318823,3255637.000000
2012-09-04,110.501593,110.575551,110.408716,110.525531,4017659.000000
2012-09-05,109.043314,109.078609,108.975430,109.006409,4814988.000000
2012-09-06,109.082018,109.261911,109.037677,109.148427,4177633.000000
2012-09-07,110.323297,110.329586,110.251554,110.311139,3453355.000000
2012-09-10,111.021063,111.171874,110.922152,110.931513,4510992.000000
2012-09-11,109.158487,109.179699,109.112988,109.119380,1443955.000000
2012-09-12,109.942020,109.948727,109.915108,109.923810,3905630.000000
2012-09-13,110.583863,110.745496,110.520808,110.595996,2582663.000000
2012-09-14,112.119052,112.187435,112.084543,112.111481,4706101.000000
2012-09-17,114.449418,114.718174,114.430990,114.571703,3846598.000000
2012-09-18,114.659094,114.789052,114.628286,114.732835,1216948.000000
2012-09-19,115.212238,115.243938,115.052657,115.116918,3486178.000000
2012-09-20,114.744211,114.788321,114.579473,114.655221,3288207.000000
2012-09-21,113.220125,113.323441,113.062728,113.130221,3268727.000000
2012-09-24,111.300456,111.399581,111.238158,111.367564,4785287.000000
2012-09-25,110.725590,111.062208,110.711279,110.871988,1265764.000000
2012-09-26,111.086845,111.120338,111.046130,111.090941,1850303.000000
2012-09-27,110.201363,110.224947,110.049851,110.218184,4924986.000000
2012-09-28,110.538350,110.612483,110.429076,110.484023,686074.000000
2012-10-01,109.635654,109.720699,109.460891,109.588419,1504681.000000
2012-10-02,107.580712,107.625487,107.520078,107.564597,3445854.000000
2012-10-03,106.137326,106.292810,106.095818,106.178314,3179489.000000
2012-10-04,107.244414,107.286953,107.126838,107.174262,2752244.000000
2012-10-05,106.527405,106.606010,106.478205,106.507840,710386.000000
2012-10-08,109.379785,109.415831,109.197932,109.390863,4696616.000000
2012-10-09,109.697775,109.737913,109.596296,109.656602,2585719.000000
2012-10-10,109.344770,109.469229,109.207688,109.287088,1088412.000000
2012-10-11,108.245080,108.310962,108.180292,108.286913,4684556.000000
2012-10-12,109.056042,109.114733,109.009103,109.052056,1731351.000000
2012-10-15,109.988740,110.144023,109.775995,109.925810,2628548.000000
2012-10-16,112.409574,112.476118,112.166069,112.314047,3590620.000000
2012-10-17,114.082931,114.143559,114.036773,114.043990,2888555.000000
2012-10-18,114.328124,114.398947,114.260951,114.288058,3868129.000000
2012-10-19,112.921562,112.974408,112.830449,112.885239,3540958.000000
2012-10-22,111.714481,111.723814,111.624276,111.661565,1865786.000000
2012-10-23,113.322573,113.398526,113.281153,113.332530,738375.000000
2012-10-24,113.167644,113.257055,113.065168,113.154356,4729348.000000
2012-10-25,113.064372,113.083607,112.999119,113.002250,3739248.000000
2012-10-26,114.209134,114.323263,114.064771,114.150897,604506.000000
2012-10-29,116.555610,116.704404,116.464203,116.590083,2576757.000000
2012-10-30,116.679740,116.689902,116.481542,116.662166,3362130.000000
2012-10-31,115.950743,115.996353,115.854514,115.863022,2133928.000000
2012-11-01,118.358534,118.453259,118.312666,118.381166,1099019.000000
2012-11-02,116.015513,116.052461,115.975236,115.995079,2346570.000000
2012-11-05,117.740496,117.817903,117.563492,117.793170,3896521.000000
2012-11-06,117.228113,117.266726,117.056126,117.207990,706590.000000
2012-11-07,116.909985,117.066551,116.796303,116.957400,3554287.000000
2012-11-08,119.161634,119.197258,119.112878,119.187591,2737220.000000
2012-11-09,117.255397,117.292540,117.021038,117.238187,2995966.000000
2012-11-12,116.623737,116.652895,116.504823,116.651077,1006199.000000
2012-11-13,115.990796,116.060162,115.901419,115.960807,710378.000000
2012-11-14,117.074791,117.172070,117.018549,117.021304,4557999.000000
2012-11-15,115.106890,115.124371,115.098268,115.120659,1719550.000000
2012-11-16,116.180169,116.260664,116.054815,116.084520,4799588.000000
2012-11-19,115.418486,115.510410,115.316181,115.349484,4456531.000000
2012-11-20,117.207143,117.300070,117.041205,117.121787,2619281.000000
2012-11-21,115.467674,115.596779,115.467444,115.507647,1434225.000000
2012-11-22,117.309058,117.340553,117.174742,117.252702,967809.000000
2012-11-23,120.982826,121.109317,120.920607,121.044047,2100462.000000
2012-11-26,121.684683,121.753049,121.624763,121.684053,2154689.000000
2012-11-27,120.285448,120.422251,120.259253,120.344408,886755.000000
2012-11-28,120.715593,120.848509,120.569466,120.812673,3674008.000000
2012-11-29,122.146915,122.171815,122.100107,122.144779,3150383.000000
2012-11-30,121.855323,121.913140,121.785153,121.850646,4851933.000000
2012-12-03,117.252455,117.376171,117.217102,117.253128,3938500.000000
2012-12-04,115.842405,115.928102,115.780432,115.792083,1289492.000000
2012-12-05,115.090317,115.245475,115.058062,115.074687,1775663.000000
2012-12-06,113.623044,113.727135,113.548204,113.660615,3721709.000000
2012-12-07,114.337828,114.439991,114.306167,114.341156,4032465.000000
2012-12-10,113.215378,113.238290,112.998242,113.199043,1486282.000000
2012-12-11,113.889697,113.989697,113.655531,113.772640,4632629.000000
2012-12-12,112.441670,112.566056,112.242280,112.416722,929746.000000
2012-12-13,111.301015,111.375909,111.155831,111.226474,3266895.000000
2012-12-14,110.301877,110.341603,110.285737,110.289305,1378499.000000
2012-12-17,110.860351,110.888772,110.765819,110.884465,1078748.000000
2012-12-18,113.315682,113.477606,113.298457,113.406296,3283299.000000
2012-12-19,112.808613,112.882130,112.631208,112.786313,1243317.000000
2012-12-20,112.077448,112.130578,112.051939,112.067277,3839080.000000
2012-12-21,111.648729,111.768254,111.642996,111.703498,1826787.000000
2012-12-24,112.890670,113.115703,112.815510,112.859862,4755144.000000
2012-12-25,114.530156,114.549849,114.444582,114.503139,1894544.000000
2012-12-26,116.474963,116.523303,116.411634,116.462657,4031086.000000
2012-12-27,116.300702,116.380264,116.198337,116.219445,1112481.000000
2012-12-28,116.332729,116.408769,116.291519,116.354431,1122663.000000
2012-12-31,116.666784,116.667988,116.544773,116.597052,4878448.000000
2013-01-01,118.548162,118.708902,118.543608,118.659600,1160831.000000
2013-01-02,118.566931,118.592990,118.557841,118.578605,3531615.000000
2013-01-03,118.901196,119.100111,118.826525,118.969257,3949680.000000
2013-01-04,117.275987,117.379944,117.250911,117.354368,2207234.000000
2013-01-07,116.185624,116.251649,116.124471,116.145811,1430101.000000
2013-01-08,114.525753,114.592061,114.499994,114.501211,3847748.000000
2013-01-09,114.861654,114.920824,114.805592,114.919981,4439986.000000
2013-01-10,113.904890,114.048169,113.882242,113.918715,3159660.000000
2013-01-11,112.658503,112.723375,112.548886,112.696959,3605088.000000
2013-01-14,112.540490,112.695008,112.497441,112.650891,2087256.000000
2013-01-15,112.770208,113.002119,112.682535,112.780126,4029907.000000
2013-01-16,111.935825,112.021591,111.814027,111.955736,855699.000000
2013-01-17,112.108653,112.189020,112.092982,112.159568,2127959.000000
2013-01-18,115.262081,115.346475,115.153446,115.204189,1290444.000000
2013-01-21,116.665921,116.750817,116.593971,116.619235,677636.000000
2013-01-22,117.858278,117.988229,117.680389,117.839152,4496081.000000
2013-01-23,114.491906,114.506893,114.280466,114.382110,1797141.000000
2013-01-24,114.617894,114.658996,114.514500,114.606484,2799694.000000
2013-01-25,115.284197,115.433250,115.163077,115.170970,4301417.000000
2013-01-28,114.606453,114.673005,114.591837,114.595827,1628061.000000
2013-01-29,118.151391,118.277586,118.036332,118.211013,1076542.000000
2013-01-30,119.054401,119.245933,119.042390,119.191588,4164328.000000
2013-01-31,119.226104,119.288574,119.061486,119.161188,1593560.000000
2013-02-01,119.201192,119.350222,119.027116,119.185459,1852896.000000
2013-02-04,122.170760,122.305480,122.089780,122.276664,1710365.000000
2013-02-05,125.440260,125.444328,125.351408,125.382826,2978944.000000
2013-02-06,125.760413,125.915579,125.608864,125.699249,1199988.000000
2013-02-07,125.562775,125.599714,125.490282,125.595439,3014749.000000
2013-02-08,125.678881,125.707804,125.576767,125.588106,4760171.000000
2013-02-11,126.145404,126.222688,126.080257,126.166836,935501.000000
2013-02-12,126.429595,126.547398,126.184966,126.388758,2453591.000000
2013-02-13,126.408764,126.615342,126.389848,126.422730,4276561.000000
2013-02-14,124.004645,124.127177,123.957954,124.124590,1714214.000000
2013-02-15,125.489969,125.699464,125.404227,125.514778,4711264.000000
2013-02-18,128.440268,128.563884,128.241816,128.488235,3304358.000000
2013-02-19,130.990404,131.176448,130.770326,130.999633,1036001.000000
2013-02-20,135.454953,135.489026,135.351453,135.425207,4924976.000000
2013-02-21,136.006405,136.203816,135.989536,136.042311,1627684.000000
2013-02-22,136.130484,136.188696,136.051080,136.143261,2875124.000000
2013-02-25,137.987342,137.999359,137.948477,137.983431,2956326.000000
2013-02-26,136.053808,136.177876,135.810285,136.000401,715290.000000
2013-02-27,135.724944,135.875553,135.680339,135.747396,3229722.000000
2013-02-28,136.325268,136.454316,136.245379,136.326157,1370858.000000
2013-03-01,136.270447,136.402862,136.204601,136.317025,926259.000000
2013-03-04,137.888002,137.937919,137.798227,137.822955,3479321.000000
2013-03-05,137.705675,137.810821,137.664155,137.728377,2138074.000000
2013-03-06,134.958579,134.993938,134.625670,134.740826,1329804.000000
2013-03-07,134.393506,134.594083,134.295613,134.489659,2115967.000000
2013-03-08,138.462132,138.574178,138.393614,138.502995,1393913.000000
2013-03-11,141.717609,141.747466,141.548998,141.706645,2843768.000000
2013-03-12,140.114934,140.159022,140.019190,140.130984,2098411.000000
2013-03-13,146.011209,146.014603,145.863470,145.963202,1685712.000000
2013-03-14,146.508256,146.698909,146.483090,146.537232,1208415.000000
2013-03-15,145.604643,145.735535,145.449247,145.563926,3950791.000000
2013-03-18,145.254378,145.305708,145.202038,145.243563,1460854.000000
2013-03-19,144.597185,144.671160,144.431110,144.517234,1970525.000000
2013-03-20,140.148313,140.186434,140.040285,140.167233,4716944.000000
2013-03-21,141.478284,141.521466,141.325047,141.381858,4682120.000000
2013-03-22,142.223159,142.271973,142.094910,142.271305,1027529.000000
2013-03-25,139.926075,139.990373,139.725509,139.766534,4497526.000000
2013-03-26,139.797315,139.806636,139.583612,139.696922,2507987.000000
2013-03-27,138.464713,138.804279,138.399287,138.572944,1571998.000000
2013-03-28,137.372865,137.425775,137.313840,137.326124,3269073.000000
2013-03-29,140.448429,140.635045,140.429193,140.454088,3791096.000000
2013-04-01,142.521795,142.560517,142.502428,142.521474,3498858.000000
2013-04-02,143.813661,143.957209,143.639140,143.801884,843484.000000
2013-04-03,143.457100,143.662390,143.433308,143.543276,4732829.000000
2013-04-04,144.075954,144.157621,143.906779,143.914509,4947810.000000
2013-04-05,145.655419,145.794104,145.580500,145.669825,892671.000000
2013-04-08,146.257696,146.258664,146.077918,146.248304,2416175.000000
2013-04-09,145.186488,145.330687,144.939864,145.317532,4768069.000000
2013-04-10,146.864812,146.873122,146.565542,146.762963,2897829.000000
2013-04-11,146.455074,146.643499,146.442911,146.451921,1357034.000000
2013-04-12,143.580285,143.634577,143.481726,143.565801,4364044.000000
2013-04-15,142.370114,142.511346,142.357611,142.458056,1855553.000000
2013-04-16,142.918882,143.110262,142.813049,142.847977,2924394.000000
2013-04-17,139.291684,139.516329,139.194478,139.293913,2604952.000000
2013-04-18,139.882194,140.089860,139.691214,139.830216,4735083.000000
2013-04-19,138.931660,138.963832,138.555336,138.799412,3950663.000000
2013-04-22,139.390330,139.537270,139.168634,139.445922,740379.000000
2013-04-23,139.628321,139.810429,139.491076,139.673969,903817.000000
2013-04-24,140.689457,140.899217,140.601767,140.892909,2879321.000000
2013-04-25,141.596654,141.770549,141.511290,141.651505,658855.000000
2013-04-26,140.339015,140.492282,140.160937,140.385544,2915907.000000
2013-04-29,138.581096,138.606447,138.530483,138.536189,3748478.000000
2013-04-30,134.684634,134.754032,134.527655,134.540642,2670085.000000
2013-05-01,139.695973,139.870916,139.543841,139.766074,1222664.000000
2013-05-02,141.917055,141.949476,141.880450,141.930444,1811481.000000
2013-05-03,139.986099,140.152483,139.964766,140.057430,3684849.000000
2013-05-06,140.894717,141.141373,140.802667,140.975901,4114142.000000
2013-05-07,138.900211,139.146997,138.823292,139.002489,3372349.000000
2013-05-08,139.554863,139.558743,139.448106,139.497627,1143963.000000
2013-05-09,135.287801,135.407954,135.178400,135.178761,1943066.000000
2013-05-10,133.797943,133.799749,133.693131,133.739879,4517794.000000
2013-05-13,130.915195,131.076395,130.898367,130.950330,1453360.000000
2013-05-14,132.803096,132.877216,132.724529,132.827424,3868761.000000
2013-05-15,136.176210,136.195539,136.065674,136.141440,2391322.000000
2013-05-16,135.389879,135.601302,135.339148,135.400958,1358098.000000
2013-05-17,133.607212,133.612628,133.399237,133.552772,3903156.000000
2013-05-20,133.500134,133.531830,133.247584,133.415076,3166946.000000
2013-05-21,136.557121,136.652742,136.461001,136.630478,1311993.000000
2013-05-22,135.296705,135.316807,135.266997,135.314465,3008702.000000
2013-05-23,136.171436,136.269812,136.009286,136.141942,3210964.000000
2013-05-24,138.686881,138.901001,138.576366,138.622237,2735441.000000
2013-05-27,139.784972,139.812477,139.694418,139.753902,2360442.000000
2013-05-28,137.487295,137.557451,137.478018,137.521928,1341086.000000
2013-05-29,135.358415,135.542848,135.072998,135.207432,1336079.000000
2013-05-30,137.813543,137.922948,137.731376,137.865986,2359474.000000
2013-05-31,136.532190,136.560348,136.487944,136.536585,1207809.000000
2013-06-03,139.784312,140.082674,139.748729,139.826778,1725598.000000
2013-06-04,137.433392,137.502985,137.373928,137.487339,2430450.000000
2013-06-05,138.907316,139.085206,138.765696,138.883779,2194639.000000
2013-06-06,138.707824,138.746061,138.675334,138.738411,4792310.000000
2013-06-07,134.767271,134.998738,134.736410,134.851357,717916.000000
2013-06-10,134.310091,134.518756,134.069825,134.234454,2748702.000000
2013-06-11,132.464148,132.467257,132.265396,132.322053,3996042.000000
2013-06-12,133.964082,134.058280,133.707625,133.847304,3771070.000000
2013-06-13,132.965403,133.096825,132.854274,133.002160,559875.000000
2013-06-14,128.018548,128.029581,127.985459,127.995809,4463900.000000
2013-06-17,128.980920,129.006080,128.843126,128.921656,2946974.000000
2013-06-18,127.273455,127.395240,127.228271,127.338340,4024895.000000
2013-06-19,126.478581,126.484560,126.299879,126.473305,658335.000000
2013-06-20,129.035335,129.230048,128.878941,129.002602,4474386.000000
2013-06-21,132.149259,132.205512,132.062694,132.149668,2393937.000000
2013-06-24,133.129577,133.277190,132.885870,133.166495,2087253.000000
2013-06-25,133.883808,133.966505,133.674498,133.790297,660035.000000
2013-06-26,137.706031,137.716848,137.657089,137.664713,585229.000000
2013-06-27,134.383853,134.476881,134.121616,134.409568,3395248.000000
2013-06-28,132.576520,132.677676,132.508300,132.620839,3176302.000000
2013-07-01,132.821631,132.952975,132.597054,132.837395,3055839.000000
2013-07-02,132.657637,132.775981,132.582272,132.586245,568363.000000
2013-07-03,134.494125,134.601588,134.343029,134.548793,2264401.000000
2013-07-04,133.530004,133.658559,133.453701,133.481082,2697558.000000
2013-07-05,133.554692,133.581832,133.420659,133.481925,4185215.000000
2013-07-08,133.764306,133.764399,133.658308,133.679821,4096948.000000
2013-07-09,135.787677,135.898000,135.653974,135.785033,1147446.000000
2013-07-10,134.092118,134.121242,133.903983,134.103695,3750192.000000
2013-07-11,136.584814,136.812794,136.557563,136.660254,2524582.000000
2013-07-12,135.332159,135.370768,135.278221,135.369980,2407998.000000
2013-07-15,135.530650,135.667375,135.447103,135.580459,1913631.000000
2013-07-16,136.040377,136.071145,136.000790,136.005088,3634229.000000
2013-07-17,137.286419,137.355524,137.068614,137.125367,2636051.000000
2013-07-18,133.770365,133.869641,133.682570,133.692413,2116144.000000
2013-07-19,133.286719,133.422439,133.274433,133.331752,2532032.000000
2013-07-22,134.829651,134.926479,134.659331,134.706417,4630113.000000
2013-07-23,132.089579,132.152547,131.751025,132.003447,1571473.000000
2013-07-24,132.919478,133.001054,132.790832,132.932070,2148604.000000
2013-07-25,132.004557,132.149322,131.838086,131.990116,2894873.000000
2013-07-26,136.223810,136.247742,136.114263,136.126428,3166291.000000
2013-07-29,136.028427,136.143394,136.001836,136.101966,2377972.000000
2013-07-30,135.628556,135.641953,135.474772,135.585681,2500246.000000
2013-07-31,136.340486,136.357652,136.272961,136.344644,2277595.000000
2013-08-01,133.978824,134.146622,133.804091,134.079830,969148.000000
2013-08-02,130.223764,130.342775,130.217294,130.291503,4449183.000000
2013-08-05,130.454164,130.561676,130.336489,130.383769,2198423.000000
2013-08-06,127.831875,127.886587,127.670625,127.763403,3969925.000000
2013-08-07,126.206035,126.304803,126.114565,126.134322,4811663.000000
2013-08-08,127.409717,127.429365,127.362075,127.363997,1514591.000000
2013-08-09,128.368926,128.404511,128.193493,128.328697,4412621.000000
2013-08-12,129.332500,129.352476,129.274574,129.312438,599967.000000
2013-08-13,126.485466,126.609090,126.483244,126.532006,744280.000000
2013-08-14,123.914880,123.938622,123.749445,123.935242,4800575.000000
2013-08-15,128.393542,128.607605,128.214115,128.340195,2427982.000000
2013-08-16,128.696483,128.865754,128.647437,128.791707,1702365.000000
2013-08-19,130.401431,130.530678,130.344962,130.385734,2464087.000000
2013-08-20,130.082128,130.218629,130.080033,130.153330,2076009.000000
2013-08-21,131.425103,131.541938,131.365153,131.527408,3893522.000000
2013-08-22,129.096590,129.149378,128.943915,129.081389,906481.000000
2013-08-23,131.448123,131.489792,131.381363,131.381700,1124625.000000
2013-08-26,131.107516,131.201252,131.045970,131.081116,3148532.000000
2013-08-27,131.088894,131.333738,131.060135,131.154268,4599105.000000
2013-08-28,129.843291,130.001539,129.573647,129.895063,4430438.000000
2013-08-29,129.246378,129.318872,129.229603,129.283846,2973055.000000
2013-08-30,132.038973,132.072532,131.940396,132.038830,926103.000000
2013-09-02,132.099157,132.176402,131.952996,132.027465,1536563.000000
2013-09-03,129.638649,129.796084,129.580095,129.720986,2745271.000000
2013-09-04,130.100950,130.210941,130.034302,130.085922,4253152.000000
2013-09-05,131.685462,131.845631,131.640950,131.685756,2825429.000000
2013-09-06,129.994007,130.027169,129.959947,129.971824,1508565.000000
2013-09-09,128.759872,128.865116,128.740034,128.780556,4700669.000000
2013-09-10,129.496902,129.690164,129.375799,129.407438,3532874.000000
2013-09-11,131.173765,131.322157,131.138543,131.278618,2059661.000000
2013-09-12,134.333612,134.508198,134.309776,134.361705,2961740.000000
2013-09-13,134.471960,134.566860,134.418492,134.425544,915017.000000
2013-09-16,134.183370,134.306097,133.966543,134.257535,1923947.000000
2013-09-17,138.278000,138.466153,138.051204,138.384337,3696603.000000
2013-09-18,136.170547,136.190539,136.114101,136.181671,4411931.000000
2013-09-19,136.354279,136.440424,136.247715,136.335168,4438379.000000
2013-09-20,136.423289,136.551831,136.309326,136.472379,3885002.000000
2013-09-23,134.965273,135.032487,134.958808,134.983514,1086468.000000
2013-09-24,133.905102,134.118445,133.820728,134.003385,4967158.000000
2013-09-25,132.089993,132.122629,132.055542,132.062951,855809.000000
2013-09-26,135.518022,135.625293,135.421947,135.466154,2677073.000000
2013-09-27,133.389767,133.520697,133.380783,133.401897,839854.000000
2013-09-30,134.571850,134.680523,134.529823,134.669367,4084890.000000
2013-10-01,135.102898,135.263018,135.066877,135.075637,4990588.000000
2013-10-02,134.433052,134.526643,134.408279,134.462524,1651607.000000
2013-10-03,134.609133,134.713301,134.225077,134.422349,2583384.000000
2013-10-04,133.138811,133.180977,132.978182,133.101388,4581329.000000
2013-10-07,136.141199,136.263702,136.055026,136.157591,876518.000000
2013-10-08,136.168645,136.300505,136.117975,136.297385,2376405.000000
2013-10-09,139.794408,139.890428,139.778508,139.846460,2863398.000000
2013-10-10,136.793669,136.835099,136.749840,136.762266,1552724.000000
2013-10-11,135.100142,135.323585,134.984665,135.120738,3884155.000000
2013-10-14,138.447648,138.601158,138.348163,138.493532,1118123.000000
2013-10-15,138.182250,138.242842,138.128831,138.141448,756830.000000
2013-10-16,134.039933,134.198189,133.989543,133.999280,2057029.000000
2013-10-17,132.224258,132.417559,132.117665,132.294669,4591972.000000
2013-10-18,131.283819,131.313559,131.158482,131.234438,1135843.000000
2013-10-21,129.143491,129.324963,129.044656,129.244085,966606.000000
2013-10-22,131.183870,131.331544,131.145451,131.290453,4383868.000000
2013-10-23,127.310587,127.405721,127.190047,127.390131,3656499.000000
2013-10-24,131.343033,131.419449,131.212294,131.393294,804767.000000
2013-10-25,133.527700,133.627853,133.480680,133.563125,1841354.000000
2013-10-28,130.949085,131.090864,130.830086,131.036147,1063926.000000
2013-10-29,134.341046,134.595750,134.261156,134.357516,2553872.000000
2013-10-30,133.569706,133.763612,133.486341,133.675974,4829952.000000
2013-10-31,132.748975,132.913339,132.732642,132.767727,1096288.000000
2013-11-01,131.596467,131.628342,131.418853,131.530335,3528968.000000
2013-11-04,126.474639,126.551111,126.386590,126.545189,4926665.000000
2013-11-05,127.310128,127.409745,127.070552,127.324646,3631030.000000
2013-11-06,128.181382,128.328880,128.139054,128.300161,3487868.000000
2013-11-07,128.433398,128.459190,128.364934,128.398917,1089639.000000
2013-11-08,127.476459,127.773668,127.289007,127.643428,3538625.000000
2013-11-11,123.823159,123.980883,123.773575,123.959183,3839275.000000
2013-11-12,120.859898,121.051525,120.688650,120.872293,3261517.000000
2013-11-13,122.848963,122.941808,122.773396,122.831573,3795673.000000
2013-11-14,121.941846,122.156733,121.940673,121.993154,1238187.000000
2013-11-15,123.921791,123.990293,123.825333,123.921292,2785568.000000
2013-11-18,124.490391,124.539657,124.392629,124.519523,3781260.000000
2013-11-19,121.989953,122.258418,121.959210,122.073026,3961506.000000
2013-11-20,120.810742,120.880166,120.738302,120.797972,4238044.000000
2013-11-21,117.804062,117.856612,117.718390,117.839258,4430143.000000
2013-11-22,116.883097,117.110907,116.810498,116.982598,4850280.000000
2013-11-25,117.258364,117.337101,117.208690,117.313744,3780857.000000
2013-11-26,117.744650,117.821529,117.722221,117.750877,1904363.000000
2013-11-27,115.161004,115.176306,115.120468,115.159575,3712080.000000
2013-11-28,114.490424,114.547597,114.482001,114.495667,1106618.000000
2013-11-29,111.418347,111.533817,111.264879,111.344797,624818.000000
2013-12-02,111.483436,111.592632,111.366311,111.531613,4378875.000000
2013-12-03,111.204362,111.268711,111.104480,111.156938,1018456.000000
2013-12-04,110.246439,110.319824,110.244783,110.265673,1984809.000000
2013-12-05,111.340762,111.366914,111.142279,111.311976,2923375.000000
2013-12-06,113.636168,113.839538,113.546937,113.613260,4669006.000000
2013-12-09,111.279842,111.347348,111.206039,111.228167,3415002.000000
2013-12-10,116.157136,116.191753,116.066705,116.177722,3968343.000000
2013-12-11,115.294699,115.515151,115.144087,115.212345,1525836.000000
2013-12-12,113.997888,114.124478,113.955468,114.052139,2677338.000000
2013-12-13,111.270301,111.403785,111.258507,111.332970,4954114.000000
2013-12-16,111.561475,111.612934,111.531115,111.546858,1388067.000000
2013-12-17,113.063356,113.157094,112.919826,113.126115,4346607.000000
2013-12-18,110.184830,110.220613,110.084229,110.160458,978203.000000
2013-12-19,107.945039,108.029419,107.868392,107.963287,2137035.000000
2013-12-20,107.009005,107.065869,106.977179,107.035586,4608438.000000
2013-12-23,106.292773,106.409760,106.179360,106.254694,665522.000000
2013-12-24,108.483959,108.551844,108.428340,108.440682,930098.000000
2013-12-25,110.657909,110.756895,110.601712,110.620164,828884.000000
2013-12-26,110.085539,110.207875,110.058166,110.061629,1248206.000000
2013-12-27,110.991618,111.187243,110.886554,111.102688,4668663.000000
2013-12-30,108.620094,108.659102,108.489390,108.617617,2784413.000000
2013-12-31,108.658109,108.719784,108.531051,108.659019,4218648.000000
2014-01-01,109.126097,109.255882,109.082437,109.100442,4551042.000000
2014-01-02,111.166775,111.291019,110.956617,111.122102,1307426.000000
2014-01-03,109.229700,109.369317,109.198807,109.259040,808411.000000
2014-01-06,111.020832,111.075949,110.972260,111.025072,1045576.000000
2014-01-07,111.597078,111.612636,111.443850,111.540665,4697956.000000
2014-01-08,112.819561,112.889840,112.729619,112.825041,3174544.000000
2014-01-09,113.272675,113.377110,113.195124,113.217475,3475788.000000
2014-01-10,115.821106,115.912488,115.781006,115.839012,3324636.000000
2014-01-13,117.613456,117.755875,117.538016,117.681717,1312084.000000
2014-01-14,115.888715,115.970427,115.821311,115.856769,4078486.000000
2014-01-15,116.751661,116.876521,116.601358,116.700535,2350336.000000
2014-01-16,116.924177,116.995655,116.867189,116.993977,3578538.000000
2014-01-17,118.132148,118.269676,118.041178,118.189060,925494.000000
2014-01-20,118.352076,118.518605,118.338299,118.346126,4092228.000000
2014-01-21,117.114976,117.282177,117.028303,117.169069,2276147.000000
2014-01-22,119.368055,119.495117,119.227913,119.304035,1004397.000000
2014-01-23,121.007926,121.031648,120.974219,120.988348,4054452.000000
2014-01-24,119.390456,119.561628,119.255242,119.360799,1517567.000000
2014-01-27,116.734854,116.808957,116.547708,116.713024,2121775.000000
2014-01-28,114.494648,114.597640,114.470806,114.544229,4801496.000000
2014-01-29,114.135784,114.180809,113.945183,114.178131,4141955.000000
2014-01-30,111.978671,112.037092,111.926166,111.995596,4347532.000000
2014-01-31,110.661568,110.713491,110.573817,110.595903,3348410.000000
2014-02-03,108.863826,109.059344,108.738537,108.778838,2108504.000000
2014-02-04,109.578367,109.682669,109.495814,109.512289,2321449.000000
2014-02-05,108.010297,108.101678,107.962236,108.041377,1312606.000000
2014-02-06,108.034962,108.128020,107.834664,107.954159,1412430.000000
2014-02-07,109.201020,109.213349,109.161660,109.203613,2229081.000000
2014-02-10,108.432255,108.483150,108.386006,108.387060,2002979.000000
2014-02-11,109.476969,109.563187,109.396140,109.441374,4593578.000000
2014-02-12,110.292713,110.344262,110.112551,110.262845,4125442.000000
2014-02-13,110.620063,110.728862,110.569511,110.589214,2899033.000000
2014-02-14,112.050909,112.117209,112.038926,112.042690,3900966.000000
2014-02-17,113.028827,113.166009,112.815117,113.077775,2985725.000000
2014-02-18,116.238157,116.244203,116.090201,116.144342,2920274.000000
2014-02-19,115.204894,115.249069,115.098222,115.153084,1052039.000000
2014-02-20,116.094304,116.102740,116.062829,116.076912,3412433.000000
2014-02-21,118.105654,118.218531,117.873772,118.073167,2520613.000000
2014-02-24,119.034067,119.050555,118.902144,118.968363,3011193.000000
2014-02-25,118.740343,119.122652,118.683833,118.815448,4352929.000000
2014-02-26,122.810680,122.927187,122.697224,122.736751,2682046.000000
2014-02-27,122.510688,122.599991,122.427234,122.537983,2094670.000000
2014-02-28,120.958801,120.995401,120.938891,120.967775,2135349.000000
2014-03-03,123.661747,123.842353,123.533404,123.632181,957609.000000
2014-03-04,122.350675,122.595367,122.191904,122.454380,540085.000000
2014-03-05,124.907501,124.949254,124.753114,124.782274,3727377.000000
2014-03-06,127.710565,127.804736,127.621781,127.701372,3929712.000000
2014-03-07,126.425599,126.548021,126.318808,126.401373,2642623.000000
2014-03-10,126.746070,126.795253,126.715004,126.737480,1119218.000000
2014-03-11,126.882948,127.193664,126.865476,126.953840,3410608.000000
2014-03-12,129.549894,129.690800,129.543816,129.557668,3830728.000000
2014-03-13,132.960913,132.977395,132.775785,132.853665,2584317.000000
2014-03-14,133.319224,133.386915,133.126848,133.295101,4368501.000000
2014-03-17,132.155175,132.291186,132.093513,132.170216,4541100.000000
2014-03-18,128.840755,128.938592,128.826153,128.843385,4486777.000000
2014-03-19,128.752380,128.773266,128.674346,128.731589,1117144.000000
2014-03-20,133.314473,133.489535,133.113522,133.276114,4555768.000000
2014-03-21,132.176844,132.265214,132.060535,132.170575,1194786.000000
2014-03-24,133.387626,133.421840,133.257813,133.296108,3469144.000000
2014-03-25,133.449087,133.523796,133.367819,133.494084,2230697.000000
2014-03-26,133.380282,133.423781,133.346074,133.407673,3159814.000000
2014-03-27,132.543952,132.680034,132.369507,132.434763,4573176.000000
2014-03-28,132.413861,132.482719,132.243316,132.363717,582139.000000
2014-03-31,134.047170,134.158213,133.980813,134.123272,1941269.000000
2014-04-01,138.378795,138.631133,138.190601,138.490699,2807068.000000
2014-04-02,140.787169,140.805504,140.703805,140.800707,2192653.000000
2014-04-03,141.627810,141.657870,141.598356,141.603152,818634.000000
2014-04-04,137.488530,137.505395,137.366852,137.466363,1695142.000000
2014-04-07,136.871029,137.043973,136.560482,136.838688,1852907.000000
2014-04-08,137.547160,137.627796,137.315182,137.430111,1462002.000000
2014-04-09,137.113806,137.169603,137.057327,137.151307,1951494.000000
2014-04-10,135.141090,135.190811,135.008345,135.109798,1943754.000000
2014-04-11,133.880222,134.007670,133.777940,133.875136,3813865.000000
2014-04-14,134.450584,134.618323,134.449961,134.476099,2237411.000000
2014-04-15,136.101647,136.217622,136.100077,136.183329,1145536.000000
2014-04-16,136.675595,136.740375,136.506039,136.715651,4094152.000000
2014-04-17,138.116720,138.269318,138.034178,138.058373,576340.000000
2014-04-18,133.613815,133.690655,133.609808,133.645374,3462786.000000
2014-04-21,133.491032,133.552686,133.368566,133.532667,1067863.000000
2014-04-22,133.991066,134.027933,133.800708,133.869332,1341529.000000
2014-04-23,136.644584,136.731358,136.479402,136.601757,3432192.000000
2014-04-24,135.363065,135.415900,135.233826,135.301156,3832916.000000
2014-04-25,138.053608,138.082880,137.977600,137.992038,2412186.000000
2014-04-28,134.847712,134.985036,134.675160,134.740101,724593.000000
2014-04-29,136.430829,136.453396,136.383828,136.425214,733921.000000
2014-04-30,137.384014,137.737909,137.317108,137.429138,3335818.000000
2014-05-01,139.821567,139.870605,139.667275,139.824573,4822889.000000
2014-05-02,143.559901,143.686682,143.345981,143.520335,4352058.000000
2014-05-05,143.857363,143.880950,143.764030,143.872827,1054155.000000
2014-05-06,141.607147,141.641884,141.477703,141.517472,2458725.000000
2014-05-07,142.420633,142.519148,142.310324,142.329687,2549204.000000
2014-05-08,138.136934,138.191162,138.119930,138.168024,3366039.000000
2014-05-09,134.488863,134.554503,134.407910,134.503001,1837951.000000
2014-05-12,133.762801,133.877810,133.748608,133.787687,4264845.000000
2014-05-13,132.254027,132.422543,132.223484,132.279732,566555.000000
2014-05-14,128.799549,128.918480,128.640324,128.706617,4982485.000000
2014-05-15,129.004012,129.019431,128.801123,129.017690,4964166.000000
2014-05-16,130.778422,130.891813,130.753945,130.818193,4188338.000000
2014-05-19,130.196953,130.315464,130.067613,130.131816,4106266.000000
2014-05-20,134.444809,134.473330,134.099155,134.286363,1544527.000000
2014-05-21,133.037001,133.095997,132.822200,133.077298,2605458.000000
2014-05-22,131.339162,131.456526,131.303881,131.400229,2100403.000000
2014-05-23,126.802647,126.874864,126.694694,126.830438,4864003.000000
2014-05-26,125.674840,125.695080,125.656134,125.661610,2584103.000000
2014-05-27,126.461479,126.563535,126.401117,126.524949,3045746.000000
2014-05-28,127.108298,127.169415,127.072591,127.144365,4815558.000000
2014-05-29,124.689287,124.785482,124.642960,124.672832,1909986.000000
2014-05-30,123.026219,123.050506,122.874132,122.933878,1115291.000000
2014-06-02,124.060712,124.093939,124.042850,124.048813,1358591.000000
2014-06-03,122.861132,123.009954,122.645370,122.769324,3747200.000000
2014-06-04,120.488784,120.563937,120.305349,120.401842,4653070.000000
2014-06-05,119.439463,119.484589,119.278305,119.415346,1827048.000000
2014-06-06,121.642870,121.688226,121.593519,121.663512,1474747.000000
2014-06-09,120.174623,120.225836,120.141734,120.154444,1446181.000000
2014-06-10,117.877887,117.905900,117.839414,117.884165,1278086.000000
2014-06-11,122.964286,123.172738,122.925903,123.091057,620840.000000
2014-06-12,122.328574,122.459420,122.312534,122.367277,2182851.000000
2014-06-13,125.485984,125.655210,125.292166,125.428946,1577252.000000
2014-06-16,127.370518,127.531087,127.298062,127.452769,3255469.000000
2014-06-17,127.356737,127.623618,127.282967,127.349642,3641006.000000
2014-06-18,128.374273,128.440747,128.140280,128.400598,4346205.000000
2014-06-19,127.687816,127.739410,127.614273,127.718425,2492519.000000
2014-06-20,126.048625,126.332816,125.935999,126.166760,554859.000000
2014-06-23,125.834838,126.021593,125.813715,125.815755,4008268.000000
2014-06-24,125.200840,125.357006,125.169969,125.183144,3604966.000000
2014-06-25,127.218466,127.349682,127.037119,127.289629,4772084.000000
2014-06-26,128.115737,128.168703,127.903683,128.074196,2363692.000000
2014-06-27,125.574093,125.722960,125.465858,125.619288,2088872.000000
2014-06-30,122.058689,122.182009,121.960562,122.094090,4554271.000000
2014-07-01,123.568120,123.610956,123.419803,123.603148,2746101.000000
2014-07-02,121.596244,121.698840,121.570686,121.613318,3354498.000000
2014-07-03,122.989887,123.048728,122.807443,122.917018,2308536.000000
2014-07-04,122.754860,122.918820,122.711987,122.794722,688171.000000
2014-07-07,122.515817,122.773678,122.512457,122.657390,3961414.000000
2014-07-08,123.899994,123.915238,123.770802,123.799151,2437537.000000
2014-07-09,124.125828,124.240060,124.088345,124.138330,824114.000000
2014-07-10,118.388264,118.426946,118.292486,118.373358,1859411.000000
2014-07-11,119.045247,119.085669,119.001144,119.070733,4016668.000000
2014-07-14,121.274891,121.412031,121.270812,121.350043,1228049.000000
2014-07-15,121.231079,121.242399,121.008836,121.153930,1024113.000000
2014-07-16,121.623348,121.717078,121.578003,121.616202,4364385.000000
2014-07-17,120.594546,120.676402,120.511956,120.551453,1208586.000000
2014-07-18,120.264159,120.321388,120.134362,120.216128,4466366.000000
2014-07-21,122.697951,122.704455,122.617407,122.651168,4806113.000000
2014-07-22,121.736547,121.764672,121.667184,121.727309,1185239.000000
2014-07-23,123.889856,123.971017,123.841863,123.860066,2809978.000000
2014-07-24,123.454515,123.655632,123.367738,123.376082,2251197.000000
2014-07-25,123.101912,123.118552,123.089150,123.096363,2284527.000000
2014-07-28,121.955953,121.959671,121.753694,121.918759,4667380.000000
2014-07-29,122.205120,122.261080,121.967282,122.049566,4045103.000000
2014-07-30,122.421705,122.503073,122.278704,122.401119,4073506.000000
2014-07-31,124.272384,124.359477,124.218933,124.304149,4258970.000000
2014-08-01,124.989600,125.015157,124.815103,124.913786,2582848.000000
2014-08-04,124.857424,124.887898,124.679665,124.829295,4417755.000000
2014-08-05,126.264044,126.463379,126.232225,126.357198,3945664.000000
2014-08-06,128.000142,128.044024,127.922389,128.040742,1239135.000000
2014-08-07,128.640402,128.789927,128.369737,128.680786,2480414.000000
2014-08-08,129.270692,129.479300,129.137568,129.299904,4266515.000000
2014-08-11,128.525088,128.702322,128.392653,128.493769,1324043.000000
2014-08-12,128.596236,128.734880,128.455082,128.479273,4075433.000000
2014-08-13,124.122979,124.145335,123.988789,124.075898,2096738.000000
2014-08-14,125.106212,125.250683,124.969627,125.229155,1168693.000000
2014-08-15,127.937836,128.155495,127.918861,128.015199,4438381.000000
2014-08-18,124.410827,124.441747,124.376195,124.398106,644498.000000
2014-08-19,124.851692,124.911441,124.776012,124.849866,2291140.000000
2014-08-20,125.790674,125.806622,125.677991,125.772400,2355036.000000
2014-08-21,126.106107,126.502088,126.104198,126.251569,2753170.000000
2014-08-22,129.829623,130.059683,129.747004,129.865212,4710038.000000
2014-08-25,128.568658,128.608105,128.353544,128.567554,1113347.000000
2014-08-26,126.891050,126.954748,126.793380,126.885327,4463097.000000
2014-08-27,126.561410,126.647958,126.443169,126.543282,4015383.000000
2014-08-28,128.666705,128.801790,128.625209,128.764977,1318658.000000
2014-08-29,127.484235,127.518942,127.395319,127.402035,3620644.000000
2014-09-01,127.501874,127.547910,127.376431,127.505784,2842914.000000
2014-09-02,126.650537,126.779769,126.478734,126.621038,1939889.000000
2014-09-03,129.467727,129.721893,129.422243,129.609831,3436128.000000
2014-09-04,130.327141,130.366769,130.149960,130.239822,1862831.000000
2014-09-05,129.520425,129.588223,129.422840,129.545362,1756562.000000
2014-09-08,129.206758,129.285792,129.094662,129.156969,4319974.000000
2014-09-09,129.381183,129.464089,129.313404,129.313641,2829238.000000
2014-09-10,129.505762,129.657816,129.392012,129.474795,3796142.000000
2014-09-11,135.980271,136.206867,135.928614,136.059711,854571.000000
2014-09-12,132.626411,132.685051,132.494422,132.570222,2576628.000000
2014-09-15,136.195244,136.251293,136.144644,136.207750,4103831.000000
2014-09-16,135.340852,135.349974,135.327802,135.330486,1478511.000000
2014-09-17,133.822526,133.973832,133.750289,133.954366,1467352.000000
2014-09-18,136.473692,136.561902,136.294733,136.462144,689291.000000
2014-09-19,139.412283,139.463166,139.384793,139.453333,1212894.000000
2014-09-22,136.791538,136.906840,136.614804,136.702050,2871886.000000
2014-09-23,136.572986,136.729766,136.514215,136.580558,624203.000000
2014-09-24,138.645818,138.785815,138.626390,138.662210,826601.000000
2014-09-25,132.776601,132.817308,132.712348,132.788361,1621686.000000
2014-09-26,132.440360,132.601563,132.351632,132.446596,4229279.000000
2014-09-29,133.717040,133.792513,133.683256,133.729695,3831870.000000
2014-09-30,135.074831,135.194308,134.882069,135.055640,1734957.000000
2014-10-01,134.368398,134.469961,134.264379,134.370622,4972258.000000
2014-10-02,133.487217,133.559403,133.437578,133.506796,2301821.000000
2014-10-03,134.997656,135.048739,134.909219,134.938206,3335252.000000
2014-10-06,133.422678,133.644834,133.350351,133.501516,3952077.000000
2014-10-07,130.988029,131.013027,130.969509,130.981678,4736628.000000
2014-10-08,133.990175,134.041838,133.733541,133.873486,3452708.000000
2014-10-09,135.002352,135.258474,134.809163,134.947447,2514400.000000
2014-10-10,134.876274,134.985339,134.844503,134.871550,4485556.000000
2014-10-13,134.368246,134.441168,134.299239,134.356276,586417.000000
2014-10-14,135.282604,135.408121,135.167517,135.332666,1700523.000000
2014-10-15,133.844938,133.959822,133.634407,133.876877,4522740.000000
2014-10-16,134.510624,134.632542,134.280018,134.431100,2252108.000000
2014-10-17,136.203441,136.290950,135.916059,136.123028,3224134.000000
2014-10-20,133.027270,133.072075,132.953986,132.984998,4151430.000000
2014-10-21,134.875443,134.982958,134.784424,134.917776,2581293.000000
2014-10-22,135.955077,136.073835,135.724308,135.787742,900353.000000
2014-10-23,134.803623,134.863692,134.670290,134.833005,4104959.000000
2014-10-24,134.515316,134.793130,134.510911,134.618872,1542365.000000
2014-10-27,138.212992,138.279831,138.052074,138.174379,845179.000000
2014-10-28,135.466172,135.668768,135.423624,135.446716,1994110.000000
2014-10-29,136.729020,136.768639,136.679637,136.745746,718253.000000
2014-10-30,139.380697,139.475415,139.204666,139.321365,3648868.000000
2014-10-31,136.312069,136.412238,136.038300,136.207202,619086.000000
2014-11-03,139.913934,140.050122,139.714823,140.016960,4589481.000000
2014-11-04,138.914036,139.137920,138.853708,139.019168,2983954.000000
2014-11-05,135.991225,136.017954,135.721552,135.885044,3800087.000000
2014-11-06,135.831244,135.974597,135.793484,135.835711,3060174.000000
2014-11-07,138.646773,138.767199,138.587086,138.684270,2723492.000000
2014-11-10,137.393770,137.483117,137.333673,137.409025,2290470.000000
2014-11-11,134.660660,134.885398,134.544465,134.703748,1954354.000000
2014-11-12,131.827691,132.029818,131.778989,131.875596,4538380.000000
2014-11-13,128.947344,129.012132,128.833999,128.845730,3885572.000000
2014-11-14,127.303156,127.530085,127.252170,127.257909,3654378.000000
2014-11-17,127.980626,128.007251,127.866308,127.881008,4316799.000000
2014-11-18,128.586337,128.650462,128.456748,128.533953,2460514.000000
2014-11-19,132.078087,132.118259,131.831276,131.967952,3154621.000000
2014-11-20,132.086006,132.254202,132.056054,132.244812,3425639.000000
2014-11-21,132.827809,133.117762,132.761908,132.962969,4491614.000000
2014-11-24,131.136851,131.243112,131.136778,131.150302,3664834.000000
2014-11-25,135.195166,135.334982,135.156340,135.215072,3055625.000000
2014-11-26,134.490971,134.727210,134.447423,134.638318,3304362.000000
2014-11-27,136.714332,136.908193,136.576062,136.888848,3760041.000000
2014-11-28,136.700900,136.892840,136.615693,136.664531,2288186.000000
2014-12-01,136.139310,136.246294,136.119495,136.187304,3883260.000000
2014-12-02,134.799656,134.803127,134.641437,134.667606,3296631.000000
2014-12-03,134.383092,134.539192,134.213954,134.356053,4097553.000000
2014-12-04,133.809312,133.898320,133.741891,133.781260,2707260.000000
2014-12-05,134.750138,135.014862,134.631305,134.793116,1772032.000000
2014-12-08,135.954911,136.100812,135.858292,135.941456,1325112.000000
2014-12-09,134.545458,134.597275,134.349415,134.580541,1553289.000000
2014-12-10,132.206890,132.287840,131.970723,132.110458,2884895.000000
2014-12-11,133.088133,133.096786,133.029762,133.071594,4935555.000000
2014-12-12,132.075024,132.237737,131.970314,132.171782,1905862.000000
2014-12-15,133.194921,133.254389,132.987122,133.114996,3102219.000000
2014-12-16,132.365800,132.481009,132.292175,132.414955,3141799.000000
2014-12-17,132.214117,132.410876,132.119014,132.259026,3575942.000000
2014-12-18,130.345323,130.360994,130.255496,130.326284,2146548.000000
2014-12-19,131.825384,131.842108,131.660838,131.749138,2615287.000000
2014-12-22,128.485328,128.689657,128.392007,128.638226,2270468.000000
2014-12-23,129.317204,129.521769,129.272989,129.427105,2829297.000000
2014-12-24,126.523075,126.628061,126.497072,126.571819,1837087.000000
2014-12-25,129.678088,129.794222,129.501804,129.591610,1785225.000000
2014-12-26,128.674548,128.712456,128.621638,128.677349,4821147.000000
2014-12-29,127.706002,127.741140,127.672793,127.693160,550445.000000
2014-12-30,132.495576,132.694358,132.488769,132.502269,544304.000000
2014-12-31,133.019089,133.106533,132.877362,132.976908,3206402.000000
2015-01-01,130.681524,130.758762,130.677823,130.703262,3672440.000000
2015-01-02,131.533732,131.601252,131.403898,131.478248,4633330.000000
2015-01-05,131.068158,131.302449,130.944776,131.026791,2208437.000000
2015-01-06,133.411098,133.496658,133.245070,133.394733,658511.000000
2015-01-07,131.295832,131.463190,131.086920,131.246939,2164758.000000
2015-01-08,129.777059,129.865766,129.628616,129.792505,3188324.000000
2015-01-09,134.558899,134.788032,134.547210,134.690410,2984865.000000
2015-01-12,138.539830,138.752872,138.507833,138.575609,4166822.000000
2015-01-13,138.748837,139.068375,138.696989,138.722351,512871.000000
2015-01-14,140.361388,140.426383,140.171515,140.385626,1308022.000000
2015-01-15,139.677584,139.824822,139.540102,139.684889,3488027.000000
2015-01-16,141.290962,141.403750,141.278671,141.353647,1516182.000000
2015-01-19,144.900618,145.001537,144.694257,144.975392,2740582.000000
2015-01-20,145.231775,145.490657,145.206537,145.315296,4432484.000000
2015-01-21,146.267992,146.368126,146.200930,146.303921,2632559.000000
2015-01-22,146.777169,146.853734,146.719667,146.747295,3559134.000000
2015-01-23,147.108788,147.228010,147.036588,147.102680,4952012.000000
2015-01-26,147.456079,147.492414,147.225694,147.351479,816115.000000
2015-01-27,144.640215,144.763674,144.453622,144.704930,1315751.000000
2015-01-28,142.729718,142.824330,142.532302,142.671576,1558259.000000
2015-01-29,143.059788,143.153653,142.927360,142.928306,880571.000000
2015-01-30,142.628451,142.737664,142.438711,142.560569,1299767.000000
2015-02-02,143.190116,143.242064,142.886031,143.071745,2953852.000000
2015-02-03,143.981710,144.222797,143.919382,144.158502,3886985.000000
2015-02-04,146.609078,146.625659,146.571605,146.586005,4936231.000000
2015-02-05,146.250744,146.466443,146.170345,146.188717,4731349.000000
2015-02-06,145.381708,145.403518,145.159788,145.263001,3042052.000000
2015-02-09,147.358109,147.368093,147.268163,147.320368,4949415.000000
2015-02-10,148.965935,149.134808,148.859763,148.973759,2314550.000000
2015-02-11,143.914387,144.186940,143.781313,144.063896,693391.000000
2015-02-12,142.364078,142.528948,142.246574,142.426547,529057.000000
2015-02-13,141.776318,141.948351,141.630815,141.851637,2179687.000000
2015-02-16,145.749080,145.778781,145.467025,145.632264,2508142.000000
2015-02-17,143.943824,143.969633,143.805707,143.822063,4915420.000000
2015-02-18,139.211098,139.491419,139.190900,139.277478,4518999.000000
2015-02-19,135.568684,135.651803,135.452981,135.591514,3362561.000000
2015-02-20,135.923241,135.933715,135.862563,135.892098,4635375.000000
2015-02-23,133.859767,133.872775,133.786157,133.868972,4322294.000000
2015-02-24,131.803763,131.932457,131.687652,131.852660,4095425.000000
2015-02-25,134.887898,134.977935,134.842097,134.947825,1345444.000000
2015-02-26,137.146934,137.261294,137.088255,137.151453,4535433.000000
2015-02-27,139.895630,139.960961,139.590784,139.784186,648614.000000
2015-03-02,141.940639,142.246302,141.830394,141.916018,1948810.000000
2015-03-03,142.649046,142.687986,142.361942,142.650620,2466816.000000
2015-03-04,142.868712,142.934385,142.837305,142.879654,503436.000000
2015-03-05,145.996033,146.144127,145.914761,145.974242,2055703.000000
2015-03-06,145.748557,145.788512,145.637126,145.719545,4436152.000000
2015-03-09,152.043451,152.280750,152.026547,152.054681,1985118.000000
2015-03-10,150.851943,150.919995,150.825057,150.863637,669597.000000
2015-03-11,153.627579,153.656513,153.500878,153.619854,3891555.000000
2015-03-12,148.704034,148.999095,148.575994,148.804803,1723269.000000
2015-03-13,150.442629,150.543817,150.171544,150.291746,2420007.000000
2015-03-16,148.978048,149.090132,148.670637,148.866366,2478577.000000
2015-03-17,150.585133,150.699839,150.450614,150.645434,3068944.000000
2015-03-18,149.813485,149.858038,149.764203,149.848190,2929616.000000
2015-03-19,151.496145,151.545433,151.486046,151.528928,1062023.000000
2015-03-20,149.915828,149.948763,149.751719,149.846963,3297376.000000
2015-03-23,155.127964,155.274653,154.973687,155.203687,2055687.000000
2015-03-24,153.115867,153.205549,153.038604,153.102504,1151809.000000
2015-03-25,154.738067,154.806054,154.717317,154.776860,3031114.000000
2015-03-26,152.094800,152.096981,151.912229,152.026115,2357330.000000
2015-03-27,150.646919,150.760959,150.381682,150.542153,4820147.000000
2015-03-30,152.749982,152.830362,152.740423,152.771562,1216978.000000
2015-03-31,153.198053,153.421184,152.953280,153.217080,2790530.000000
2015-04-01,151.621092,151.636584,151.597168,151.603730,3905600.000000
2015-04-02,153.953714,153.992204,153.864788,153.959027,3564802.000000
2015-04-03,155.274806,155.414561,155.174237,155.257321,734861.000000
2015-04-06,157.291687,157.637528,157.228519,157.267946,1840084.000000
2015-04-07,156.443613,156.495269,156.408860,156.488200,2641175.000000
2015-04-08,156.678662,157.030972,156.667034,156.824682,904482.000000
2015-04-09,158.517598,158.660438,158.449374,158.595631,1175343.000000
2015-04-10,158.078915,158.210542,158.054596,158.086936,2965959.000000
2015-04-13,161.702618,161.847988,161.533449,161.764406,1455480.000000
2015-04-14,158.724820,158.833678,158.649884,158.759309,2898248.000000
2015-04-15,159.651162,159.767474,159.639497,159.646446,3796907.000000
2015-04-16,156.812408,156.861152,156.729016,156.796006,643842.000000
2015-04-17,154.363700,154.486136,154.335493,154.454087,3109247.000000
2015-04-20,149.998695,150.016084,149.887031,149.906947,2565277.000000
2015-04-21,148.740704,148.877132,148.610816,148.667455,3061522.000000
2015-04-22,149.044491,149.069724,148.969309,149.019496,2164935.000000
2015-04-23,145.920365,146.057421,145.822033,145.895934,2039432.000000
2015-04-24,149.049011,149.260604,149.018067,149.141150,630933.000000
2015-04-27,147.885683,147.985669,147.578028,147.984035,788678.000000
2015-04-28,148.073655,148.168545,148.005063,148.137500,3637892.000000
2015-04-29,148.509402,148.594592,148.353118,148.483675,4692437.000000
2015-04-30,147.007890,147.122961,146.997463,147.002626,2602534.000000
2015-05-01,149.454680,149.509489,149.412589,149.499141,3090725.000000
2015-05-04,148.627696,148.864799,148.430054,148.550337,1084993.000000
2015-05-05,147.305348,147.470511,147.155287,147.284249,4983960.000000
2015-05-06,148.359254,148.440919,148.200241,148.380470,3967741.000000
2015-05-07,147.972836,148.083944,147.711503,147.883794,2905905.000000
2015-05-08,149.304847,149.316463,149.132339,149.247732,3371491.000000
2015-05-11,148.219829,148.387023,147.972049,148.074433,3174331.000000
2015-05-12,151.813527,151.930801,151.708515,151.871583,3945864.000000
2015-05-13,148.748380,148.900423,148.543983,148.863141,4653730.000000
2015-05-14,147.112000,147.240077,147.061219,147.157098,4228212.000000
2015-05-15,146.124574,146.230097,146.073631,146.165701,4000415.000000
2015-05-18,145.843531,146.000833,145.727743,145.823990,2206140.000000
2015-05-19,144.035383,144.265787,144.034450,144.062854,3132949.000000
2015-05-20,148.542880,148.845096,148.293982,148.589266,4235324.000000
2015-05-21,149.477220,149.600889,149.389748,149.550902,2981766.000000
2015-05-22,150.828432,150.972147,150.423046,150.710160,2423352.000000
2015-05-25,150.325587,150.473636,150.302896,150.375030,679876.000000
2015-05-26,152.288488,152.366931,152.104262,152.360011,2172365.000000
2015-05-27,148.129693,148.246486,148.111610,148.122576,1112337.000000
2015-05-28,145.629906,145.704822,145.529181,145.614563,4678603.000000
2015-05-29,147.411565,147.644301,147.295855,147.479836,4134739.000000
2015-06-01,150.241868,150.266609,150.152746,150.194234,3292999.000000
2015-06-02,152.805853,152.950340,152.726524,152.813721,3841206.000000
2015-06-03,150.540019,150.784749,150.482075,150.601609,4552449.000000
2015-06-04,150.323564,150.339311,150.173374,150.301595,2099816.000000
2015-06-05,150.268722,150.309509,150.114604,150.272225,713437.000000
2015-06-08,150.780768,151.020971,150.623077,150.904927,4614236.000000
2015-06-09,148.347448,148.503596,148.231144,148.366240,3929446.000000
2015-06-10,150.830871,150.867300,150.671642,150.755257,4995610.000000
2015-06-11,149.554434,149.897320,149.479331,149.629767,1266429.000000
2015-06-12,147.814395,147.990927,147.790078,147.873672,1876651.000000
2015-06-15,145.089800,145.198329,144.977970,145.170915,615850.000000
2015-06-16,145.907771,146.105092,145.600002,145.814901,665908.000000
2015-06-17,145.884950,146.049487,145.762195,145.858176,1370371.000000
2015-06-18,146.731954,146.739714,146.491224,146.661259,2590125.000000
2015-06-19,144.430819,144.523726,144.283305,144.467739,585855.000000
2015-06-22,145.606190,145.753260,145.406734,145.487635,2949779.000000
2015-06-23,147.348281,147.417701,147.169265,147.415322,1595540.000000
2015-06-24,146.004351,146.167058,145.836036,145.986357,3652366.000000
2015-06-25,149.287710,149.379471,149.229740,149.345359,3989483.000000
2015-06-26,151.083228,151.189881,151.072667,151.099931,4984718.000000
2015-06-29,153.197995,153.446629,153.154331,153.294402,3002338.000000
2015-06-30,154.707382,154.764086,154.611086,154.714211,867665.000000
2015-07-01,159.155984,159.255205,158.916617,159.141148,3675383.000000
2015-07-02,158.437568,158.597363,158.431817,158.460174,2277200.000000
2015-07-03,160.061447,160.181454,160.019181,160.115137,3984006.000000
2015-07-06,162.326684,162.331659,162.170964,162.279029,3357917.000000
2015-07-07,164.866610,164.975566,164.785795,164.967888,2706997.000000
2015-07-08,161.998322,162.054665,161.703470,161.893478,1469153.000000
2015-07-09,162.467424,162.490730,162.412010,162.481323,2030700.000000
2015-07-10,161.226110,161.451460,161.184297,161.329970,677491.000000
2015-07-13,158.332269,158.379392,158.186492,158.296430,4899104.000000
2015-07-14,159.665072,159.787942,159.497258,159.631408,1965887.000000
2015-07-15,161.944888,162.005745,161.698801,161.995306,1777074.000000
2015-07-16,159.619909,159.777030,159.561542,159.681952,2481873.000000
2015-07-17,157.478149,157.623909,157.458350,157.581244,4690022.000000
2015-07-20,158.896855,158.955598,158.751694,158.891782,1994575.000000
2015-07-21,157.151749,157.478957,157.107096,157.279312,4269790.000000
2015-07-22,156.949853,156.959384,156.800810,156.954578,2968718.000000
2015-07-23,160.839348,160.986597,160.584797,160.955710,2505164.000000
2015-07-24,160.434016,160.487120,160.260286,160.452870,2822884.000000
2015-07-27,160.647825,160.761450,160.578115,160.631214,4399725.000000
2015-07-28,163.419325,163.580756,163.225228,163.384282,3921945.000000
2015-07-29,164.431775,164.514355,164.294516,164.480588,4383540.000000
2015-07-30,164.646512,164.800241,164.579463,164.630402,890641.000000
2015-07-31,161.592167,161.594868,161.424068,161.541182,1058338.000000
2015-08-03,157.970715,158.126306,157.777257,157.877821,1957386.000000
2015-08-04,161.680077,161.849600,161.580077,161.704108,2484552.000000
2015-08-05,166.735945,167.036928,166.590008,166.854192,3896283.000000
2015-08-06,163.064924,163.143411,162.921334,163.081811,4087050.000000
2015-08-07,163.151607,163.321035,163.081603,163.231236,2909669.000000
2015-08-10,162.744718,162.910818,162.713392,162.746525,1472695.000000
2015-08-11,162.431384,162.715574,162.298214,162.374793,1978912.000000
2015-08-12,162.899016,162.925482,162.702044,162.853198,3068607.000000
2015-08-13,165.902576,166.038239,165.852757,166.017375,3723565.000000
2015-08-14,169.684964,169.756116,169.445615,169.690616,4846732.000000
2015-08-17,171.237638,171.405655,170.751937,171.177979,998752.000000
2015-08-18,168.947847,169.052096,168.848908,168.915607,712312.000000
2015-08-19,164.713313,164.824258,164.642076,164.798781,1073745.000000
2015-08-20,158.774680,158.817612,158.606085,158.680393,1347496.000000
2015-08-21,161.751352,161.929479,161.742111,161.811956,2013531.000000
2015-08-24,165.508038,165.595384,165.355580,165.454255,1117887.000000
2015-08-25,162.420536,162.555092,162.126964,162.429435,1874070.000000
2015-08-26,161.858304,161.881589,161.853121,161.874493,1493682.000000
2015-08-27,162.942651,163.112658,162.884776,163.075246,990710.000000
2015-08-28,162.982879,163.204760,162.893126,163.035119,1021514.000000
2015-08-31,162.147492,162.429891,162.109289,162.272821,1128367.000000
2015-09-01,163.136629,163.160876,163.022575,163.102840,963472.000000
2015-09-02,165.077686,165.109826,165.004408,165.004787,1055753.000000
2015-09-03,165.065824,165.153499,164.886805,164.902934,3723006.000000
2015-09-04,164.470537,164.696137,164.298910,164.374794,1591082.000000
2015-09-07,165.555523,165.616778,165.403329,165.454259,3375685.000000
2015-09-08,166.577317,166.706698,166.378573,166.590815,4422340.000000
2015-09-09,163.940435,163.953841,163.881229,163.941378,2938157.000000
2015-09-10,158.533592,158.611766,158.520638,158.565214,2848193.000000
2015-09-11,157.201599,157.349991,157.055515,157.182737,3005085.000000
2015-09-14,159.105807,159.193734,158.997944,159.140861,4637378.000000
2015-09-15,156.437422,156.565310,156.124902,156.311329,2959431.000000
2015-09-16,160.524048,160.582387,160.466518,160.530365,2196457.000000
2015-09-17,164.185187,164.330738,164.095456,164.266434,3939828.000000
2015-09-18,158.985629,159.117624,158.766431,159.034903,4038779.000000
2015-09-21,160.989634,161.113756,160.973638,161.059103,1791322.000000
2015-09-22,160.308495,160.449392,160.138675,160.271035,2378328.000000
2015-09-23,160.589377,160.836819,160.570310,160.578411,4422288.000000
2015-09-24,157.926350,157.944307,157.852475,157.915448,3071518.000000
2015-09-25,158.485760,158.574179,158.337484,158.562749,4335743.000000
2015-09-28,153.865565,153.867869,153.736254,153.759644,1675856.000000
2015-09-29,155.845547,155.900752,155.691604,155.789391,2412798.000000
2015-09-30,151.823070,152.093550,151.657334,151.901074,1854526.000000
2015-10-01,151.386213,151.443678,151.349692,151.419273,3715584.000000
2015-10-02,152.182276,152.314034,152.093495,152.253372,1184068.000000
2015-10-05,151.594930,151.675244,151.415373,151.462055,3850395.000000
2015-10-06,151.021562,151.024654,150.725656,150.901784,4239766.000000
2015-10-07,149.534999,149.652565,149.370623,149.580189,1627461.000000
2015-10-08,147.879744,147.966149,147.752089,147.811922,3870350.000000
2015-10-09,145.913688,146.033302,145.756852,146.027126,1740026.000000
2015-10-12,144.503340,144.639518,144.275438,144.402586,2574725.000000
2015-10-13,143.068225,143.282172,142.929772,143.114067,594168.000000
2015-10-14,142.228006,142.410237,142.180228,142.295340,4415982.000000
2015-10-15,143.890991,144.003185,143.770319,143.962511,2539871.000000
2015-10-16,139.823068,140.023524,139.773951,139.943402,4780343.000000
2015-10-19,141.598589,141.808662,141.541443,141.700410,2820126.000000
2015-10-20,143.071464,143.188058,142.986179,143.038742,3427313.000000
2015-10-21,143.358490,143.402978,143.162260,143.211282,2385391.000000
2015-10-22,142.490720,142.665323,142.436898,142.439077,3543642.000000
2015-10-23,141.271810,141.392727,141.136057,141.363303,3481056.000000
2015-10-26,139.314519,139.440789,139.196204,139.252443,723143.000000
2015-10-27,143.968711,144.113361,143.685665,143.808450,2866590.000000
2015-10-28,142.406105,142.458803,142.338308,142.417592,1518761.000000
2015-10-29,142.379348,142.604520,142.366613,142.488076,4404461.000000
2015-10-30,140.804344,140.932608,140.720101,140.778184,2574517.000000
2015-11-02,142.938244,143.032356,142.835100,142.861324,2780236.000000
2015-11-03,138.980319,139.076102,138.763284,138.925263,3691570.000000
2015-11-04,137.702242,137.868722,137.631940,137.776931,4007351.000000
2015-11-05,138.607535,138.729787,138.419711,138.695665,4108011.000000
2015-11-06,140.745858,140.823346,140.679525,140.748370,4739098.000000
2015-11-09,136.129703,136.179012,136.057815,136.059790,1671045.000000
2015-11-10,136.449098,136.584515,136.275671,136.403554,3528067.000000
2015-11-11,136.814374,137.097517,136.675105,136.889108,3965488.000000
2015-11-12,134.076444,134.254282,134.032957,134.075060,2697989.000000
2015-11-13,134.620335,134.758666,134.551762,134.643435,719945.000000
2015-11-16,134.924987,135.223449,134.888192,134.945893,2398818.000000
2015-11-17,134.605734,134.782474,134.432167,134.642644,1756331.000000
2015-11-18,138.842298,139.125723,138.766671,139.001536,2988946.000000
2015-11-19,136.673658,136.749201,136.507079,136.628913,3535777.000000
2015-11-20,137.124951,137.182483,137.071432,137.092012,4530596.000000
2015-11-23,139.992941,140.003001,139.687173,139.892479,1996078.000000
2015-11-24,136.254040,136.391940,136.225098,136.249534,820656.000000
2015-11-25,139.733820,139.794169,139.663942,139.722551,1351943.000000
2015-11-26,144.643179,144.644117,144.418361,144.585254,788625.000000
2015-11-27,145.840588,145.907235,145.771383,145.876062,1959190.000000
2015-11-30,143.969294,144.125570,143.859709,143.935003,2244320.000000
2015-12-01,140.918002,140.989715,140.840712,140.914559,2280311.000000
2015-12-02,142.890722,142.935680,142.771686,142.896409,3115514.000000
2015-12-03,140.591100,140.620074,140.528097,140.611959,1120383.000000
2015-12-04,136.976442,137.006861,136.900423,136.914144,4628932.000000
2015-12-07,137.354330,137.546001,137.167097,137.275450,633006.000000
2015-12-08,138.648143,138.806617,138.508947,138.525070,4575009.000000
2015-12-09,139.484401,139.509617,139.384789,139.461834,4543404.000000
2015-12-10,136.642074,136.722864,136.548689,136.583737,4042906.000000
2015-12-11,136.846914,137.018050,136.653176,136.766863,2157460.000000
2015-12-14,135.197740,135.340423,135.119213,135.155518,3042110.000000
2015-12-15,137.722560,137.770035,137.482455,137.626815,4929542.000000
2015-12-16,138.364238,138.493038,138.360035,138.444576,1995370.000000
2015-12-17,139.801938,139.971038,139.644517,139.876286,4739567.000000
2015-12-18,141.825961,141.960855,141.742706,141.850224,2944905.000000
2015-12-21,142.249245,142.348364,142.191897,142.302825,2326586.000000
2015-12-22,146.348384,146.458863,146.259454,146.428597,1811188.000000
2015-12-23,146.363641,146.566602,146.279323,146.295007,739136.000000
2015-12-24,146.692236,146.725127,146.631279,146.718604,2083251.000000
2015-12-25,147.113953,147.371965,147.038129,147.298465,3689359.000000
2015-12-28,153.663727,153.787333,153.635763,153.735470,1444183.000000
2015-12-29,152.426591,152.728845,152.311657,152.513850,3782989.000000
2015-12-30,149.457147,149.485009,149.307909,149.439248,2509794.000000
2015-12-31,148.657389,148.657895,148.585821,148.637332,3370219.000000
2016-01-01,150.141597,150.160892,149.988135,150.157029,2073664.000000
2016-01-04,153.189266,153.371615,153.067611,153.284477,779184.000000
2016-01-05,151.663574,151.777991,151.578737,151.625979,1595083.000000
2016-01-06,155.377088,155.400374,155.217961,155.357995,3187192.000000
2016-01-07,156.916137,157.011353,156.882593,156.959747,3258626.000000
2016-01-08,154.743494,154.890102,154.738227,154.848488,3367082.000000
2016-01-11,158.054771,158.347762,157.811270,158.034188,3239919.000000
2016-01-12,157.942945,158.100433,157.814002,157.953190,1519933.000000
2016-01-13,157.328962,157.438901,157.194982,157.313244,1572229.000000
2016-01-14,156.175643,156.400587,156.074080,156.226762,2748122.000000
2016-01-15,154.937606,155.084707,154.921099,155.021690,4931794.000000
2016-01-18,155.993378,156.153986,155.923000,156.053417,1188979.000000
2016-01-19,160.294777,160.433520,160.192073,160.333690,2621421.000000
2016-01-20,163.173426,163.225071,163.031585,163.180205,4754415.000000
2016-01-21,169.166848,169.630599,168.986627,169.362231,1638033.000000
2016-01-22,170.021134,170.093648,169.833147,169.910345,4906200.000000
2016-01-25,169.127982,169.253461,168.917465,169.079886,2412252.000000
2016-01-26,167.355461,167.578604,167.309771,167.311463,2655802.000000
2016-01-27,167.441082,167.593871,167.322966,167.450440,2199641.000000
2016-01-28,169.548953,169.616216,169.301355,169.449002,1883515.000000
2016-01-29,174.199231,174.350099,173.933990,173.968970,2137475.000000
2016-02-01,173.290093,173.300977,173.243570,173.251989,1606521.000000
2016-02-02,172.566098,172.600450,172.365665,172.579812,700538.000000
2016-02-03,171.831534,171.867069,171.706153,171.809372,3504925.000000
2016-02-04,173.616099,173.778104,173.443391,173.501638,2715855.000000
2016-02-05,173.065899,173.128982,172.933460,173.062924,522728.000000
2016-02-08,176.590038,176.697106,176.530579,176.573808,1968809.000000
2016-02-09,174.988749,175.030029,174.981101,175.004153,4915929.000000
2016-02-10,178.350505,178.520743,178.271734,178.273794,3513354.000000
2016-02-11,179.932365,179.977207,179.753109,179.829741,3652368.000000
2016-02-12,175.200628,175.355957,174.885624,175.209653,2980397.000000
2016-02-15,173.430570,173.524828,173.214768,173.384479,3294333.000000
2016-02-16,170.522828,170.680270,170.290675,170.604129,3601185.000000
2016-02-17,167.837848,167.981577,167.691167,167.881820,1672843.000000
2016-02-18,163.914547,164.168474,163.841233,163.880576,3039474.000000
2016-02-19,164.368192,164.556513,164.350061,164.421063,4243670.000000
2016-02-22,162.142113,162.355583,162.028141,162.215201,4920705.000000
2016-02-23,161.978109,162.002559,161.957078,161.965166,3525567.000000
2016-02-24,164.135108,164.177638,163.964568,164.137054,2393229.000000
2016-02-25,163.553017,163.783029,163.360256,163.507910,3430524.000000
2016-02-26,164.608565,164.803681,164.543847,164.617434,3487884.000000
2016-02-29,165.168382,165.369834,165.146747,165.173236,4183676.000000
2016-03-01,160.138970,160.206151,159.976691,160.033687,4886631.000000
2016-03-02,162.099703,162.158340,161.725953,162.030379,3265890.000000
2016-03-03,164.432846,164.786873,164.228178,164.467201,2237762.000000
2016-03-04,166.124780,166.159577,166.064496,166.155955,4866576.000000
2016-03-07,165.051726,165.124698,164.961686,165.046699,4443439.000000
2016-03-08,162.507772,162.706529,162.452234,162.553282,4037993.000000
2016-03-09,159.808431,159.954594,159.705517,159.761123,2857981.000000
2016-03-10,160.399483,160.631164,160.206891,160.419308,1845879.000000
2016-03-11,162.215734,162.436544,162.121557,162.269099,1219720.000000
2016-03-14,158.489177,158.531351,158.316363,158.369569,989861.000000
2016-03-15,158.444316,158.637222,158.371841,158.507216,2857986.000000
2016-03-16,156.025623,156.348704,155.999405,156.183336,3718817.000000
2016-03-17,153.744456,153.752627,153.680127,153.742779,2156298.000000
2016-03-18,153.690369,153.699536,153.474980,153.576642,3425117.000000
2016-03-21,151.017068,151.048206,150.899623,151.044611,1094085.000000
2016-03-22,150.184640,150.475316,150.100590,150.133426,2621900.000000
2016-03-23,151.214109,151.492615,150.968910,151.236370,3076054.000000
2016-03-24,151.305416,151.417496,151.106410,151.237940,3039314.000000
2016-03-25,149.351050,149.513974,149.180637,149.407877,2998755.000000
2016-03-28,149.874812,149.970759,149.793187,149.859848,3891854.000000
2016-03-29,147.073385,147.179292,146.917195,147.161394,798353.000000
2016-03-30,146.591859,146.618588,146.208129,146.407812,3299288.000000
2016-03-31,149.464888,149.573058,149.386497,149.506995,659165.000000
2016-04-01,150.401276,150.474737,150.355469,150.357442,1676216.000000
2016-04-04,152.553435,152.560766,152.520319,152.532983,1808848.000000
2016-04-05,150.810052,150.857895,150.747100,150.785171,856200.000000
2016-04-06,149.983928,150.201249,149.828184,150.099473,1569225.000000
2016-04-07,149.755812,149.775234,149.671671,149.701295,4598135.000000
2016-04-08,148.128101,148.370673,148.109041,148.223153,3967572.000000
2016-04-11,146.769568,146.820390,146.739521,146.809962,3035813.000000
2016-04-12,146.772160,146.840179,146.682132,146.699427,4400856.000000
2016-04-13,144.597650,144.690312,144.481658,144.577397,3204617.000000
2016-04-14,143.721915,143.873252,143.637434,143.710489,626829.000000
2016-04-15,144.547083,144.659999,144.528256,144.638775,4259804.000000
2016-04-18,145.073349,145.174649,144.816000,145.140602,4686093.000000
2016-04-19,143.937249,143.980517,143.730465,143.874300,2704815.000000
2016-04-20,143.336089,143.411996,143.235637,143.294332,2549908.000000
2016-04-21,142.975768,143.110216,142.795296,143.018966,3153005.000000
2016-04-22,142.265946,142.495698,142.078263,142.362359,1112380.000000
2016-04-25,140.130546,140.211427,140.050624,140.078399,4084527.000000
2016-04-26,139.932395,140.132169,139.904263,139.976297,2135527.000000
2016-04-27,138.630927,138.675405,138.583536,138.585938,4493483.000000
2016-04-28,138.201385,138.313014,138.010933,138.198230,2289537.000000
2016-04-29,133.095819,133.164055,133.062620,133.085267,2721984.000000
2016-05-02,132.806240,132.843432,132.684194,132.796102,3655985.000000
2016-05-03,134.669678,134.692613,134.496654,134.626209,4318428.000000
2016-05-04,137.326978,137.619630,137.302370,137.381352,1286252.000000
2016-05-05,136.506812,136.647043,136.370682,136.414776,3920274.000000
2016-05-06,137.279448,137.492937,137.093642,137.392109,1026131.000000
2016-05-09,137.077088,137.078470,136.854597,137.011870,4199961.000000
2016-05-10,137.105351,137.182801,136.818727,136.994090,2670964.000000
2016-05-11,137.660570,137.696598,137.466706,137.636188,694938.000000
2016-05-12,140.306408,140.488254,140.261548,140.330741,3172830.000000
2016-05-13,140.818193,140.844569,140.772935,140.797106,2923260.000000
2016-05-16,141.795714,141.870001,141.660018,141.797305,838687.000000
2016-05-17,137.237777,137.472757,137.104472,137.323561,4340226.000000
2016-05-18,140.155436,140.305942,140.038046,140.264329,1364933.000000
2016-05-19,136.603964,136.606935,136.431446,136.570244,4883451.000000
2016-05-20,138.590945,138.787489,138.363823,138.513188,4258836.000000
2016-05-23,136.507496,136.607980,136.395136,136.607396,568225.000000
2016-05-24,136.762416,136.853857,136.536932,136.749899,4015730.000000
2016-05-25,134.437052,134.467474,134.285370,134.392925,1916848.000000
2016-05-26,133.228944,133.365922,133.198191,133.227614,1979578.000000
2016-05-27,133.700957,134.017532,133.681740,133.904245,4676165.000000
2016-05-30,130.990878,131.021695,130.899335,130.936928,4459909.000000
2016-05-31,132.664033,132.781556,132.608692,132.686488,975282.000000
2016-06-01,133.436359,133.447451,133.350869,133.414077,3348130.000000
2016-06-02,132.969884,133.055420,132.840503,132.972661,2238439.000000
2016-06-03,131.987569,132.038178,131.845152,131.995668,725010.000000
2016-06-06,130.622328,130.691027,130.609428,130.643538,1731709.000000
2016-06-07,128.053711,128.075796,127.836294,127.920659,534927.000000
2016-06-08,130.838417,131.018356,130.804059,130.941367,3778777.000000
2016-06-09,131.417055,131.641602,131.330791,131.515443,690225.000000
2016-06-10,132.500475,132.593819,132.326114,132.400099,2672708.000000
2016-06-13,131.961146,132.205604,131.889124,132.029829,1982485.000000
2016-06-14,135.433545,135.571981,135.431312,135.553114,4443937.000000
2016-06-15,133.564081,133.679669,133.372151,133.558347,3802033.000000
2016-06-16,137.087694,137.191895,137.016692,137.039902,2096252.000000
2016-06-17,132.123790,132.135187,132.030632,132.125380,3930171.000000
2016-06-20,133.935916,133.949715,133.928264,133.935340,1738580.000000
2016-06-21,135.550915,135.737402,135.376267,135.426499,2775811.000000
2016-06-22,138.836197,138.913662,138.646299,138.781046,2919639.000000
2016-06-23,137.859098,137.929274,137.588598,137.647924,684295.000000
2016-06-24,137.827123,137.926016,137.749535,137.878495,4302236.000000
2016-06-27,139.360631,139.632201,139.326529,139.447700,4064226.000000
2016-06-28,140.340896,140.455715,140.311011,140.404597,800889.000000
2016-06-29,143.348258,143.355131,143.211991,143.334760,3696840.000000
2016-06-30,144.245391,144.320941,144.069715,144.151605,748202.000000
2016-07-01,146.605704,146.733402,146.575309,146.591095,873086.000000
2016-07-04,148.295792,148.402696,148.194030,148.214722,2293636.000000
2016-07-05,147.920265,148.098855,147.676957,147.759822,1273228.000000
2016-07-06,150.926585,150.934286,150.799246,150.860985,963545.000000
2016-07-07,152.293132,152.329845,152.039235,152.186700,660460.000000
2016-07-08,152.369046,152.491155,152.292407,152.349325,2313064.000000
2016-07-11,149.935473,149.947530,149.891390,149.903774,3023973.000000
2016-07-12,147.393179,147.465178,147.312796,147.462148,2428976.000000
2016-07-13,147.670645,147.698274,147.504836,147.659938,4352952.000000
2016-07-14,151.481913,151.591998,151.412889,151.448328,2706477.000000
2016-07-15,148.375284,148.524971,148.229470,148.250338,3069036.000000
2016-07-18,146.798865,146.882715,146.578321,146.822436,2782956.000000
2016-07-19,146.366633,146.622340,146.227909,146.437833,808396.000000
2016-07-20,146.022688,146.105903,145.771415,145.943986,4368838.000000
2016-07-21,149.439596,149.472761,149.314214,149.375194,3022626.000000
2016-07-22,149.327061,149.630226,149.255219,149.391407,4213675.000000
2016-07-25,150.419816,150.457165,150.176104,150.313596,4404893.000000
2016-07-26,149.710581,149.935991,149.675760,149.836964,3599554.000000
2016-07-27,151.085929,151.217528,150.824925,150.949585,4579739.000000
2016-07-28,151.383161,151.393156,151.273296,151.385325,2585065.000000
2016-07-29,152.393003,152.540443,152.385281,152.436996,1595928.000000
2016-08-01,153.954334,154.043621,153.805588,153.983380,3956710.000000
2016-08-02,155.180900,155.278514,155.128573,155.199372,4896421.000000
2016-08-03,156.711222,156.906040,156.636388,156.718586,4015085.000000
2016-08-04,154.394142,154.559859,154.388614,154.490918,1947157.000000
2016-08-05,156.574666,156.682426,156.408709,156.490352,1226206.000000
2016-08-08,160.608952,160.634298,160.414866,160.525795,1300438.000000
2016-08-09,159.629780,159.656064,159.600510,159.644203,2906816.000000
2016-08-10,159.515877,159.854509,159.514313,159.614341,1032353.000000
2016-08-11,161.851839,161.916084,161.840092,161.885278,1018122.000000
2016-08-12,161.875434,162.028109,161.865391,162.023044,3752587.000000
2016-08-15,157.524526,157.581619,157.283315,157.547728,4939652.000000
2016-08-16,157.668418,157.709289,157.557906,157.663023,2331771.000000
2016-08-17,157.367586,157.653788,157.270360,157.285524,1930185.000000
2016-08-18,153.047994,153.192309,152.818323,153.014784,4474409.000000
2016-08-19,153.035357,153.100819,152.926888,153.041977,4237231.000000
2016-08-22,156.090312,156.094221,155.991951,156.014451,1139377.000000
2016-08-23,156.506994,156.519243,156.415717,156.477228,3185224.000000
2016-08-24,159.531014,159.687639,159.388377,159.601567,2210736.000000
2016-08-25,161.905882,162.122844,161.808203,161.901623,1078610.000000
2016-08-26,159.493578,159.664438,159.299255,159.332019,1090744.000000
2016-08-29,156.419156,156.575249,156.403902,156.481404,4532978.000000
2016-08-30,157.041356,157.061431,156.959239,156.977699,2042073.000000
2016-08-31,156.935673,157.088881,156.869490,156.975791,3852188.000000
2016-09-01,154.549852,154.657324,154.315980,154.585446,3536268.000000
2016-09-02,154.622963,154.713655,154.481636,154.700014,4050837.000000
2016-09-05,152.785994,152.901577,152.595755,152.857401,721260.000000
2016-09-06,151.955149,152.274405,151.923659,151.992630,1951123.000000
2016-09-07,148.504274,148.710514,148.411540,148.542904,2392940.000000
2016-09-08,150.201164,150.311566,150.149320,150.156257,4504803.000000
2016-09-09,146.177394,146.198089,146.143060,146.180341,4190556.000000
2016-09-12,141.665907,142.037909,141.582431,141.821260,1976851.000000
2016-09-13,145.595778,145.635487,145.453485,145.531657,3339324.000000
2016-09-14,147.409258,147.481521,147.331409,147.343201,1548068.000000
2016-09-15,146.641621,146.674227,146.629248,146.653107,3422500.000000
2016-09-16,147.839264,147.844070,147.771040,147.836967,2324616.000000
2016-09-19,148.437193,148.441919,148.371660,148.390307,2914876.000000
2016-09-20,151.782296,152.186926,151.596944,151.936224,4852014.000000
2016-09-21,148.452990,148.846615,148.424421,148.612871,1400701.000000
2016-09-22,146.673495,146.813635,146.617597,146.718781,4891123.000000
2016-09-23,144.873245,145.009274,144.695389,144.864799,3013141.000000
2016-09-26,141.562749,141.572701,141.483563,141.542688,1564274.000000
2016-09-27,140.202030,140.277436,140.083945,140.242700,1213269.000000
2016-09-28,140.116300,140.207352,140.038271,140.190191,4199007.000000
2016-09-29,137.267809,137.415788,137.109120,137.332469,1279237.000000
2016-09-30,136.102775,136.107114,135.958449,135.998820,2134345.000000
2016-10-03,135.960350,135.975839,135.869057,135.887830,3054732.000000
2016-10-04,137.476763,137.591634,137.356128,137.439492,1268215.000000
2016-10-05,134.834266,135.006223,134.758220,134.819214,1403985.000000
2016-10-06,135.788879,135.940970,135.780520,135.918025,2744358.000000
2016-10-07,135.873304,135.970533,135.869693,135.894106,2952222.000000
2016-10-10,134.057639,134.127144,133.972680,134.007941,3881333.000000
2016-10-11,133.839738,133.900290,133.667606,133.745281,915315.000000
2016-10-12,133.620336,133.645503,133.436555,133.517438,4565487.000000
2016-10-13,134.914288,134.979689,134.810248,134.832221,4902801.000000
2016-10-14,134.251608,134.454191,134.045751,134.327400,3686679.000000
2016-10-17,132.671760,132.789724,132.622257,132.739246,755285.000000
2016-10-18,133.308589,133.404758,133.209359,133.300628,3942612.000000
2016-10-19,133.660008,133.661054,133.538624,133.608901,3769583.000000
2016-10-20,132.309566,132.440633,132.258438,132.354348,812221.000000
2016-10-21,131.294687,131.446893,131.288809,131.293961,3787793.000000
2016-10-24,130.730861,130.808399,130.663714,130.767576,856379.000000
2016-10-25,131.425508,131.466853,131.394214,131.433570,3924036.000000
2016-10-26,129.108790,129.286145,129.047972,129.202295,3635406.000000
2016-10-27,129.425486,129.543451,129.131058,129.433302,3075907.000000
2016-10-28,130.401538,130.417377,130.210707,130.317974,2179982.000000
2016-10-31,129.780516,129.926159,129.758946,129.800813,4398670.000000
2016-11-01,129.755206,129.799060,129.526988,129.688194,2975330.000000
2016-11-02,134.944431,135.219306,134.908858,134.969356,1657034.000000
2016-11-03,133.433503,133.477029,133.152549,133.399551,1092260.000000
2016-11-04,133.448391,133.486396,133.157018,133.364161,2578249.000000
2016-11-07,132.038193,132.109291,131.970571,132.002055,3486737.000000
2016-11-08,133.749173,133.972055,133.648252,133.875392,2058357.000000
2016-11-09,133.860784,133.918584,133.783152,133.890117,4654755.000000
2016-11-10,134.956946,134.994008,134.923404,134.981130,4971611.000000
2016-11-11,139.301568,139.366107,139.079694,139.203599,4696121.000000
2016-11-14,139.164557,139.290254,139.122264,139.170081,1198450.000000
2016-11-15,136.698637,136.788136,136.563018,136.662252,3098284.000000
2016-11-16,139.898144,140.048811,139.775339,139.969170,1653064.000000
2016-11-17,139.707878,139.819158,139.522774,139.807849,2596799.000000
2016-11-18,137.435865,137.631712,137.292827,137.431748,2577621.000000
2016-11-21,135.652141,135.663213,135.627575,135.641058,699392.000000
2016-11-22,139.377136,139.620076,139.291699,139.401744,2412838.000000
2016-11-23,136.542972,136.584662,136.326006,136.463242,3257776.000000
2016-11-24,135.689380,135.699101,135.653904,135.669044,1307655.000000
2016-11-25,135.078446,135.184511,134.892829,134.948675,4904474.000000
2016-11-28,135.933732,135.992845,135.892727,135.905262,862570.000000
2016-11-29,136.216300,136.279143,136.160082,136.164389,524124.000000
2016-11-30,136.111903,136.223769,135.948429,136.050559,819582.000000
2016-12-01,133.345280,133.496951,133.271323,133.402238,2169227.000000
2016-12-02,134.429499,134.517241,134.384988,134.419852,4605482.000000
2016-12-05,135.481422,135.720520,135.278087,135.419655,4018051.000000
2016-12-06,135.279202,135.366292,135.200229,135.328938,2215121.000000
2016-12-07,136.440471,136.558411,136.240019,136.306834,3210422.000000
2016-12-08,135.895874,136.034093,135.844894,135.939064,4349871.000000
2016-12-09,133.006198,133.106266,132.801442,133.033292,2877334.000000
2016-12-12,131.845316,131.873463,131.637594,131.776283,1160292.000000
2016-12-13,131.840275,132.057895,131.672447,131.915235,4384047.000000
2016-12-14,132.634014,132.814913,132.508440,132.582837,4309515.000000
2016-12-15,133.832090,133.964680,133.775647,133.884216,4656809.000000
2016-12-16,137.862607,138.022390,137.709668,138.003752,3298181.000000
2016-12-19,138.107674,138.156763,138.047486,138.110204,4088953.000000
2016-12-20,137.862708,137.891588,137.806621,137.833304,1985282.000000
2016-12-21,142.338952,142.404125,142.168211,142.396114,4137038.000000
2016-12-22,137.106988,137.148114,136.976889,137.033036,4356819.000000
2016-12-23,137.508556,137.622184,137.391286,137.579696,1101665.000000
2016-12-26,136.325852,136.335482,136.280793,136.330222,594738.000000
2016-12-27,136.987019,137.117701,136.952064,137.027253,3454112.000000
2016-12-28,136.336445,136.346430,136.256232,136.346072,4565501.000000
2016-12-29,138.485205,138.792113,138.344529,138.577024,4944514.000000
2016-12-30,135.328554,135.347040,135.196566,135.318292,4691454.000000
2017-01-02,132.491600,132.721211,132.379095,132.456475,1350054.000000
2017-01-03,131.776575,131.885626,131.668649,131.870305,851331.000000
2017-01-04,129.032744,129.142058,128.905739,129.103320,4014765.000000
2017-01-05,129.403775,129.444221,129.320187,129.390726,2308838.000000
2017-01-06,130.004498,130.173804,129.928618,130.058795,3416420.000000
2017-01-09,130.601494,130.741983,130.458101,130.595642,4403044.000000
2017-01-10,131.966452,132.032604,131.840490,131.906130,997559.000000
2017-01-11,131.214781,131.303726,131.209242,131.248972,2760874.000000
2017-01-12,130.472128,130.501542,130.415389,130.466072,4923673.000000
2017-01-13,132.688484,132.956137,132.628157,132.664611,3882098.000000
2017-01-16,131.522111,131.561877,131.468001,131.550012,2410761.000000
2017-01-17,135.616840,135.688811,135.528806,135.627841,2713525.000000
2017-01-18,133.717841,133.755407,133.660964,133.725548,4915300.000000
2017-01-19,133.482837,133.565652,133.398566,133.510625,4172338.000000
2017-01-20,135.956383,136.209274,135.913524,135.935603,4223967.000000
2017-01-23,135.748845,135.865254,135.502793,135.608228,2573969.000000
2017-01-24,134.343919,134.552145,134.330576,134.436630,2887753.000000
2017-01-25,137.598750,137.641526,137.328905,137.510230,4747141.000000
2017-01-26,137.103119,137.227479,137.050521,137.134877,1533048.000000
2017-01-27,138.647454,138.668339,138.520744,138.580801,1496747.000000
2017-01-30,138.746654,138.837379,138.710476,138.808665,2819883.000000
2017-01-31,135.649318,135.737281,135.506754,135.629690,3344263.000000
2017-02-01,135.741840,135.780216,135.617807,135.735124,1915586.000000
2017-02-02,137.073442,137.262797,136.887959,137.128595,2748663.000000
2017-02-03,135.495558,135.629557,135.478576,135.519433,3780438.000000
2017-02-06,136.816172,136.822231,136.719788,136.748572,801070.000000
2017-02-07,136.925418,137.147065,136.871823,137.096892,4164438.000000
2017-02-08,138.528052,138.721170,138.404938,138.420296,1528486.000000
2017-02-09,135.521681,135.594478,135.464600,135.518611,1594784.000000
2017-02-10,141.642727,141.919528,141.455853,141.729696,1837246.000000
2017-02-13,141.609934,141.648309,141.534665,141.615721,3560148.000000
2017-02-14,140.985813,141.017273,140.807290,140.971868,4465163.000000
2017-02-15,139.972791,140.192495,139.714292,139.847772,2202372.000000
2017-02-16,138.689210,138.937434,138.568244,138.696045,936495.000000
2017-02-17,137.665689,137.943075,137.521157,137.747475,3931808.000000
2017-02-20,136.642794,136.904876,136.633354,136.710164,2199213.000000
2017-02-21,136.243696,136.327798,136.189160,136.309574,1755445.000000
2017-02-22,136.820441,136.858142,136.625856,136.734986,1247968.000000
2017-02-23,139.166827,139.280153,139.106883,139.230749,4681749.000000
2017-02-24,136.884731,137.164970,136.610271,136.852043,3130210.000000
2017-02-27,134.638265,134.685190,134.599846,134.659163,3729427.000000
2017-02-28,135.786688,135.828809,135.694592,135.776209,4491206.000000
2017-03-01,133.393434,133.449011,133.049202,133.233717,3576927.000000
2017-03-02,133.861678,133.920929,133.660400,133.791565,877007.000000
2017-03-03,131.696457,132.047961,131.611131,131.855903,1373876.000000
2017-03-06,130.760223,130.800116,130.538880,130.726545,1482474.000000
2017-03-07,130.189834,130.450356,130.108026,130.354607,3842313.000000
2017-03-08,129.274223,129.337283,129.140088,129.265453,2146799.000000
2017-03-09,125.015761,125.100742,124.997219,125.064748,3878199.000000
2017-03-10,120.809876,120.924068,120.624386,120.854773,3518296.000000
2017-03-13,124.517130,124.705820,124.474262,124.608041,4238887.000000
2017-03-14,123.455518,123.597780,123.368258,123.518143,1098732.000000
2017-03-15,125.139843,125.173041,124.904727,125.018705,1097635.000000
2017-03-16,124.548283,124.612220,124.452760,124.568641,1880248.000000
2017-03-17,122.721497,122.786556,122.698575,122.761574,4015178.000000
2017-03-20,119.111968,119.137069,119.072906,119.109780,1467057.000000
2017-03-21,118.190880,118.265163,118.132441,118.133215,1836934.000000
2017-03-22,118.534472,118.587431,118.440244,118.537487,4126622.000000
2017-03-23,117.427221,117.532560,117.171807,117.489305,4660502.000000
2017-03-24,117.998812,118.041386,117.960891,118.037373,683311.000000
2017-03-27,118.717493,118.920648,118.712485,118.869391,4002027.000000
2017-03-28,122.126275,122.295789,122.020625,122.213777,2460885.000000
2017-03-29,125.599938,125.734900,125.599583,125.655244,686969.000000
2017-03-30,128.312713,128.409644,128.174136,128.387333,4128014.000000
2017-03-31,126.281170,126.361904,126.263334,126.306066,3740653.000000
2017-04-03,129.987542,130.039236,129.790102,129.954708,4265486.000000
2017-04-04,131.993459,132.115840,131.704582,132.021822,3609437.000000
2017-04-05,133.999840,134.079864,133.949520,133.980309,2490446.000000
2017-04-06,131.355155,131.602358,131.118680,131.534280,1570338.000000
2017-04-07,131.176894,131.230984,130.893370,131.129941,1352521.000000
2017-04-10,133.588059,133.735527,133.503139,133.695444,1639069.000000
2017-04-11,130.381906,130.452292,130.165545,130.380897,4701823.000000
2017-04-12,130.827125,130.878384,130.688187,130.797891,598374.000000
2017-04-13,131.312937,131.432407,131.206280,131.283830,2231127.000000
2017-04-14,133.140052,133.215816,133.072953,133.136795,4448556.000000
2017-04-17,133.033199,133.213205,132.952511,132.993897,4172141.000000
2017-04-18,134.604853,134.647671,134.379149,134.582015,1401293.000000
2017-04-19,132.804569,132.835240,132.727898,132.755091,902366.000000
2017-04-20,134.674768,134.723144,134.613533,134.661323,4283576.000000
2017-04-21,134.339927,134.516348,134.247967,134.359221,669854.000000
2017-04-24,136.911709,136.974258,136.747228,136.861259,941982.000000
2017-04-25,138.225551,138.255151,138.109086,138.148729,1124653.000000
2017-04-26,137.279275,137.335353,137.054377,137.158923,4545326.000000
2017-04-27,138.453833,138.581571,138.392108,138.514305,996788.000000
2017-04-28,136.278278,136.448231,136.099241,136.186309,4269143.000000
2017-05-01,136.223631,136.351146,136.190420,136.208990,3246434.000000
2017-05-02,138.018006,138.148813,137.909541,138.107840,2061643.000000
2017-05-03,135.954524,136.067986,135.813642,135.942195,3161606.000000
2017-05-04,138.928806,139.117843,138.907907,138.979845,1425294.000000
2017-05-05,139.876750,139.895683,139.678501,139.865499,4043449.000000
2017-05-08,140.560209,140.563414,140.474693,140.555538,2467290.000000
2017-05-09,143.457007,143.632871,143.346471,143.365614,4430985.000000
2017-05-10,144.180843,144.338568,144.169897,144.230500,1148808.000000
2017-05-11,144.191045,144.333272,143.905729,144.277994,2921568.000000
2017-05-12,141.081773,141.260865,140.962671,141.028160,3417977.000000
2017-05-15,140.837716,140.926488,140.811065,140.894141,2107805.000000
2017-05-16,140.249885,140.318419,140.237331,140.246133,893772.000000
2017-05-17,142.129682,142.410399,142.046569,142.049633,2153900.000000
2017-05-18,146.934875,147.053372,146.688947,147.037612,1378135.000000
2017-05-19,146.277605,146.308396,146.120201,146.173930,4741337.000000
2017-05-22,148.244677,148.515039,148.217974,148.271213,2617595.000000
2017-05-23,150.528749,150.584760,150.399449,150.569796,4738835.000000
2017-05-24,154.901362,154.910566,154.525838,154.910446,2869140.000000
2017-05-25,152.342790,152.467253,152.179301,152.464401,4269184.000000
2017-05-26,152.951644,152.975968,152.742476,152.840625,2671917.000000
2017-05-29,153.802717,153.836607,153.727799,153.799767,841169.000000
2017-05-30,155.301616,155.365273,155.228081,155.275184,522873.000000
2017-05-31,155.186759,155.220349,155.024464,155.149577,506270.000000
2017-06-01,155.412819,155.460352,155.199171,155.277561,1015549.000000
2017-06-02,156.580336,156.582004,156.494906,156.508529,2474965.000000
2017-06-05,156.443722,156.516983,156.299716,156.493855,4492902.000000
2017-06-06,156.955663,157.118228,156.724001,156.877486,2574489.000000
2017-06-07,157.936419,158.029595,157.727160,158.011475,3700987.000000
2017-06-08,159.172501,159.207845,159.032794,159.140293,2074378.000000
2017-06-09,156.898401,157.177643,156.692392,156.928041,832074.000000
2017-06-12,154.901602,155.047341,154.886092,154.967673,2399319.000000
2017-06-13,150.301067,150.740954,150.299679,150.404680,568126.000000
2017-06-14,152.226499,152.292308,152.095785,152.099287,3080591.000000
2017-06-15,153.001039,153.088417,152.938269,152.985930,958808.000000
2017-06-16,151.714530,151.846580,151.672631,151.726057,4188406.000000
2017-06-19,152.009927,152.037739,151.910040,151.989639,4971331.000000
2017-06-20,150.871058,150.952901,150.630787,150.784514,3117987.000000
2017-06-21,149.775487,149.868260,149.559449,149.643685,3352066.000000
2017-06-22,148.854475,148.926509,148.718155,148.723850,1282650.000000
2017-06-23,149.199949,149.304794,149.135297,149.195090,4158086.000000
2017-06-26,148.293205,148.324975,148.139658,148.195615,964973.000000
2017-06-27,150.674813,150.726402,150.550125,150.624991,2157124.000000
2017-06-28,153.772849,153.873534,153.711349,153.761513,2425217.000000
2017-06-29,150.798622,150.947100,150.797458,150.827607,3174380.000000
2017-06-30,152.891088,153.026141,152.808618,152.923799,2501165.000000
2017-07-03,153.082631,153.216141,152.869716,152.958959,2148599.000000
2017-07-04,150.929822,151.126609,150.889585,151.009448,4196232.000000
2017-07-05,147.903714,148.041946,147.876856,147.966137,1703632.000000
2017-07-06,145.670622,145.767301,145.526472,145.594632,3995006.000000
2017-07-07,148.463974,148.542063,148.367720,148.519602,3953280.000000
2017-07-10,151.831585,151.966379,151.682911,151.822264,3067998.000000
2017-07-11,148.379456,148.383607,148.291804,148.321687,909538.000000
2017-07-12,148.408263,148.419631,148.273559,148.409541,1155450.000000
2017-07-13,149.896129,149.917477,149.765529,149.774366,2391649.000000
2017-07-14,148.261837,148.404389,148.062355,148.145843,3232129.000000
2017-07-17,149.969630,150.095586,149.821238,149.943926,3326177.000000
2017-07-18,147.061534,147.220614,146.877402,147.032047,1498194.000000
2017-07-19,148.030138,148.194420,147.860517,148.030944,2388106.000000
2017-07-20,146.856318,146.965488,146.750493,146.806369,2850140.000000
2017-07-21,145.834767,146.153871,145.653144,145.949744,4035805.000000
2017-07-24,146.284887,146.376159,146.259464,146.320426,3410574.000000
2017-07-25,146.181281,146.268176,146.166324,146.217138,4304841.000000
2017-07-26,146.108946,146.256927,146.024603,146.218463,589970.000000
2017-07-27,145.558482,145.602480,145.549370,145.589535,1775372.000000
2017-07-28,140.905273,140.943713,140.730030,140.845326,3131410.000000
2017-07-31,141.416134,141.478831,141.053110,141.400534,4777345.000000
2017-08-01,143.376817,143.395213,143.117962,143.235081,3672226.000000
2017-08-02,144.887437,144.978001,144.772603,144.827451,4843973.000000
2017-08-03,147.917530,148.046318,147.708581,147.941102,4961234.000000
2017-08-04,146.852392,146.991241,146.813582,146.848009,2636628.000000
2017-08-07,153.307215,153.529889,153.245205,153.311288,4348861.000000
2017-08-08,157.663656,157.927883,157.446942,157.600199,929955.000000
2017-08-09,154.633834,154.837876,154.576724,154.593764,2689638.000000
2017-08-10,152.815927,153.145601,152.721134,152.910695,833794.000000
2017-08-11,151.939135,152.083923,151.893696,151.933589,632735.000000
2017-08-14,146.939540,147.065091,146.905301,146.990896,4905412.000000
2017-08-15,147.324051,147.488892,147.313851,147.423538,3020952.000000
2017-08-16,148.012816,148.303037,147.938645,148.151931,1537317.000000
2017-08-17,149.887300,150.172795,149.839925,150.072663,1602853.000000
2017-08-18,151.533687,151.654428,151.531712,151.588895,4530587.000000
2017-08-21,153.634201,153.825358,153.399929,153.638880,4876365.000000
2017-08-22,154.755955,155.023116,154.610014,154.642194,789632.000000
2017-08-23,151.830406,151.922862,151.777343,151.794999,921950.000000
2017-08-24,151.340385,151.448213,151.221219,151.322569,1151272.000000
2017-08-25,147.831033,147.939008,147.666032,147.734592,806124.000000
2017-08-28,146.515606,146.618679,146.384080,146.518837,2591922.000000
2017-08-29,147.830110,147.998309,147.704320,147.707378,4782708.000000
2017-08-30,147.501624,147.642381,147.388911,147.557707,1801804.000000
2017-08-31,147.967785,147.988871,147.714482,147.837639,4195047.000000
2017-09-01,147.027961,147.255389,146.884835,147.141331,2397615.000000
2017-09-04,143.858051,143.994000,143.852805,143.917134,1535619.000000
2017-09-05,144.317788,144.486475,144.084214,144.230292,830318.000000
2017-09-06,139.711866,139.755609,139.599097,139.740701,4509640.000000
2017-09-07,139.148662,139.197039,138.908724,139.095352,4427641.000000
2017-09-08,142.714309,142.876320,142.644408,142.843257,1701957.000000
2017-09-11,144.745655,144.893427,144.735809,144.738316,2967224.000000
2017-09-12,145.321723,145.660231,145.263125,145.448224,4826570.000000
2017-09-13,144.094226,144.172873,143.914865,143.999124,3539233.000000
2017-09-14,139.727332,139.895487,139.699934,139.789638,4205650.000000
2017-09-15,139.561940,139.604763,139.446484,139.587993,1389989.000000
2017-09-18,137.737489,137.811290,137.568535,137.747905,751583.000000
2017-09-19,137.147762,137.300764,137.014447,137.077183,4081793.000000
2017-09-20,135.493497,135.536150,135.401476,135.430242,4251459.000000
2017-09-21,137.408484,137.472434,137.194847,137.387776,3910162.000000
2017-09-22,136.254651,136.407583,136.204880,136.285480,2032006.000000
2017-09-25,138.222613,138.281833,138.037920,138.202282,3394531.000000
2017-09-26,135.735167,135.767157,135.566103,135.735028,3112255.000000
2017-09-27,135.276684,135.340067,135.141547,135.245094,1188364.000000
2017-09-28,138.391032,138.522702,138.335207,138.450812,1721121.000000
2017-09-29,139.910556,139.948284,139.851497,139.861385,1775505.000000
2017-10-02,140.461256,140.613450,140.440241,140.452959,3159354.000000
2017-10-03,138.080798,138.240250,138.066201,138.114944,541714.000000
2017-10-04,137.366624,137.416325,137.333718,137.405546,4051153.000000
2017-10-05,135.925872,136.063299,135.828618,136.048645,3884772.000000
2017-10-06,131.116058,131.293381,131.060897,131.144954,3306465.000000
2017-10-09,130.959510,131.206888,130.864461,131.020825,2276267.000000
2017-10-10,128.802166,128.948521,128.654298,128.758598,720741.000000
2017-10-11,129.349827,129.455755,129.243402,129.308372,4969908.000000
2017-10-12,130.694505,130.776414,130.448613,130.736684,4509221.000000
2017-10-13,131.558072,131.626032,131.438575,131.572333,962813.000000
2017-10-16,130.047344,130.255379,129.875265,130.114777,3212357.000000
2017-10-17,135.637404,135.710888,135.457106,135.677011,1786703.000000
2017-10-18,136.128477,136.317315,135.973456,136.250737,3968417.000000
2017-10-19,138.405911,138.682473,138.368775,138.472391,4801860.000000
2017-10-20,139.063344,139.275713,138.998830,139.106192,4171661.000000
2017-10-23,134.084451,134.242978,133.964399,134.186012,4739434.000000
2017-10-24,134.465962,134.501794,134.279629,134.457729,2927177.000000
2017-10-25,135.510231,135.557645,135.454043,135.495771,3190663.000000
2017-10-26,136.093708,136.132104,136.068359,136.081575,560181.000000
2017-10-27,135.739942,135.829026,135.503153,135.714525,1000177.000000
2017-10-30,137.373735,137.537311,137.204283,137.476641,3980208.000000
2017-10-31,139.292830,139.310043,139.280319,139.291407,3921069.000000
2017-11-01,138.636769,138.680097,138.477529,138.549574,1268721.000000
2017-11-02,143.173862,143.255436,143.099302,143.130120,3891913.000000
2017-11-03,143.840554,143.990353,143.720222,143.872651,2788744.000000
2017-11-06,145.165992,145.276105,144.970175,145.237865,2910838.000000
2017-11-07,148.928626,149.019431,148.684711,148.810687,4183666.000000
2017-11-08,148.796219,148.876569,148.785384,148.787975,2091563.000000
2017-11-09,151.191829,151.222131,151.089553,151.130304,4531728.000000
2017-11-10,149.908299,150.066275,149.711350,149.875712,2496008.000000
2017-11-13,154.440214,154.514568,154.367152,154.401632,3732590.000000
2017-11-14,150.424241,150.529502,150.227938,150.343903,3450687.000000
2017-11-15,146.785507,146.924096,146.743677,146.781934,1040699.000000
2017-11-16,147.797043,148.152937,147.751388,147.898234,2112439.000000
2017-11-17,147.122434,147.182211,146.902875,147.029055,4509798.000000
2017-11-20,146.093020,146.225025,145.963831,146.066809,2780019.000000
2017-11-21,145.655841,145.711487,145.593148,145.638507,1076368.000000
2017-11-22,146.899340,147.058457,146.839211,146.848556,3745669.000000
2017-11-23,147.831682,147.917632,147.828070,147.837544,1522643.000000
2017-11-24,147.422829,147.545678,147.291669,147.368611,2369357.000000
2017-11-27,145.198234,145.303394,144.971038,145.116579,4670868.000000
2017-11-28,143.246927,143.387605,143.126853,143.284857,3599941.000000
2017-11-29,145.215029,145.393211,145.095264,145.243772,1855378.000000
2017-11-30,145.944748,146.064724,145.904052,145.907723,1625740.000000
2017-12-01,146.924932,146.939015,146.748741,146.831715,4637736.000000
2017-12-04,148.034204,148.141026,148.002433,148.010315,3082710.000000
2017-12-05,143.111543,143.130301,143.097673,143.118783,2609768.000000
2017-12-06,144.352744,144.365117,144.237926,144.329421,3300659.000000
2017-12-07,146.649787,146.674788,146.570709,146.574088,3656417.000000
2017-12-08,147.296329,147.323213,147.291419,147.311670,1382155.000000
2017-12-11,144.631266,144.674111,144.615968,144.672215,1167687.000000
2017-12-12,147.782875,147.836230,147.732610,147.819209,3495833.000000
2017-12-13,146.680113,146.807916,146.509768,146.631421,3234926.000000
2017-12-14,147.354497,147.395630,147.292614,147.322278,2430979.000000
2017-12-15,149.244944,149.291853,149.106391,149.165133,3200677.000000
2017-12-18,152.481619,152.579011,152.339633,152.355927,1328937.000000
2017-12-19,153.526014,153.799499,153.369285,153.554271,4068804.000000
2017-12-20,150.168520,150.310934,150.017087,150.219519,1712326.000000
2017-12-21,154.681464,154.736118,154.642297,154.704177,3957601.000000
2017-12-22,155.686279,155.723950,155.640965,155.661711,1223222.000000
2017-12-25,159.046886,159.059720,158.890187,158.930078,2392142.000000
2017-12-26,157.593571,157.840542,157.516853,157.658988,4091523.000000
2017-12-27,156.867687,157.086978,156.676506,156.956714,1976021.000000
2017-12-28,159.332162,159.650437,159.030936,159.350801,1348633.000000
2017-12-29,160.043775,160.092701,159.810735,159.893838,4270072.000000
2018-01-01,157.726980,157.751742,157.492416,157.687545,4780978.000000
2018-01-02,151.102485,151.253130,150.903317,151.069790,4594967.000000
2018-01-03,151.477214,151.564927,151.415660,151.474495,4859223.000000
2018-01-04,153.282072,153.510904,153.126745,153.328906,3364357.000000
2018-01-05,150.796308,150.805531,150.556434,150.779497,2853307.000000
2018-01-08,154.281949,154.314864,154.224971,154.283750,2907490.000000
2018-01-09,152.119932,152.250770,151.985762,152.247269,4705042.000000
2018-01-10,148.537385,148.559966,148.421550,148.510583,912290.000000
2018-01-11,148.604412,148.684471,148.503606,148.617678,632424.000000
2018-01-12,148.452462,148.665717,148.292750,148.347040,3875900.000000
2018-01-15,150.947793,151.089861,150.911233,150.928438,1104075.000000
2018-01-16,148.552480,148.601989,148.497788,148.515409,3066258.000000
2018-01-17,148.736212,148.875692,148.620157,148.832187,2257679.000000
2018-01-18,151.511013,151.702774,151.482560,151.596401,3646745.000000
2018-01-19,151.950729,152.042811,151.821633,152.024234,2238338.000000
2018-01-22,153.979333,154.357590,153.766911,154.075497,1325602.000000
2018-01-23,155.778500,155.842782,155.719338,155.816606,3085089.000000
2018-01-24,154.736711,154.849389,154.628036,154.810033,3501280.000000
2018-01-25,159.231401,159.408191,159.228113,159.260081,1930085.000000
2018-01-26,156.800514,157.024073,156.469938,156.893880,3948752.000000
2018-01-29,157.857497,157.953612,157.758339,157.870253,2094328.000000
2018-01-30,158.997662,159.024040,158.818492,158.846802,1024490.000000
2018-01-31,161.358246,161.479331,161.203422,161.310729,1439668.000000
2018-02-01,159.978701,159.995672,159.968950,159.976708,3524854.000000
2018-02-02,162.440324,162.568771,162.344613,162.366494,4698469.000000
2018-02-05,163.824433,164.157623,163.815069,163.937043,1014762.000000
2018-02-06,161.138628,161.302183,161.003732,161.091439,755003.000000
2018-02-07,159.758802,159.797996,159.571167,159.757896,3302209.000000
2018-02-08,162.382464,162.419393,162.148652,162.260625,1898525.000000
2018-02-09,164.336839,164.466903,164.256922,164.367580,2406485.000000
2018-02-12,163.863357,163.892967,163.599808,163.713949,4489160.000000
2018-02-13,163.575658,163.577618,163.446959,163.535083,3105398.000000
2018-02-14,159.169022,159.258079,159.095678,159.253359,4074282.000000
2018-02-15,163.194412,163.630132,163.180985,163.443471,2217142.000000
2018-02-16,161.464545,161.725275,161.075713,161.241857,3877793.000000
2018-02-19,160.721805,160.958390,160.543158,160.732711,572263.000000
2018-02-20,158.905464,159.170939,158.770101,158.785900,2996925.000000
2018-02-21,158.339562,158.359133,158.296696,158.337959,3677364.000000
2018-02-22,157.415091,157.436472,157.253161,157.431887,523289.000000
2018-02-23,159.236926,159.317999,159.145314,159.228826,1328486.000000
2018-02-26,156.685507,156.696117,156.530011,156.687012,2639049.000000
2018-02-27,157.834210,157.855188,157.674114,157.778448,1593641.000000
2018-02-28,159.353023,159.529010,159.206688,159.308929,2689870.000000
2018-03-01,162.570556,162.629930,162.423424,162.480974,1596093.000000
2018-03-02,161.239788,161.537865,161.112010,161.221119,3945822.000000
2018-03-05,163.311243,163.533494,163.189943,163.241788,3588165.000000
2018-03-06,163.589159,163.646062,163.452771,163.524422,4752073.000000
2018-03-07,165.016108,165.442164,164.799825,165.121691,4915124.000000
2018-03-08,164.576607,164.607237,164.438382,164.502633,2677096.000000
2018-03-09,166.695124,166.834358,166.503475,166.506133,1414619.000000
2018-03-12,165.809483,165.876072,165.760410,165.801385,3100408.000000
2018-03-13,161.619071,161.918733,161.242515,161.379449,899554.000000
2018-03-14,159.503124,159.695150,159.380838,159.552506,2965035.000000
2018-03-15,161.404494,161.466618,161.006985,161.246928,2989071.000000
2018-03-16,167.855787,167.963532,167.722089,167.763565,1097643.000000
2018-03-19,168.134865,168.380314,168.089255,168.239369,4484167.000000
2018-03-20,166.832844,167.093895,166.820692,166.899091,3919984.000000
2018-03-21,169.571953,169.587674,169.457816,169.536539,2353075.000000
2018-03-22,166.395361,166.630399,166.300799,166.406485,3753646.000000
2018-03-23,161.745012,161.866439,161.702227,161.772212,538559.000000
2018-03-26,157.485958,157.573449,157.245054,157.429912,1458060.000000
2018-03-27,156.749938,156.921344,156.631701,156.869191,4478313.000000
2018-03-28,155.889483,155.923878,155.751307,155.843251,3240918.000000
2018-03-29,158.449034,158.518573,158.214782,158.474564,4218836.000000
2018-03-30,159.364888,159.488500,159.334113,159.350357,3605436.000000
2018-04-02,160.251109,160.376776,160.138404,160.193570,1879401.000000
2018-04-03,161.187354,161.311223,161.122578,161.254345,3037207.000000
2018-04-04,164.379312,164.387712,164.171266,164.341709,2790034.000000
2018-04-05,159.339207,159.443447,159.265300,159.339000,4973862.000000
2018-04-06,156.537538,156.541108,156.350655,156.480732,768056.000000
2018-04-09,155.826478,155.889199,155.811205,155.883756,1177253.000000
2018-04-10,154.808052,154.976599,154.630635,154.807397,4403941.000000
2018-04-11,156.565527,156.748607,156.470910,156.586315,4758327.000000
2018-04-12,156.012752,156.317746,155.867339,156.083428,1188757.000000
2018-04-13,155.746659,156.146895,155.740045,155.950914,561505.000000
2018-04-16,156.306220,156.418892,156.250040,156.326149,1665819.000000
2018-04-17,155.533765,155.638528,155.513186,155.613795,3781352.000000
2018-04-18,155.427944,155.548103,155.313316,155.469636,2673124.000000
2018-04-19,153.292275,153.418791,153.231228,153.359753,2592169.000000
2018-04-20,154.273047,154.278143,154.239187,154.272155,4676816.000000
2018-04-23,151.804415,151.995235,151.652524,151.859858,797198.000000
2018-04-24,153.024361,153.146652,152.943879,153.008957,1230189.000000
2018-04-25,154.519562,154.536486,154.357136,154.514858,1920213.000000
2018-04-26,151.210524,151.253992,151.182680,151.207735,3975794.000000
2018-04-27,153.722336,153.775878,153.679924,153.686156,1426875.000000
2018-04-30,158.051395,158.104909,157.869729,158.044668,1308158.000000
2018-05-01,156.411762,156.631422,156.348636,156.470187,3458921.000000
2018-05-02,158.337369,158.379439,158.239572,158.265905,2783857.000000
2018-05-03,160.728889,160.846462,160.669173,160.828660,4572533.000000
2018-05-04,154.978799,155.077987,154.758398,154.998003,679160.000000
2018-05-07,154.432618,154.450861,154.224275,154.373301,3490909.000000
2018-05-08,154.663682,154.797224,154.469321,154.554951,1156077.000000
2018-05-09,153.655739,153.658894,153.473824,153.654978,2984739.000000
2018-05-10,152.438827,152.447886,152.165514,152.355683,3638920.000000
2018-05-11,153.275887,153.468767,153.213754,153.251686,765184.000000
2018-05-14,151.483502,151.603026,151.364747,151.399941,857307.000000
2018-05-15,150.340532,150.369813,150.162193,150.224108,631615.000000
2018-05-16,149.615353,149.966779,149.565492,149.776811,1223755.000000
2018-05-17,151.186277,151.194388,151.054656,151.133835,757495.000000
2018-05-18,151.400327,151.543747,151.243551,151.439091,3662450.000000
2018-05-21,152.536971,152.716971,152.337335,152.438981,4096531.000000
2018-05-22,154.063618,154.082775,153.923596,153.959976,1157758.000000
2018-05-23,155.676057,155.879196,155.611117,155.749930,3614864.000000
2018-05-24,154.970928,155.158634,154.870841,155.034803,935385.000000
2018-05-25,154.997119,155.104196,154.945740,155.070975,4934894.000000
2018-05-28,155.337258,155.390470,155.220155,155.262638,3557312.000000
2018-05-29,157.541621,157.561527,157.491855,157.509536,2056476.000000
2018-05-30,157.401528,157.455796,157.125128,157.398674,681180.000000
2018-05-31,159.522275,159.563923,159.310900,159.480399,4371863.000000
2018-06-01,163.689630,163.755710,163.321078,163.402106,1066510.000000
2018-06-04,162.501075,162.647408,162.340683,162.560831,3386141.000000
2018-06-05,158.839601,158.851285,158.675937,158.693548,3215366.000000
2018-06-06,162.247255,162.419611,162.014763,162.158636,2215954.000000
2018-06-07,160.458321,160.582567,160.326865,160.399111,3082858.000000
2018-06-08,158.237589,158.452944,158.151348,158.339891,709091.000000
2018-06-11,160.552607,160.563048,160.501066,160.532487,2027751.000000
2018-06-12,161.002671,161.238587,160.884082,160.947322,4247730.000000
2018-06-13,161.307795,161.467454,161.137256,161.209858,1593693.000000
2018-06-14,162.456527,162.457467,162.320502,162.449561,3062632.000000
2018-06-15,165.302488,165.387095,165.182062,165.377989,1016531.000000
2018-06-18,160.722432,160.932197,160.705977,160.751538,2156378.000000
2018-06-19,161.165929,161.449578,161.051363,161.251670,938234.000000
2018-06-20,160.369984,160.765359,160.319910,160.576556,3382707.000000
2018-06-21,161.350662,161.480021,161.198433,161.218740,3431390.000000
2018-06-22,161.362503,161.663190,161.238663,161.322792,2150050.000000
2018-06-25,162.535167,162.807886,162.508717,162.638914,3897180.000000
2018-06-26,162.383506,162.452674,162.228889,162.384490,3428007.000000
2018-06-27,163.564591,163.767687,163.494597,163.567839,4046855.000000
2018-06-28,163.074752,163.189121,163.062815,163.094209,3919369.000000
2018-06-29,164.028894,164.200651,163.987407,164.098304,1176740.000000
2018-07-02,164.019552,164.042803,163.703514,163.905736,2690628.000000
2018-07-03,163.618181,163.730461,163.468129,163.564148,950478.000000
2018-07-04,160.409120,160.545597,160.211920,160.353642,610068.000000
2018-07-05,160.915735,161.051951,160.823852,160.896152,1797004.000000
2018-07-06,162.653925,162.730638,162.636028,162.697652,2641117.000000
2018-07-09,163.461925,163.608568,163.215010,163.350417,4663595.000000
2018-07-10,164.385950,164.576442,164.358397,164.557281,1840775.000000
2018-07-11,162.817305,162.827014,162.685414,162.735720,2442454.000000
2018-07-12,164.319036,164.550661,164.279454,164.371829,2081843.000000
2018-07-13,165.457153,165.732217,165.373728,165.576000,2111672.000000
2018-07-16,169.223458,169.239538,168.980931,169.210558,1113437.000000
2018-07-17,166.892045,166.970857,166.749673,166.825214,1104103.000000
2018-07-18,167.963001,168.159653,167.933971,168.108075,742057.000000
2018-07-19,165.798879,166.013680,165.461264,165.630908,1418892.000000
2018-07-20,165.411255,165.543435,165.370114,165.519079,4534705.000000
2018-07-23,162.637267,162.792493,162.380979,162.640356,4267566.000000
2018-07-24,163.307679,163.336618,163.154156,163.255987,640475.000000
2018-07-25,164.212115,164.275526,164.129228,164.200172,785659.000000
2018-07-26,164.821289,164.957845,164.813624,164.817082,4365949.000000
2018-07-27,162.448831,162.537068,162.298787,162.488812,3215922.000000
2018-07-30,162.915599,163.081957,162.854752,163.028484,4623208.000000
2018-07-31,163.354812,163.613080,163.347420,163.406814,3777588.000000
2018-08-01,164.080444,164.251438,163.989018,164.168855,2152812.000000
2018-08-02,165.199204,165.510230,165.103989,165.317586,3828735.000000
2018-08-03,167.288023,167.335799,166.894073,167.025294,3125001.000000
2018-08-06,166.157706,166.161309,165.924906,166.053992,2694813.000000
2018-08-07,164.625133,164.783633,164.452358,164.659395,3739556.000000
2018-08-08,163.465235,163.607664,163.290248,163.362411,3032600.000000
2018-08-09,162.874971,163.270314,162.865977,163.123688,755586.000000
2018-08-10,164.408394,164.642651,164.387737,164.470846,1017342.000000
2018-08-13,165.005791,165.088933,164.841463,164.909655,1126122.000000
2018-08-14,161.656246,161.697882,161.480975,161.683804,2414717.000000
2018-08-15,162.969102,163.191324,162.749089,163.052535,3919151.000000
2018-08-16,163.630904,163.806655,163.506126,163.726941,3257093.000000
2018-08-17,162.477282,162.660535,162.257369,162.430864,838996.000000
2018-08-20,165.887194,166.118462,165.637650,165.835505,4103317.000000
2018-08-21,161.561415,161.789599,161.490701,161.638825,3471849.000000
2018-08-22,162.286777,162.443028,162.199876,162.348091,4767040.000000
2018-08-23,164.646699,164.819171,164.385720,164.735700,2160116.000000
2018-08-24,163.577581,163.739219,163.488413,163.629878,2722621.000000
2018-08-27,163.494149,163.652525,163.303405,163.526601,2119855.000000
2018-08-28,164.213273,164.248093,164.101016,164.207415,2970731.000000
2018-08-29,168.874974,168.892891,168.672441,168.726496,2037899.000000
2018-08-30,171.138524,171.176299,170.949401,171.102318,3794763.000000
2018-08-31,173.347858,173.445610,173.155349,173.322031,1258787.000000
2018-09-03,173.243708,173.387365,173.017064,173.214691,892082.000000
2018-09-04,174.838120,175.004643,174.787442,174.827523,1833501.000000
2018-09-05,171.347478,171.449291,171.286892,171.392094,4804640.000000
2018-09-06,173.401145,173.505200,173.355478,173.442126,2416536.000000
2018-09-07,172.152751,172.189918,171.898533,172.030405,2528146.000000
2018-09-10,172.533931,172.607732,172.223144,172.404247,2204296.000000
2018-09-11,169.121375,169.292315,168.819500,169.210407,1756680.000000
2018-09-12,171.502149,171.700139,171.401171,171.551813,2286389.000000
2018-09-13,174.270765,174.562419,174.198763,174.393607,841278.000000
2018-09-14,173.226388,173.572369,173.032912,173.133590,3479685.000000
2018-09-17,178.319623,178.385704,178.065973,178.190763,3090445.000000
2018-09-18,176.983657,177.086052,176.891060,177.000029,1510695.000000
2018-09-19,179.190561,179.380289,179.128445,179.166459,4475007.000000
2018-09-20,179.327952,179.402647,179.049219,179.253554,1538098.000000
2018-09-21,180.864203,181.168807,180.515680,180.807457,1040006.000000
2018-09-24,181.894894,182.095284,181.735975,181.949612,4597142.000000
2018-09-25,185.155978,185.272382,185.113046,185.266906,3319811.000000
2018-09-26,186.634659,186.815223,186.477543,186.570087,4047500.000000
2018-09-27,184.999759,185.053714,184.914611,185.004311,3121880.000000
2018-09-28,184.893298,185.049182,184.521422,184.830972,744403.000000
2018-10-01,180.687437,180.855397,180.625005,180.719350,593285.000000
2018-10-02,182.344980,182.369296,182.312927,182.325666,2657393.000000
2018-10-03,182.683345,182.883484,182.657378,182.796560,4228260.000000
2018-10-04,180.106940,180.113519,180.072852,180.110241,4775695.000000
2018-10-05,178.331498,178.367963,178.240603,178.366615,2547133.000000
2018-10-08,174.723310,174.728396,174.683159,174.695249,3591654.000000
2018-10-09,167.411708,167.677523,167.269114,167.505077,4581342.000000
2018-10-10,165.283291,165.578342,165.145794,165.247566,3248797.000000
2018-10-11,164.299379,164.383433,164.113570,164.121205,3680156.000000
2018-10-12,162.776863,162.797524,162.658009,162.697128,3240508.000000
2018-10-15,165.496645,165.589868,165.427428,165.553270,3606635.000000
2018-10-16,164.527987,164.673853,164.526215,164.535685,3617244.000000
2018-10-17,167.195737,167.232453,167.020066,167.196330,2099353.000000
2018-10-18,167.683785,167.690776,167.387863,167.610043,2772162.000000
2018-10-19,166.358201,166.525782,166.336887,166.421997,800200.000000
2018-10-22,167.251252,167.309312,167.228763,167.288159,1575495.000000
2018-10-23,170.755568,170.920615,170.639499,170.731514,2423230.000000
2018-10-24,176.708450,176.747384,176.648864,176.702998,2123548.000000
2018-10-25,176.069870,176.155546,176.016188,176.084062,2993542.000000
2018-10-26,175.976317,176.002836,175.863953,175.925864,4343816.000000
2018-10-29,176.232792,176.265485,175.948820,176.122042,4989253.000000
2018-10-30,176.212961,176.585431,176.104571,176.312565,537767.000000
2018-10-31,176.450093,176.501927,176.309786,176.498171,4097078.000000
2018-11-01,174.146070,174.248197,174.133563,174.190663,4480270.000000
2018-11-02,174.560520,174.785491,174.399566,174.486681,4167813.000000
2018-11-05,172.207614,172.432980,172.013766,172.249997,4343223.000000
2018-11-06,173.059994,173.190761,172.999996,173.142737,1580574.000000
2018-11-07,173.701651,173.873955,173.476785,173.619804,3602416.000000
2018-11-08,172.540322,172.698379,172.387206,172.539240,1988499.000000
2018-11-09,170.948660,170.982636,170.868307,170.942170,1991970.000000
2018-11-12,167.945933,168.058420,167.922187,167.959050,4477536.000000
2018-11-13,168.671025,168.842059,168.466467,168.707715,4123761.000000
2018-11-14,169.714834,169.833001,169.617385,169.652475,4295300.000000
2018-11-15,170.595289,170.781554,170.510455,170.558529,811134.000000
2018-11-16,169.800838,169.878181,169.669591,169.696370,1579325.000000
2018-11-19,171.755251,171.926138,171.699590,171.778763,3707807.000000
2018-11-20,173.572561,173.858735,173.538929,173.563524,3492205.000000
2018-11-21,176.212373,176.312865,175.907237,176.147663,3368734.000000
2018-11-22,176.882462,176.904777,176.849307,176.892103,3281266.000000
2018-11-23,177.155480,177.359439,177.042997,177.146837,514411.000000
2018-11-26,175.945537,176.055876,175.825485,175.941044,2773926.000000
2018-11-27,177.557418,177.584037,177.418134,177.475801,2944880.000000
2018-11-28,178.297377,178.415743,178.135038,178.353104,2936560.000000
2018-11-29,180.329496,180.440465,180.080173,180.247412,2490540.000000
2018-11-30,179.365911,179.479308,179.258870,179.270810,1669694.000000
2018-12-03,178.145738,178.306233,177.941283,178.049692,4226397.000000
2018-12-04,177.888444,178.197514,177.804178,177.808466,520255.000000
2018-12-05,176.319643,176.495268,176.196486,176.346278,4244853.000000
2018-12-06,176.954277,177.049714,176.747206,177.019383,4979201.000000
2018-12-07,179.897390,179.943134,179.664747,179.759419,3285319.000000
2018-12-10,179.524163,179.730655,179.522838,179.582248,2058450.000000
2018-12-11,183.425564,183.615130,183.339822,183.516036,4406763.000000
2018-12-12,183.488861,183.726768,183.433105,183.608549,3342668.000000
2018-12-13,188.948029,188.989483,188.880119,188.953208,4536919.000000
2018-12-14,185.272388,185.495362,185.077128,185.330390,1591210.000000
2018-12-17,182.967486,183.163792,182.917382,183.025972,1748119.000000
2018-12-18,179.262799,179.443348,179.133443,179.264929,1094472.000000
2018-12-19,180.834370,181.071240,180.523879,180.903966,4599825.000000
2018-12-20,174.480959,174.727683,174.277244,174.561624,707411.000000
2018-12-21,172.457886,172.711833,172.326726,172.603844,1072026.000000
2018-12-24,170.580963,170.674884,170.516637,170.567103,2482628.000000
2018-12-25,173.966387,174.011126,173.864968,173.954351,4918574.000000
2018-12-26,172.420731,172.640582,172.367377,172.444321,4340423.000000
2018-12-27,168.152193,168.227643,168.048627,168.152876,3498554.000000
2018-12-28,166.828797,166.959738,166.775972,166.900895,781426.000000
2018-12-31,168.678564,168.747597,168.539486,168.611171,3340867.000000
2019-01-01,173.676569,173.887720,173.623494,173.753941,557232.000000
2019-01-02,173.307737,173.822466,173.130377,173.501495,913307.000000
2019-01-03,173.591636,173.664885,173.470374,173.605202,949227.000000
2019-01-04,175.622583,175.769146,175.575993,175.620096,4831900.000000
2019-01-07,174.765137,175.052365,174.635301,174.933816,2237138.000000
2019-01-08,176.571264,176.847213,176.278511,176.800156,4256611.000000
2019-01-09,175.446376,175.460078,175.422123,175.426273,1154462.000000
2019-01-10,175.957980,176.029563,175.829048,175.978662,2456022.000000
2019-01-11,170.134743,170.347067,170.083087,170.088706,4321767.000000
2019-01-14,167.685081,167.720497,167.553778,167.654809,4032266.000000
2019-01-15,171.440836,171.601084,171.403802,171.522202,2909042.000000
2019-01-16,167.950155,168.053504,167.764327,167.853841,1050283.000000
2019-01-17,171.433962,171.494154,171.037811,171.242056,1907822.000000
2019-01-18,168.332460,168.499520,168.289983,168.356383,3499021.000000
2019-01-21,165.710075,165.793882,165.550260,165.652987,3901701.000000
2019-01-22,170.169119,170.231326,169.973508,170.175896,1339238.000000
2019-01-23,169.148210,169.148289,169.011336,169.124028,1492377.000000
2019-01-24,172.709198,172.881006,172.460446,172.801640,2775247.000000
2019-01-25,165.512973,165.827475,165.451160,165.744821,2127066.000000
2019-01-28,164.268704,164.366061,164.184338,164.347915,2503854.000000
2019-01-29,162.983043,163.053234,162.783244,162.928754,3081147.000000
2019-01-30,161.941648,162.231180,161.917518,162.008671,1178628.000000
2019-01-31,156.246967,156.355644,156.234711,156.237099,3892557.000000
2019-02-01,157.366284,157.497311,157.232409,157.435368,2353583.000000
2019-02-04,158.509548,158.578460,158.424985,158.478261,852510.000000
2019-02-05,156.409911,156.563471,156.367026,156.395771,1740977.000000
2019-02-06,155.746232,155.895381,155.632310,155.868688,4848107.000000
2019-02-07,155.853012,156.235124,155.721291,155.998043,686241.000000
2019-02-08,157.409483,157.688650,157.161813,157.348864,685655.000000
2019-02-11,154.338031,154.577094,154.205737,154.481898,3246133.000000
2019-02-12,154.847992,154.946316,154.673253,154.767259,1129144.000000
2019-02-13,152.297175,152.361651,152.277221,152.320210,1945198.000000
2019-02-14,148.918400,149.100853,148.744744,148.877176,1279368.000000
2019-02-15,148.969304,149.005668,148.874296,148.959874,3463829.000000
2019-02-18,151.800355,151.855660,151.588986,151.792663,2721298.000000
2019-02-19,149.583884,149.849119,149.503295,149.716734,3081191.000000
2019-02-20,151.472890,151.515759,151.220865,151.399939,2743349.000000
2019-02-21,152.242358,152.452076,152.109470,152.118292,1096365.000000
2019-02-22,151.162544,151.299037,151.007830,151.250823,3228634.000000
2019-02-25,152.486604,152.670108,152.318610,152.484196,2202350.000000
2019-02-26,154.113627,154.165560,154.003030,154.129692,3482028.000000
2019-02-27,154.306331,154.378804,154.267397,154.321643,2857305.000000
2019-02-28,157.056084,157.115042,156.939622,157.002388,3954426.000000
2019-03-01,155.686278,155.875904,155.538105,155.688145,3943122.000000
2019-03-04,159.290267,159.563890,159.091512,159.469445,1120996.000000
2019-03-05,156.862946,157.002487,156.703472,156.865734,3447743.000000
2019-03-06,153.827713,153.882504,153.528470,153.710174,4729741.000000
2019-03-07,153.877355,153.886850,153.856448,153.861277,4240001.000000
2019-03-08,152.616631,152.858773,152.541115,152.650380,1560178.000000
2019-03-11,157.716133,157.934537,157.668409,157.896182,659410.000000
2019-03-12,161.970623,162.090244,161.853261,162.077293,4898434.000000
2019-03-13,158.283129,158.457342,157.990631,158.147302,4182117.000000
2019-03-14,155.268899,155.292353,155.213183,155.282154,1487900.000000
2019-03-15,155.141501,155.217718,155.032823,155.071433,3126931.000000
2019-03-18,154.593068,154.761773,154.388214,154.705439,3935061.000000
2019-03-19,160.027917,160.283404,159.933464,160.025527,1508156.000000
2019-03-20,161.704224,161.901502,161.573056,161.889448,1257026.000000
2019-03-21,160.618487,160.681712,160.550577,160.596551,3587538.000000
2019-03-22,161.065087,161.182758,160.649431,160.884319,4021848.000000
2019-03-25,164.441650,164.615110,164.396302,164.526465,588041.000000
2019-03-26,160.929338,161.101944,160.786475,160.908978,1305525.000000
2019-03-27,165.542380,165.598825,165.455793,165.505067,3175446.000000
2019-03-28,165.560441,165.646884,165.352463,165.469732,1020171.000000
2019-03-29,166.217460,166.304750,166.030341,166.163977,621648.000000
2019-04-01,166.570323,166.709676,166.526712,166.565096,4295521.000000
2019-04-02,169.011516,169.082985,168.869123,168.899716,1693964.000000
2019-04-03,172.334618,172.497874,172.116733,172.474511,793077.000000
2019-04-04,168.730154,168.855784,168.574205,168.733124,4740032.000000
2019-04-05,167.475351,167.586327,167.352149,167.466033,4684540.000000
2019-04-08,168.753025,168.878124,168.622202,168.737137,917116.000000
2019-04-09,169.242674,169.585313,169.204296,169.384322,606112.000000
2019-04-10,173.489405,173.576114,173.477459,173.497970,4913383.000000
2019-04-11,178.340566,178.416230,178.278656,178.394578,2234691.000000
2019-04-12,178.008450,178.289770,177.985714,178.049333,2565044.000000
2019-04-15,182.803999,183.037200,182.564101,182.712531,2889518.000000
2019-04-16,180.612847,180.646994,180.552066,180.599880,851748.000000
2019-04-17,184.574509,184.679331,184.413992,184.593047,2963307.000000
2019-04-18,184.872468,185.069796,184.722350,184.762176,2864563.000000
2019-04-19,185.048231,185.161766,184.841076,185.056640,621341.000000
2019-04-22,187.556687,187.728505,187.139071,187.619493,3210308.000000
2019-04-23,188.982659,189.076463,188.862662,188.922025,566675.000000
2019-04-24,190.472962,190.699265,190.412339,190.538083,2158296.000000
2019-04-25,189.052360,189.155725,188.965892,188.970809,849691.000000
2019-04-26,188.181513,188.328778,187.985343,188.116943,3141664.000000
2019-04-29,181.363063,181.466631,181.219120,181.363473,3397269.000000
2019-04-30,180.540682,180.620403,180.508273,180.603575,818886.000000
2019-05-01,183.186229,183.214886,183.175766,183.182296,3048652.000000
2019-05-02,178.056486,178.137279,177.767803,177.934089,3072107.000000
2019-05-03,177.863450,177.897700,177.755897,177.891037,821883.000000
2019-05-06,176.910732,176.949445,176.804647,176.903166,1600337.000000
2019-05-07,174.502819,174.552386,174.355379,174.405563,1650390.000000
2019-05-08,175.394728,175.616051,175.249030,175.374524,3448903.000000
2019-05-09,176.005970,176.159689,175.891734,175.992321,1496700.000000
2019-05-10,177.218195,177.241904,177.022894,177.224338,1461844.000000
2019-05-13,180.820862,181.014217,180.548642,180.726768,3005135.000000
2019-05-14,178.694447,178.718944,178.641483,178.682074,1568943.000000
2019-05-15,180.892468,181.001062,180.706840,180.976263,576157.000000
2019-05-16,181.191845,181.201950,180.960161,181.090635,2688509.000000
2019-05-17,178.389702,178.492714,178.351293,178.408788,2502139.000000
2019-05-20,174.940269,174.970805,174.887927,174.907794,1102612.000000
2019-05-21,177.704784,177.794956,177.362202,177.572816,2909115.000000
2019-05-22,173.920555,174.143984,173.754657,173.998556,3496145.000000
2019-05-23,174.634972,174.834635,174.469489,174.474624,4282639.000000
2019-05-24,171.915392,172.089434,171.570823,171.727911,3281964.000000
2019-05-27,172.922151,173.014942,172.762154,172.785226,4517450.000000
2019-05-28,172.307290,172.440620,172.177967,172.255580,1411125.000000
2019-05-29,171.366598,171.590756,171.333474,171.547303,2836663.000000
2019-05-30,169.995152,170.250330,169.994884,170.099547,587687.000000
2019-05-31,172.678012,172.972027,172.458278,172.698749,784981.000000
2019-06-03,175.871629,175.989468,175.644908,175.835701,558029.000000
2019-06-04,173.312427,173.609751,173.027051,173.518397,2790150.000000
2019-06-05,174.679719,174.829860,174.555991,174.558956,4009051.000000
2019-06-06,175.274151,175.364338,174.965479,175.229909,4504301.000000
2019-06-07,174.040902,174.276998,173.811820,174.170980,800137.000000
2019-06-10,171.250603,171.284746,171.097839,171.281614,1903803.000000
2019-06-11,168.805101,168.935010,168.786755,168.799788,4906141.000000
2019-06-12,168.193916,168.242491,168.148609,168.185324,1609470.000000
2019-06-13,169.052405,169.124669,168.928516,169.046248,3567473.000000
2019-06-14,168.626480,168.724372,168.355560,168.632394,4970361.000000
2019-06-17,168.639310,168.725334,168.374294,168.378664,3238770.000000
2019-06-18,170.955729,171.033136,170.751501,170.940908,4416715.000000
2019-06-19,176.042462,176.331281,175.792219,176.207607,3847941.000000
2019-06-20,177.917493,178.211524,177.764778,178.043755,4181549.000000
2019-06-21,178.630513,178.873275,178.519874,178.566170,4327516.000000
2019-06-24,175.635244,175.847380,175.487661,175.662710,2517613.000000
2019-06-25,179.190809,179.194333,179.151110,179.166986,1584016.000000
2019-06-26,180.452188,180.599017,180.329127,180.520575,2779887.000000
2019-06-27,183.603097,183.953681,183.150189,183.335419,2903153.000000
2019-06-28,183.605750,183.656512,183.459143,183.498768,1248816.000000
2019-07-01,185.252565,185.423562,185.015148,185.176084,1310507.000000
2019-07-02,182.064787,182.145801,181.955188,182.051666,2885232.000000
2019-07-03,179.558445,179.609613,179.386961,179.472804,2849817.000000
2019-07-04,177.418151,177.741672,177.414386,177.602867,4057210.000000
2019-07-05,182.630574,182.944979,182.464570,182.694806,2859844.000000
2019-07-08,180.967122,181.333123,180.806931,181.049010,2000650.000000
2019-07-09,179.540709,179.749691,179.380607,179.414766,619111.000000
2019-07-10,178.595385,178.702418,178.476779,178.625401,2881842.000000
2019-07-11,178.018492,178.028170,177.995951,178.011332,4913591.000000
2019-07-12,179.845427,179.950560,179.618493,179.848968,2432110.000000
2019-07-15,177.313180,177.479660,176.905015,177.286413,1553446.000000
2019-07-16,175.332633,175.392187,175.120694,175.243220,1554155.000000
2019-07-17,175.072885,175.282210,174.955387,175.073905,3273813.000000
2019-07-18,171.860050,171.897515,171.550808,171.704926,2936475.000000
2019-07-19,172.482465,172.543072,172.346615,172.465911,2029911.000000
2019-07-22,171.825515,171.982847,171.600226,171.980545,1043818.000000
2019-07-23,163.316963,163.828367,163.181578,163.394185,4912507.000000
2019-07-24,165.024075,165.129153,164.899688,165.041556,3114672.000000
2019-07-25,165.998213,166.122458,165.902626,166.037173,4043114.000000
2019-07-26,168.574398,168.687347,168.547544,168.645133,3000384.000000
2019-07-29,171.742736,171.897896,171.439901,171.649063,3453114.000000
2019-07-30,175.831794,175.913373,175.685268,175.897581,4640723.000000
2019-07-31,175.273120,175.349836,175.227308,175.234318,3947665.000000
2019-08-01,175.773873,176.241777,175.750721,175.897268,2700373.000000
2019-08-02,171.656746,171.819393,171.566176,171.770670,2800650.000000
2019-08-05,170.643756,170.696266,170.481565,170.484725,3605127.000000
2019-08-06,172.132047,172.142760,171.914662,172.097508,2491638.000000
2019-08-07,175.393941,175.498222,175.317368,175.414029,2125552.000000
2019-08-08,174.182564,174.296913,174.176557,174.184975,726018.000000
2019-08-09,173.256393,173.451369,172.993672,173.078294,4346312.000000
2019-08-12,174.165980,174.348374,174.123428,174.135418,4593563.000000
2019-08-13,176.199928,176.359176,176.141242,176.354034,3600420.000000
2019-08-14,177.988519,178.113713,177.930172,177.958320,1457612.000000
2019-08-15,178.074602,178.242486,177.864944,178.159547,4930462.000000
2019-08-16,177.721468,177.914038,177.383122,177.543824,1319699.000000
2019-08-19,180.098815,180.113616,179.646003,180.104252,4401329.000000
2019-08-20,175.831747,176.028440,175.721805,175.917075,4992004.000000
2019-08-21,175.604931,175.798965,175.539040,175.562738,4582118.000000
2019-08-22,173.826165,174.238433,173.656600,173.929087,2184115.000000
2019-08-23,170.059086,170.118388,169.998840,170.049409,829136.000000
2019-08-26,166.595640,166.673712,166.260201,166.643636,3156306.000000
2019-08-27,168.089400,168.282643,168.002631,168.168581,2151958.000000
2019-08-28,173.436411,173.593332,173.385000,173.437870,4980648.000000
2019-08-29,173.777487,173.814326,173.557263,173.586444,3537779.000000
2019-08-30,174.840640,175.038880,174.813509,174.877972,732082.000000
2019-09-02,178.051206,178.159793,178.021788,178.050296,1081767.000000
2019-09-03,178.810779,178.896874,178.543693,178.669761,1139773.000000
2019-09-04,175.117530,175.245955,174.752562,174.911797,2805588.000000
2019-09-05,174.980642,175.342016,174.778237,175.140682,3119050.000000
2019-09-06,175.399743,175.675150,175.280049,175.364987,4342530.000000
2019-09-09,171.432264,171.442137,171.355830,171.437736,1879304.000000
2019-09-10,173.441745,173.510559,173.406661,173.424254,517875.000000
2019-09-11,172.433508,172.538945,172.422773,172.507898,3383769.000000
2019-09-12,172.223841,172.377875,172.087273,172.353887,4414180.000000
2019-09-13,172.697427,172.867363,172.643183,172.690518,3832649.000000
2019-09-16,169.580117,169.705544,169.286616,169.497235,3428693.000000
2019-09-17,172.246767,172.338936,172.140893,172.274331,4766162.000000
2019-09-18,173.591500,173.818379,173.451756,173.690341,2392628.000000
2019-09-19,177.416796,177.619790,177.189171,177.302890,2487263.000000
2019-09-20,176.666693,176.705410,176.471932,176.555609,582403.000000
2019-09-23,177.798227,177.974302,177.540258,177.773077,1142957.000000
2019-09-24,182.143418,182.328397,182.061997,182.112530,3621262.000000
2019-09-25,182.704435,182.762894,182.516578,182.692874,956103.000000
2019-09-26,180.727803,180.936556,180.542841,180.627950,1779556.000000
2019-09-27,180.072459,180.459724,179.896026,180.219731,2500331.000000
2019-09-30,185.292851,185.332610,185.182617,185.205760,2247890.000000
2019-10-01,186.236391,186.394540,186.072361,186.311062,660847.000000
2019-10-02,184.039309,184.194621,183.962059,183.982666,1334535.000000
2019-10-03,186.298399,186.305700,186.165257,186.257072,2499121.000000
2019-10-04,187.398470,187.527339,187.342863,187.498760,2030959.000000
2019-10-07,189.402727,189.631116,189.371736,189.488753,1008104.000000
2019-10-08,186.128064,186.475456,186.050595,186.101514,3269518.000000
2019-10-09,188.016717,188.059574,187.877750,187.993281,3741844.000000
2019-10-10,185.952587,186.106177,185.777009,185.869807,795050.000000
2019-10-11,186.559499,186.646595,186.403775,186.532625,2013310.000000
2019-10-14,187.212784,187.237548,187.210241,187.214606,2843501.000000
2019-10-15,187.217012,187.453946,186.973950,187.163725,3384981.000000
2019-10-16,186.675520,186.799623,186.558706,186.589474,3077987.000000
2019-10-17,188.766486,188.791762,188.717700,188.731927,2751472.000000
2019-10-18,192.002289,192.322018,191.849236,192.097670,3368300.000000
2019-10-21,191.364905,191.610403,191.134244,191.271988,3486949.000000
2019-10-22,190.487484,190.706337,190.341067,190.553431,1822539.000000
2019-10-23,186.235898,186.396949,185.974853,186.327811,893026.000000
2019-10-24,188.917819,189.096678,188.860262,188.981335,549590.000000
2019-10-25,186.930630,187.047969,186.324159,186.766433,1296415.000000
2019-10-28,185.464622,185.599707,185.241934,185.547513,1728106.000000
2019-10-29,183.085175,183.413826,182.824669,183.181450,3870959.000000
2019-10-30,186.066169,186.141726,185.849048,186.122243,3009302.000000
2019-10-31,187.997570,188.015297,187.795136,187.908951,684116.000000
2019-11-01,189.264681,189.647531,189.200721,189.261091,3131848.000000
2019-11-04,185.583880,185.770702,185.392195,185.402988,4520782.000000
2019-11-05,186.341862,186.610054,186.161755,186.437267,2957814.000000
2019-11-06,187.181194,187.207029,186.984474,187.000107,3118647.000000
2019-11-07,187.409286,187.511126,187.247566,187.361247,2018152.000000
2019-11-08,184.727848,184.873348,184.686625,184.779173,4785114.000000
2019-11-11,188.037880,188.098382,187.873559,187.978473,3654920.000000
2019-11-12,189.401217,189.458462,189.237919,189.400662,1342608.000000
2019-11-13,192.119035,192.376341,192.043250,192.223450,2889843.000000
2019-11-14,190.600775,190.680955,190.493953,190.531448,2203296.000000
2019-11-15,190.756184,191.016959,190.594059,190.840667,3570364.000000
2019-11-18,188.932143,189.000058,188.889466,188.943162,3545279.000000
2019-11-19,187.251532,187.378553,187.056681,187.144296,1699037.000000
2019-11-20,190.292160,190.449457,190.122953,190.370114,3478165.000000
2019-11-21,195.484283,195.712633,195.188221,195.610171,2468329.000000
2019-11-22,197.256369,197.426581,197.102897,197.365176,3112262.000000
2019-11-25,200.696350,200.948077,200.626661,200.869272,4950157.000000
2019-11-26,199.537302,199.549254,199.470633,199.486453,1516200.000000
2019-11-27,203.034853,203.289991,203.029751,203.130383,4409743.000000
2019-11-28,196.816199,196.956787,196.557902,196.846779,576911.000000
2019-11-29,200.607584,200.683134,200.569361,200.619105,4929921.000000
2019-12-02,203.399415,203.530300,203.295935,203.387441,1435320.000000
2019-12-03,200.848207,201.051279,200.654741,200.962123,1315128.000000
2019-12-04,202.468508,202.979570,202.456798,202.745006,1283800.000000
2019-12-05,205.832372,205.840671,205.731285,205.750667,1568463.000000
2019-12-06,201.561012,201.749877,201.503688,201.729548,4432877.000000
2019-12-09,203.668863,203.934117,203.547844,203.575609,2992833.000000
2019-12-10,203.495487,203.552550,203.376405,203.452957,1749770.000000
2019-12-11,204.306486,204.567901,203.868611,204.251277,814644.000000
2019-12-12,203.096861,203.099290,202.993220,203.065622,2639852.000000
2019-12-13,204.901706,205.043305,204.745496,205.040143,4216975.000000
2019-12-16,205.956261,206.140380,205.533359,206.002627,2218460.000000
2019-12-17,207.885342,208.141600,207.640258,207.810261,2802624.000000
2019-12-18,205.388790,205.636194,205.335109,205.417751,3430704.000000
2019-12-19,200.414909,200.647745,200.165521,200.471586,3806179.000000
