date,open,high,low,close,volume
2010-01-01,99.496283,99.522526,99.416011,99.464924,2916032.000000
2010-01-04,102.777279,102.857003,102.695133,102.825941,3603111.000000
2010-01-05,103.405314,103.435642,103.315023,103.387758,4443486.000000
2010-01-06,103.543330,103.653349,103.537286,103.650965,4300728.000000
2010-01-07,105.622726,105.888308,105.604562,105.739913,1692085.000000
2010-01-08,106.444336,106.471130,106.346106,106.416200,2804392.000000
2010-01-11,105.554899,105.679587,105.463934,105.480987,988883.000000
2010-01-12,104.732433,104.734229,104.612053,104.629699,4733485.000000
2010-01-13,105.105424,105.176739,105.098302,105.172766,772335.000000
2010-01-14,108.684227,108.765047,108.590413,108.697536,4601807.000000
2010-01-15,105.355445,105.387561,105.200401,105.375107,685101.000000
2010-01-18,104.827625,104.841055,104.740690,104.800304,1367148.000000
2010-01-19,104.217963,104.304050,104.161853,104.181733,3627132.000000
2010-01-20,103.970977,104.145654,103.955519,103.991081,4253001.000000
2010-01-21,105.766104,105.911680,105.760699,105.808624,3530515.000000
2010-01-22,103.895489,104.051267,103.815016,103.995870,2641772.000000
2010-01-25,104.570357,104.581254,104.412737,104.475369,3318157.000000
2010-01-26,104.568866,104.644093,104.568371,104.631870,1739232.000000
2010-01-27,104.389972,104.498139,104.315010,104.378950,3891949.000000
2010-01-28,106.488406,106.608508,106.471233,106.540774,4572689.000000
2010-01-29,108.213251,108.275360,108.062099,108.123517,1327172.000000
2010-02-01,108.298023,108.466414,108.132074,108.401526,4948773.000000
2010-02-02,107.402914,107.437475,107.246584,107.406357,3324570.000000
2010-02-03,107.383465,107.472314,107.296322,107.313563,2099610.000000
2010-02-04,108.602346,108.648255,108.338097,108.500823,1784153.000000
2010-02-05,108.988257,109.008159,108.959831,108.993410,1726177.000000
2010-02-08,110.259212,110.321882,110.228728,110.269265,2629769.000000
2010-02-09,110.862345,110.988830,110.782098,110.911884,680521.000000
2010-02-10,110.062954,110.264666,109.893932,110.153648,4145941.000000
2010-02-11,108.254959,108.319501,108.216954,108.262808,3003970.000000
2010-02-12,108.818623,108.845409,108.655866,108.752667,1849563.000000
2010-02-15,110.108070,110.266909,109.982834,110.131845,2023761.000000
2010-02-16,111.874110,111.914399,111.761118,111.803923,611239.000000
2010-02-17,110.935504,110.953840,110.904732,110.908022,3444653.000000
2010-02-18,108.167847,108.268526,108.084630,108.187894,4060897.000000
2010-02-19,104.044139,104.047219,103.911952,103.982202,4846709.000000
2010-02-22,103.995564,104.032276,103.852446,103.925360,4168258.000000
2010-02-23,103.584139,103.590430,103.466194,103.567874,1151864.000000
2010-02-24,103.412219,103.451903,103.343933,103.361207,3305315.000000
2010-02-25,103.155787,103.216496,103.103513,103.123129,962491.000000
2010-02-26,103.974595,104.194134,103.942738,104.007139,3088741.000000
2010-03-01,103.613329,103.701179,103.528741,103.580350,704280.000000
2010-03-02,103.511519,103.542552,103.382605,103.468758,901560.000000
2010-03-03,106.303693,106.430209,106.253718,106.317970,549619.000000
2010-03-04,104.748241,104.905220,104.659647,104.794452,1864533.000000
2010-03-05,104.874205,105.005640,104.746870,104.934495,2836793.000000
2010-03-08,105.419140,105.445063,105.340180,105.343390,3835536.000000
2010-03-09,105.910243,105.976688,105.862770,105.927991,3285148.000000
2010-03-10,106.361021,106.410644,106.308334,106.347865,1226288.000000
2010-03-11,105.581570,105.782666,105.561275,105.617239,1413387.000000
2010-03-12,103.870669,104.088870,103.708687,103.852610,1199764.000000
2010-03-15,101.759064,102.006957,101.683990,101.928468,4027795.000000
2010-03-16,103.049096,103.135458,103.011326,103.122798,2527934.000000
2010-03-17,104.248555,104.300598,104.164867,104.254454,635454.000000
2010-03-18,105.145494,105.269037,105.055262,105.092670,2146080.000000
2010-03-19,107.336479,107.337003,107.215856,107.296900,2718903.000000
2010-03-22,106.016986,106.107840,105.898956,105.935779,1952270.000000
2010-03-23,104.660311,104.675804,104.646549,104.661964,3890020.000000
2010-03-24,101.441060,101.559913,101.328803,101.431770,2605196.000000
2010-03-25,100.089781,100.090292,99.916041,100.017262,3225479.000000
2010-03-26,99.764167,99.910074,99.762899,99.796509,3971440.000000
2010-03-29,99.496447,99.598759,99.411761,99.509153,1451355.000000
2010-03-30,98.654851,98.884684,98.601288,98.748626,4002218.000000
2010-03-31,98.907232,98.924281,98.895018,98.914423,3859065.000000
2010-04-01,96.377264,96.437331,96.232918,96.343220,3776809.000000
2010-04-02,96.734704,96.858485,96.494240,96.682552,1052806.000000
2010-04-05,96.302963,96.349492,96.239712,96.303351,4345882.000000
2010-04-06,97.031175,97.061848,96.976731,97.019940,2399672.000000
2010-04-07,96.346263,96.434588,96.146042,96.260853,1375774.000000
2010-04-08,96.101720,96.133187,96.000144,96.037325,1384171.000000
2010-04-09,96.135825,96.141495,96.070334,96.085232,2127176.000000
2010-04-12,95.683472,95.779791,95.629429,95.723070,3862531.000000
2010-04-13,95.746413,95.850828,95.727799,95.732604,2017445.000000
2010-04-14,95.530475,95.549282,95.457412,95.546432,3549582.000000
2010-04-15,98.186724,98.248294,98.141445,98.216282,2190864.000000
2010-04-16,99.789182,99.808135,99.734990,99.780722,2906782.000000
2010-04-19,99.791781,99.917019,99.769999,99.825384,4399738.000000
2010-04-20,101.704073,101.801146,101.553497,101.619327,2289002.000000
2010-04-21,101.066924,101.201740,100.930632,101.082114,3396636.000000
2010-04-22,103.349594,103.522988,103.300738,103.451404,3428606.000000
2010-04-23,100.672264,100.758173,100.616002,100.704648,4437425.000000
2010-04-26,100.319005,100.345196,100.162442,100.297801,932418.000000
2010-04-27,100.953097,100.999088,100.766071,100.920948,3730642.000000
2010-04-28,101.594464,101.807076,101.585115,101.727749,4239577.000000
2010-04-29,101.211808,101.296652,101.104670,101.220641,1869343.000000
2010-04-30,102.112537,102.155495,101.898936,102.076765,3327085.000000
2010-05-03,102.864207,102.897305,102.745452,102.888841,653372.000000
2010-05-04,103.662145,103.746541,103.640279,103.683856,2555920.000000
2010-05-05,103.236647,103.242450,103.106613,103.124482,515065.000000
2010-05-06,104.138158,104.269165,103.933731,104.064362,1185715.000000
2010-05-07,105.053309,105.227306,104.939736,104.988001,1750282.000000
2010-05-10,107.006810,107.061154,106.947978,107.028997,3401114.000000
2010-05-11,104.802601,104.804281,104.670433,104.716145,3226551.000000
2010-05-12,107.095451,107.257431,106.984720,107.155275,4832107.000000
2010-05-13,104.662555,104.791389,104.535176,104.597129,4112961.000000
2010-05-14,104.052388,104.110128,104.008360,104.107199,4260398.000000
2010-05-17,103.697277,103.766584,103.681707,103.728044,2999005.000000
2010-05-18,102.532445,102.593186,102.493597,102.549882,2903730.000000
2010-05-19,104.234006,104.242679,104.135926,104.206865,2102101.000000
2010-05-20,106.268368,106.332539,106.215933,106.216590,2968055.000000
2010-05-21,109.048770,109.172935,108.911009,108.972914,3655274.000000
2010-05-24,108.951641,109.003383,108.876746,108.892039,1711018.000000
2010-05-25,110.421290,110.578373,110.354501,110.385295,4779575.000000
2010-05-26,109.767891,109.918308,109.691181,109.832574,893602.000000
2010-05-27,106.862442,106.940511,106.861188,106.862960,1885970.000000
2010-05-28,101.216287,101.243426,100.980718,101.139085,1651215.000000
2010-05-31,100.187015,100.264110,100.155430,100.216467,1664026.000000
2010-06-01,102.890120,102.970091,102.826431,102.865366,3721570.000000
2010-06-02,104.262394,104.370001,104.129601,104.285001,4031034.000000
2010-06-03,105.401068,105.484586,105.340945,105.471861,1028473.000000
2010-06-04,106.462289,106.579683,106.399938,106.488669,999685.000000
2010-06-07,104.787276,104.998483,104.763196,104.856611,2944003.000000
2010-06-08,104.051410,104.096453,104.002724,104.066301,2851295.000000
2010-06-09,103.806363,103.858776,103.799997,103.825647,3643989.000000
2010-06-10,102.915085,103.044068,102.779031,102.948473,4764537.000000
2010-06-11,100.615983,100.628981,100.574548,100.613453,1163413.000000
2010-06-14,101.732853,101.797026,101.704526,101.746285,2188895.000000
2010-06-15,102.760310,102.917687,102.694351,102.782487,4764886.000000
2010-06-16,102.709268,102.730839,102.555162,102.646511,4651346.000000
2010-06-17,102.271248,102.472617,102.259836,102.314364,2619174.000000
2010-06-18,102.461239,102.482457,102.385150,102.400349,928326.000000
2010-06-21,104.612523,104.717510,104.505836,104.641690,2480798.000000
2010-06-22,104.861859,104.892870,104.772129,104.781595,4574253.000000
2010-06-23,106.014067,106.046655,105.893102,105.942839,4335153.000000
2010-06-24,106.057306,106.177891,105.866019,105.979304,4020901.000000
2010-06-25,104.274867,104.434405,104.209419,104.319125,3726032.000000
2010-06-28,104.287108,104.314137,104.265551,104.291627,1646195.000000
2010-06-29,102.734684,102.828517,102.584005,102.699674,1101900.000000
2010-06-30,101.916311,102.104986,101.639616,101.893166,4059095.000000
2010-07-01,101.906650,101.956666,101.802882,101.882499,3980587.000000
2010-07-02,101.729445,101.805851,101.720757,101.731139,4053144.000000
2010-07-05,103.448200,103.593826,103.265118,103.461533,2785941.000000
2010-07-06,103.224769,103.320777,103.103417,103.211606,2761279.000000
2010-07-07,105.649600,105.710236,105.540406,105.626712,678617.000000
2010-07-08,106.529920,106.532320,106.384750,106.514671,4186226.000000
2010-07-09,105.012924,105.098951,104.921693,104.988780,1100660.000000
2010-07-12,103.099363,103.150422,102.969679,103.074379,4442060.000000
2010-07-13,100.222327,100.336337,100.138416,100.200871,4814085.000000
2010-07-14,98.107333,98.192827,98.018848,98.166122,4231740.000000
2010-07-15,99.980153,100.017410,99.913141,100.002435,587703.000000
2010-07-16,100.813822,100.922573,100.714881,100.873968,2187597.000000
2010-07-19,101.398053,101.535895,101.373359,101.434343,2100173.000000
2010-07-20,101.781485,101.918133,101.762020,101.900780,3287797.000000
2010-07-21,103.492651,103.505556,103.425272,103.479090,4354394.000000
2010-07-22,101.725616,101.893393,101.621959,101.711808,1300012.000000
2010-07-23,100.893908,100.972454,100.716808,100.944527,4288380.000000
2010-07-26,103.285979,103.485447,103.182165,103.250780,4949970.000000
2010-07-27,103.381203,103.430209,103.319844,103.336053,4432196.000000
2010-07-28,102.397002,102.513347,102.169436,102.372572,656105.000000
2010-07-29,103.050415,103.114679,102.849662,103.002536,1547122.000000
2010-07-30,100.711049,100.765574,100.685040,100.703082,4667280.000000
2010-08-02,101.985714,102.011738,101.891235,101.967836,2692982.000000
2010-08-03,106.229245,106.259467,106.185082,106.220722,745184.000000
2010-08-04,103.548061,103.570571,103.279039,103.429402,2407570.000000
2010-08-05,100.670988,100.755334,100.597491,100.718270,2309952.000000
2010-08-06,103.361563,103.426632,103.295648,103.392363,2814652.000000
2010-08-09,101.023906,101.127649,100.984263,101.102303,2968216.000000
2010-08-10,99.847812,100.020168,99.769785,99.875565,2088779.000000
2010-08-11,104.208480,104.305842,104.173086,104.270763,1503651.000000
2010-08-12,104.736555,104.759567,104.646519,104.688579,2142769.000000
2010-08-13,103.318380,103.372791,103.247260,103.357541,1676468.000000
2010-08-16,102.769575,102.908763,102.641671,102.673134,1734525.000000
2010-08-17,103.572687,103.626718,103.442128,103.613622,3407935.000000
2010-08-18,104.192962,104.262650,104.189549,104.240132,4804608.000000
2010-08-19,100.896889,100.928308,100.882533,100.900573,4055601.000000
2010-08-20,104.730394,104.778146,104.483895,104.591168,3436013.000000
2010-08-23,106.374980,106.563724,106.162197,106.427518,1932105.000000
2010-08-24,105.999306,106.021258,105.806303,105.932450,3968796.000000
2010-08-25,103.979214,104.034008,103.882768,104.014463,2883731.000000
2010-08-26,108.429382,108.607172,108.327674,108.506353,3220534.000000
2010-08-27,107.242475,107.255711,107.207928,107.242090,3591532.000000
2010-08-30,106.343448,106.386241,106.240134,106.297224,2302837.000000
2010-08-31,104.509845,104.625418,104.417478,104.522922,3332591.000000
2010-09-01,104.136139,104.170752,104.016106,104.087093,3760920.000000
2010-09-02,102.609441,102.725501,102.571810,102.599705,4238241.000000
2010-09-03,99.667253,99.731509,99.588612,99.599901,2470399.000000
2010-09-06,97.782268,97.835025,97.702021,97.767551,1008239.000000
2010-09-07,95.178636,95.280778,95.173853,95.230946,590336.000000
2010-09-08,94.353564,94.376105,94.304312,94.312228,2178836.000000
2010-09-09,94.698879,94.780754,94.580466,94.680526,4808483.000000
2010-09-10,94.034656,94.037492,93.992080,94.028079,2961189.000000
2010-09-13,95.829311,95.860368,95.785616,95.832628,922057.000000
2010-09-14,96.870881,96.906266,96.810563,96.816013,3419528.000000
2010-09-15,96.034899,96.049074,95.939076,95.995947,4313274.000000
2010-09-16,97.393982,97.395273,97.350250,97.388660,4039769.000000
2010-09-17,96.805381,96.950156,96.763841,96.885768,2098697.000000
2010-09-20,97.693347,97.752807,97.646963,97.693134,2732763.000000
2010-09-21,98.502160,98.535179,98.456232,98.506460,4212838.000000
2010-09-22,96.144094,96.158437,96.086575,96.140904,4391799.000000
2010-09-23,97.277354,97.432699,97.179711,97.293877,1184217.000000
2010-09-24,98.565734,98.657379,98.538568,98.655991,3028897.000000
2010-09-27,98.625631,98.686364,98.581936,98.649891,1076357.000000
2010-09-28,98.461877,98.468208,98.443506,98.463805,3528549.000000
2010-09-29,101.022416,101.100263,101.015055,101.051706,2674132.000000
2010-09-30,102.739643,102.834270,102.698786,102.784875,920376.000000
2010-10-01,104.262324,104.422751,104.229197,104.290191,2088656.000000
2010-10-04,104.067955,104.123737,104.061734,104.068262,3128026.000000
2010-10-05,101.594800,101.640392,101.466969,101.622063,2087643.000000
2010-10-06,101.425225,101.470880,101.314949,101.344599,2566465.000000
2010-10-07,102.432457,102.562182,102.302769,102.417674,3153993.000000
2010-10-08,104.334786,104.348856,104.269250,104.312818,3074263.000000
2010-10-11,107.827695,107.855913,107.652418,107.794805,3966517.000000
2010-10-12,104.719761,104.866768,104.705407,104.789347,4041989.000000
2010-10-13,106.057111,106.087920,106.045611,106.086409,3155242.000000
2010-10-14,105.196063,105.330311,105.075966,105.231224,1036454.000000
2010-10-15,108.665263,108.727478,108.574821,108.611066,4193303.000000
2010-10-18,107.275046,107.320432,107.211150,107.289776,3764443.000000
2010-10-19,109.398390,109.432445,109.330341,109.340449,1041321.000000
2010-10-20,107.685087,107.739253,107.616669,107.650982,3120157.000000
2010-10-21,107.721179,107.799397,107.668251,107.770402,2681780.000000
2010-10-22,111.422200,111.628436,111.356848,111.425529,2225402.000000
2010-10-25,112.765815,112.838301,112.720381,112.737371,1274077.000000
2010-10-26,111.994010,112.125734,111.720872,111.913659,1128101.000000
2010-10-27,111.441883,111.470524,111.424972,111.433244,2393249.000000
2010-10-28,106.385242,106.449375,106.301545,106.424117,4162083.000000
2010-10-29,106.585477,106.611933,106.495521,106.571169,1723755.000000
2010-11-01,106.438430,106.501268,106.390854,106.419872,2731578.000000
2010-11-02,106.766311,106.805880,106.749006,106.769426,2612522.000000
2010-11-03,107.122797,107.277819,106.999825,107.113448,3176371.000000
2010-11-04,105.726599,105.828704,105.681724,105.759572,1816220.000000
2010-11-05,102.799078,102.815163,102.782768,102.793945,1035576.000000
2010-11-08,103.577138,103.737732,103.573006,103.601716,1300634.000000
2010-11-09,103.202230,103.270114,103.196550,103.239333,3583507.000000
2010-11-10,104.383853,104.399023,104.257094,104.363335,3448023.000000
2010-11-11,102.011307,102.118646,101.975657,102.086058,2284067.000000
2010-11-12,101.915629,102.043248,101.810036,101.869930,523874.000000
2010-11-15,98.529077,98.631293,98.409625,98.530132,2005029.000000
2010-11-16,95.843061,95.947039,95.818480,95.884317,4154811.000000
2010-11-17,94.625583,94.668211,94.593872,94.642782,4244554.000000
2010-11-18,92.945137,93.007029,92.912073,92.939454,750185.000000
2010-11-19,94.925283,94.938357,94.856397,94.929236,572413.000000
2010-11-22,92.025497,92.149258,92.017876,92.091815,2652905.000000
2010-11-23,91.614050,91.687443,91.519649,91.597461,3647515.000000
2010-11-24,92.510546,92.598110,92.415368,92.477171,3631405.000000
2010-11-25,91.479502,91.555141,91.476378,91.518137,4180813.000000
2010-11-26,89.265044,89.330856,89.141967,89.325390,2745343.000000
2010-11-29,86.684459,86.742373,86.578632,86.680984,3845410.000000
2010-11-30,89.394714,89.417045,89.279097,89.347833,4964529.000000
2010-12-01,87.447447,87.568734,87.308265,87.401006,2491677.000000
2010-12-02,85.491209,85.593634,85.469300,85.547241,1227534.000000
2010-12-03,87.049943,87.180017,87.038144,87.059754,3248510.000000
2010-12-06,85.579055,85.630370,85.449455,85.572875,4117068.000000
2010-12-07,84.016641,84.147750,84.015459,84.038554,3105685.000000
2010-12-08,83.917577,84.003308,83.812318,83.893971,4114341.000000
2010-12-09,83.180439,83.198337,83.089475,83.146188,2815015.000000
2010-12-10,82.970632,83.085118,82.921272,82.981193,3501199.000000
2010-12-13,85.235851,85.324425,85.181709,85.292207,4387793.000000
2010-12-14,85.200845,85.251676,85.158578,85.190509,2398757.000000
2010-12-15,85.880148,85.955271,85.877249,85.901242,4949726.000000
2010-12-16,85.703666,85.790688,85.631273,85.667127,2655743.000000
2010-12-17,85.939554,85.943639,85.855098,85.926889,4165978.000000
2010-12-20,84.197180,84.307039,84.102665,84.219542,2173663.000000
2010-12-21,83.663749,83.725549,83.598960,83.617607,4016254.000000
2010-12-22,83.601151,83.688804,83.554903,83.629945,3958517.000000
2010-12-23,83.991017,84.021885,83.930211,83.983281,2815063.000000
2010-12-24,82.961863,83.000065,82.899940,82.972136,2664262.000000
2010-12-27,81.863303,81.890911,81.843513,81.845136,3427585.000000
2010-12-28,81.820210,82.036157,81.792099,81.890562,810918.000000
2010-12-29,81.045437,81.106063,80.936898,81.089270,2746497.000000
2010-12-30,81.833237,81.863885,81.762666,81.810415,954691.000000
2010-12-31,81.644060,81.660687,81.556909,81.584205,1901202.000000
2011-01-03,82.078440,82.189637,82.063898,82.115449,1564462.000000
2011-01-04,80.830964,80.973371,80.827284,80.877652,4596733.000000
2011-01-05,81.253736,81.287761,81.237272,81.263992,2784773.000000
2011-01-06,80.673592,80.708386,80.642292,80.663873,3406549.000000
2011-01-07,80.598715,80.692349,80.531916,80.686205,4933114.000000
2011-01-10,80.278775,80.351741,80.173791,80.278778,1303668.000000
2011-01-11,79.018678,79.074022,79.004520,79.021189,4708952.000000
2011-01-12,78.307977,78.400124,78.281059,78.350784,1655930.000000
2011-01-13,78.554085,78.580747,78.375910,78.467378,2292498.000000
2011-01-14,81.545854,81.583286,81.484614,81.513110,1261634.000000
2011-01-17,83.039888,83.091899,83.024224,83.079187,1061067.000000
2011-01-18,82.225639,82.345361,82.098139,82.215094,1237328.000000
2011-01-19,82.866949,82.912824,82.760658,82.869186,3445272.000000
2011-01-20,82.376615,82.425659,82.344703,82.364373,2036294.000000
2011-01-21,83.419478,83.437268,83.350927,83.408168,4892224.000000
2011-01-24,85.640134,85.778745,85.560542,85.660771,3724113.000000
2011-01-25,86.333179,86.444726,86.326491,86.420482,3489291.000000
2011-01-26,86.128906,86.168490,86.107380,86.118358,827773.000000
2011-01-27,84.045006,84.114496,84.034305,84.101542,1347322.000000
2011-01-28,83.347005,83.417407,83.305113,83.392873,2552230.000000
2011-01-31,82.808438,82.916274,82.738998,82.759802,1590864.000000
2011-02-01,83.944933,83.995152,83.903263,83.964205,813367.000000
2011-02-02,85.856914,85.901673,85.751904,85.863585,4971947.000000
2011-02-03,85.897531,85.915036,85.875782,85.913728,3204997.000000
2011-02-04,85.381423,85.479475,85.264756,85.339669,3163064.000000
2011-02-07,85.776204,85.827214,85.717822,85.782387,4255846.000000
2011-02-08,86.940391,86.955840,86.822505,86.945806,2620141.000000
2011-02-09,87.384466,87.417456,87.329133,87.395247,3935916.000000
2011-02-10,86.679544,86.744388,86.566444,86.716476,2567938.000000
2011-02-11,85.631324,85.687063,85.607399,85.610227,1088896.000000
2011-02-14,85.289269,85.348052,85.154433,85.248873,1081995.000000
2011-02-15,85.988589,86.070047,85.951389,85.969408,1320355.000000
2011-02-16,86.532458,86.645708,86.451344,86.486265,1235342.000000
2011-02-17,87.036589,87.055108,86.984238,86.994111,4868119.000000
2011-02-18,85.538104,85.552564,85.502561,85.531378,4453313.000000
2011-02-21,86.533261,86.616039,86.430969,86.516923,4187681.000000
2011-02-22,87.715583,87.726134,87.545676,87.562478,4472715.000000
2011-02-23,88.206470,88.308230,88.064186,88.220392,2749332.000000
2011-02-24,85.934006,86.070536,85.882162,85.968500,2561073.000000
2011-02-25,86.595612,86.630693,86.588225,86.616773,811475.000000
2011-02-28,86.933220,86.956409,86.831721,86.903139,1779777.000000
2011-03-01,88.228729,88.233865,88.140805,88.197085,3578130.000000
2011-03-02,87.924803,88.123146,87.841427,87.984009,4284655.000000
2011-03-03,88.356910,88.422478,88.298650,88.377344,4807969.000000
2011-03-04,90.229879,90.296147,90.187782,90.220617,4738864.000000
2011-03-07,90.713798,90.799674,90.587904,90.647663,4358834.000000
2011-03-08,88.590525,88.593135,88.444013,88.526956,1918057.000000
2011-03-09,88.624620,88.714102,88.526942,88.650770,608564.000000
2011-03-10,89.170633,89.209362,89.138565,89.177810,544028.000000
2011-03-11,91.007607,91.101340,90.941477,91.031176,2193323.000000
2011-03-14,90.657108,90.809282,90.647494,90.720640,3289478.000000
2011-03-15,90.747591,90.825194,90.606568,90.666907,1735341.000000
2011-03-16,89.128131,89.141933,89.121183,89.132243,3403284.000000
2011-03-17,89.138958,89.226950,89.044919,89.183009,4885520.000000
2011-03-18,88.896337,88.975833,88.765172,88.942263,4666383.000000
2011-03-21,92.057201,92.161194,92.019568,92.106675,2881566.000000
2011-03-22,91.060040,91.131625,90.973684,91.041719,732844.000000
2011-03-23,92.015555,92.041177,92.003524,92.003891,3722504.000000
2011-03-24,90.281447,90.344029,90.268811,90.293868,3911193.000000
2011-03-25,90.798026,91.000251,90.718674,90.742897,1800655.000000
2011-03-28,91.941735,92.073916,91.846512,91.972009,4685592.000000
2011-03-29,94.344125,94.345232,94.085509,94.253927,2695235.000000
2011-03-30,96.812044,96.879304,96.732071,96.878074,4324507.000000
2011-03-31,96.316348,96.383147,96.265573,96.335562,1440685.000000
2011-04-01,94.933920,95.028854,94.869204,94.879763,2907911.000000
2011-04-04,92.965233,93.021443,92.963141,93.008266,1980997.000000
2011-04-05,91.888609,91.980806,91.850650,91.905029,1233493.000000
2011-04-06,92.766736,92.894856,92.757737,92.887661,2945949.000000
2011-04-07,92.872044,92.874037,92.776985,92.836059,1908469.000000
2011-04-08,92.287138,92.384352,92.278671,92.333191,1270662.000000
2011-04-11,93.805157,93.820729,93.718950,93.781931,1025509.000000
2011-04-12,93.620479,93.691518,93.601366,93.674722,744915.000000
2011-04-13,94.296012,94.450879,94.157060,94.249622,2528860.000000
2011-04-14,91.777800,91.842947,91.758922,91.776154,691322.000000
2011-04-15,93.104279,93.143736,93.016051,93.057653,1415317.000000
2011-04-18,94.168047,94.172743,94.162603,94.165228,619220.000000
2011-04-19,94.485132,94.487100,94.447383,94.466947,4318154.000000
2011-04-20,94.596461,94.640885,94.561289,94.623393,4510545.000000
2011-04-21,94.096248,94.105398,94.037829,94.079680,901739.000000
2011-04-22,94.251397,94.273317,94.200035,94.212658,2406492.000000
2011-04-25,93.054364,93.114985,93.048883,93.111443,1700995.000000
2011-04-26,94.839354,94.897824,94.750479,94.843179,778805.000000
2011-04-27,94.233830,94.411563,94.172880,94.289202,2494077.000000
2011-04-28,90.270311,90.312894,90.037055,90.224078,1510676.000000
2011-04-29,91.886041,91.899981,91.791641,91.882277,2747917.000000
2011-05-02,92.290000,92.394625,92.288014,92.328852,1049384.000000
2011-05-03,94.122885,94.209845,94.093714,94.122891,1446478.000000
2011-05-04,93.843352,93.956730,93.760312,93.952847,1126862.000000
2011-05-05,95.197454,95.199978,95.051173,95.108095,2260290.000000
2011-05-06,94.088511,94.191392,94.076988,94.117882,4798841.000000
2011-05-09,94.873587,94.906140,94.859093,94.870667,4192710.000000
2011-05-10,97.262259,97.282087,97.232790,97.275456,1043751.000000
2011-05-11,97.079809,97.138849,96.867413,97.074738,3477831.000000
2011-05-12,95.840542,95.976931,95.772848,95.952255,2374503.000000
2011-05-13,97.273352,97.336058,97.209922,97.321884,2681803.000000
2011-05-16,96.234358,96.296682,96.114014,96.235878,4991774.000000
2011-05-17,92.654009,92.822655,92.601106,92.717446,1473194.000000
2011-05-18,93.331285,93.489311,93.267803,93.351874,2881421.000000
2011-05-19,92.194501,92.212600,92.138272,92.175680,4468424.000000
2011-05-20,94.011588,94.091186,93.900524,93.967946,1169258.000000
2011-05-23,95.419405,95.446160,95.241717,95.305217,2680381.000000
2011-05-24,96.360185,96.467612,96.272918,96.315717,1499869.000000
2011-05-25,96.191858,96.259160,96.151473,96.249889,702002.000000
2011-05-26,95.710546,95.737029,95.678840,95.721313,1239127.000000
2011-05-27,95.605294,95.669507,95.567748,95.657150,859781.000000
2011-05-30,94.374813,94.438004,94.224177,94.300058,1085400.000000
2011-05-31,95.164201,95.321777,95.019732,95.095588,1327122.000000
2011-06-01,92.275566,92.330361,92.268666,92.319374,3525598.000000
2011-06-02,91.718018,91.889511,91.683833,91.856068,2973335.000000
2011-06-03,91.429851,91.522198,91.292832,91.369514,2854621.000000
2011-06-06,88.578264,88.631778,88.469817,88.612553,2339965.000000
2011-06-07,89.904434,90.071311,89.874332,89.944054,3097579.000000
2011-06-08,89.463301,89.534699,89.448671,89.517275,1451140.000000
2011-06-09,89.708735,89.821337,89.676101,89.714102,3746481.000000
2011-06-10,91.072077,91.083841,90.961903,91.020307,2926194.000000
2011-06-13,89.140817,89.160627,89.007453,89.138818,2664741.000000
2011-06-14,89.229967,89.291012,89.224374,89.248732,4493616.000000
2011-06-15,89.142559,89.193542,89.057820,89.163822,1302106.000000
2011-06-16,87.740473,87.765574,87.676200,87.745202,1952105.000000
2011-06-17,88.270615,88.278968,88.103409,88.124363,3499579.000000
2011-06-20,89.418049,89.582740,89.378754,89.456450,859794.000000
2011-06-21,89.958573,90.054211,89.888651,89.908070,2610562.000000
2011-06-22,89.788033,89.829814,89.643759,89.719402,4198250.000000
2011-06-23,91.235140,91.368909,91.158409,91.169884,4849905.000000
2011-06-24,90.649577,90.736831,90.627661,90.646661,2043247.000000
2011-06-27,91.432303,91.523244,91.282560,91.371735,729996.000000
2011-06-28,92.823164,92.862136,92.789254,92.801941,4372775.000000
2011-06-29,96.287796,96.307121,96.282133,96.295725,3199203.000000
2011-06-30,95.265217,95.373141,95.264081,95.285123,2391614.000000
2011-07-01,93.991763,94.050991,93.961266,93.987734,4122229.000000
2011-07-04,94.381467,94.384908,94.369398,94.380376,2720923.000000
2011-07-05,96.169544,96.249653,96.087542,96.089840,4425630.000000
2011-07-06,95.034539,95.048626,94.983111,95.008009,1350860.000000
2011-07-07,94.948898,95.101817,94.945708,94.981656,2560013.000000
2011-07-08,93.004871,93.191257,92.992466,93.011337,1280620.000000
2011-07-11,94.520233,94.611008,94.427337,94.550669,1781607.000000
2011-07-12,96.127681,96.162130,96.021320,96.101398,3419775.000000
2011-07-13,93.951052,94.070967,93.930182,93.990369,1690086.000000
2011-07-14,94.509802,94.625095,94.475171,94.613048,4521689.000000
2011-07-15,97.924576,97.940114,97.821414,97.913695,2847475.000000
2011-07-18,99.536783,99.668102,99.530399,99.547912,4845890.000000
2011-07-19,100.065464,100.116902,99.980879,100.087694,1121606.000000
2011-07-20,101.331122,101.359780,101.274063,101.298338,2690830.000000
2011-07-21,100.865535,100.901206,100.770556,100.802974,4631482.000000
2011-07-22,100.033424,100.088667,99.896895,100.014595,4291262.000000
2011-07-25,98.943490,99.009057,98.769323,98.915726,1912446.000000
2011-07-26,98.670157,98.756689,98.643947,98.649907,1939473.000000
2011-07-27,100.786830,100.815799,100.731372,100.772468,4169966.000000
2011-07-28,102.530730,102.645445,102.411386,102.556724,789411.000000
2011-07-29,103.578113,103.660217,103.570109,103.620114,1797306.000000
2011-08-01,104.050953,104.169109,103.874194,104.060520,1489564.000000
2011-08-02,104.656731,104.700872,104.413833,104.657958,4029418.000000
2011-08-03,108.046939,108.092086,107.977682,108.078332,4365525.000000
2011-08-04,108.943128,109.038040,108.892382,108.914960,2481076.000000
2011-08-05,109.447083,109.583857,109.421808,109.541141,4119910.000000
2011-08-08,108.920771,108.957102,108.814538,108.945063,4209492.000000
2011-08-09,112.916457,112.933374,112.885986,112.910871,912454.000000
2011-08-10,112.341941,112.438690,112.176154,112.249618,2189158.000000
2011-08-11,113.602828,113.699948,113.584777,113.609471,3949575.000000
2011-08-12,112.388932,112.449449,112.350700,112.418204,4906147.000000
2011-08-15,113.986730,114.086186,113.877563,114.034675,3220381.000000
2011-08-16,114.978791,115.006969,114.814099,114.952849,3165452.000000
2011-08-17,114.544622,114.575267,114.429625,114.524041,2664876.000000
2011-08-18,113.607792,113.754478,113.568796,113.649276,2035217.000000
2011-08-19,112.000261,112.076147,111.954423,111.974531,4986308.000000
2011-08-22,107.544505,107.545082,107.500907,107.530823,3271998.000000
2011-08-23,107.354358,107.483143,107.325766,107.345404,3326527.000000
2011-08-24,105.778649,105.963037,105.759549,105.835409,3957022.000000
2011-08-25,108.488618,108.694981,108.426554,108.629686,2754577.000000
2011-08-26,107.245436,107.344826,107.183244,107.215361,1063940.000000
2011-08-29,105.142638,105.177033,104.984412,105.085620,527101.000000
2011-08-30,104.789435,104.963256,104.700635,104.709659,4945967.000000
2011-08-31,104.800810,104.919595,104.733890,104.736594,1059192.000000
2011-09-01,105.889838,105.905822,105.845338,105.887610,949015.000000
2011-09-02,106.382118,106.390254,106.308431,106.363427,3800857.000000
2011-09-05,106.398979,106.493707,106.384651,106.463918,1789906.000000
2011-09-06,104.961669,104.993983,104.922383,104.957320,4485401.000000
2011-09-07,104.170164,104.255843,104.165002,104.169736,2861954.000000
2011-09-08,102.937740,103.075791,102.827305,102.937243,3342700.000000
2011-09-09,104.833356,104.997148,104.784890,104.845858,4488646.000000
2011-09-12,102.695342,102.857528,102.640495,102.729203,3675396.000000
2011-09-13,102.823467,102.983166,102.771065,102.826080,4671008.000000
2011-09-14,101.750194,101.868969,101.727625,101.744599,4995073.000000
2011-09-15,102.838392,102.977444,102.646512,102.878465,1610154.000000
2011-09-16,101.494550,101.567514,101.331521,101.470596,4884204.000000
2011-09-19,102.472417,102.522596,102.383946,102.463513,1452889.000000
2011-09-20,100.959478,101.024968,100.959107,101.016525,2878911.000000
2011-09-21,98.563708,98.623968,98.461614,98.604145,987993.000000
2011-09-22,98.919291,98.983129,98.859542,98.919499,2314093.000000
2011-09-23,99.298886,99.394013,99.166486,99.293735,1271034.000000
2011-09-26,102.832638,102.960619,102.685880,102.869895,3225688.000000
2011-09-27,105.934060,105.963717,105.835248,105.920843,1342134.000000
2011-09-28,106.558010,106.641380,106.466609,106.599811,4587067.000000
2011-09-29,106.305674,106.368458,106.234897,106.267342,982153.000000
2011-09-30,103.159286,103.380670,103.109864,103.146788,2398199.000000
2011-10-03,103.981530,104.124372,103.779374,104.073678,1292815.000000
2011-10-04,102.546965,102.571683,102.447396,102.515540,2225351.000000
2011-10-05,102.948391,103.046705,102.930196,102.959998,1397733.000000
2011-10-06,102.479532,102.564499,102.477652,102.489253,2269325.000000
2011-10-07,99.935078,100.037656,99.842938,99.882712,4618255.000000
2011-10-10,98.872346,98.923317,98.806040,98.850539,1954590.000000
2011-10-11,97.316531,97.338407,97.226111,97.269636,3819152.000000
2011-10-12,96.637534,96.718510,96.552446,96.664014,2618218.000000
2011-10-13,95.625253,95.752911,95.515992,95.692913,895257.000000
2011-10-14,94.479608,94.665023,94.385251,94.446819,2838752.000000
2011-10-17,94.532639,94.570747,94.392595,94.514328,2009430.000000
2011-10-18,93.288150,93.373974,93.276124,93.348308,2009262.000000
2011-10-19,91.090901,91.097626,90.917740,91.019186,3093625.000000
2011-10-20,90.245071,90.342713,90.237593,90.298055,3835331.000000
2011-10-21,92.116867,92.181777,92.071497,92.102027,3355623.000000
2011-10-24,91.066739,91.096307,91.032531,91.059430,3633103.000000
2011-10-25,93.554172,93.587198,93.496746,93.546122,3208274.000000
2011-10-26,92.497618,92.546980,92.432151,92.443977,4695695.000000
2011-10-27,92.945846,92.963210,92.905975,92.925214,1874903.000000
2011-10-28,90.783733,90.854673,90.671146,90.764151,3848305.000000
2011-10-31,90.331240,90.331930,90.274048,90.278419,1991313.000000
2011-11-01,90.465876,90.612471,90.318825,90.604566,2472329.000000
2011-11-02,93.409137,93.488329,93.405124,93.460340,2413083.000000
2011-11-03,91.219836,91.362019,91.209790,91.323331,2157260.000000
2011-11-04,93.010900,93.118258,92.989848,93.099561,4267714.000000
2011-11-07,93.109040,93.193205,92.939155,93.013048,4800511.000000
2011-11-08,95.067498,95.166173,95.049188,95.101025,3417312.000000
2011-11-09,92.505309,92.533536,92.399503,92.500043,4115755.000000
2011-11-10,93.371081,93.399626,93.242238,93.368449,3609840.000000
2011-11-11,92.464554,92.644903,92.353354,92.528468,2439443.000000
2011-11-14,92.288468,92.350662,92.164425,92.239085,2288458.000000
2011-11-15,91.256317,91.405336,91.126079,91.256665,1687201.000000
2011-11-16,93.159468,93.205226,93.115040,93.191140,3491662.000000
2011-11-17,94.115510,94.193616,94.113415,94.146173,3824700.000000
2011-11-18,93.061549,93.111658,92.958480,93.083318,4660269.000000
2011-11-21,93.808103,93.819043,93.779209,93.794426,4305738.000000
2011-11-22,94.506777,94.568059,94.448440,94.524592,3341732.000000
2011-11-23,97.705282,97.776983,97.619634,97.661606,3406618.000000
2011-11-24,96.729709,96.748511,96.624820,96.675747,4940973.000000
2011-11-25,96.599549,96.658943,96.540141,96.572882,3972613.000000
2011-11-28,95.204313,95.321697,95.071369,95.290854,709396.000000
2011-11-29,93.551798,93.699834,93.536398,93.598082,4847692.000000
2011-11-30,95.941298,96.203346,95.877632,95.970893,701409.000000
2011-12-01,96.357102,96.433212,96.280389,96.335472,3722390.000000
2011-12-02,92.928819,92.967862,92.913004,92.922456,2431273.000000
2011-12-05,93.618477,93.756952,93.518625,93.636888,3385250.000000
2011-12-06,92.740274,92.802164,92.663246,92.707722,3743879.000000
2011-12-07,93.248028,93.337959,93.190270,93.245365,1444380.000000
2011-12-08,92.907410,92.968761,92.811071,92.861721,1288084.000000
2011-12-09,93.740399,93.748076,93.720212,93.733729,2670779.000000
2011-12-12,94.974173,95.061115,94.951485,95.030946,3029025.000000
2011-12-13,92.312006,92.365858,92.237999,92.279349,4207440.000000
2011-12-14,93.011043,93.061437,92.943666,93.044812,3992945.000000
2011-12-15,91.590367,91.636211,91.502311,91.559080,2450142.000000
2011-12-16,91.206116,91.224114,91.160263,91.193940,4428123.000000
2011-12-19,90.825657,90.930693,90.676436,90.805494,2309074.000000
2011-12-20,87.060676,87.117381,86.947508,87.065180,2699783.000000
2011-12-21,85.246829,85.300251,85.227532,85.263789,2169434.000000
2011-12-22,84.313798,84.338668,84.220064,84.252169,603077.000000
2011-12-23,84.516457,84.591159,84.483217,84.560923,2684762.000000
2011-12-26,81.921669,82.023652,81.863552,81.924697,1863336.000000
2011-12-27,81.263527,81.310927,81.210031,81.284789,4118926.000000
2011-12-28,82.076917,82.163622,82.032367,82.123918,4634732.000000
2011-12-29,83.064709,83.153287,83.032427,83.082741,924585.000000
2011-12-30,82.810550,82.838882,82.765601,82.835132,4381000.000000
2012-01-02,83.095728,83.204028,83.032592,83.137016,2886763.000000
2012-01-03,84.241036,84.339394,84.218046,84.289418,2140904.000000
2012-01-04,86.326616,86.382578,86.218498,86.306580,2770367.000000
2012-01-05,87.170410,87.189908,87.134366,87.146070,1726633.000000
2012-01-06,87.169233,87.229275,87.119503,87.122157,4030888.000000
2012-01-09,87.043814,87.070623,86.962445,86.975220,3418364.000000
2012-01-10,87.983831,88.054849,87.916360,88.007427,3718617.000000
2012-01-11,89.386268,89.529825,89.235496,89.478861,1198530.000000
2012-01-12,89.421201,89.572440,89.383388,89.454700,4461381.000000
2012-01-13,90.894081,90.949913,90.682702,90.816102,3489822.000000
2012-01-16,90.162438,90.214238,90.124369,90.197060,4872333.000000
2012-01-17,91.968450,92.032040,91.947526,91.996798,2487592.000000
2012-01-18,92.019182,92.219822,91.905213,92.068112,2420091.000000
2012-01-19,91.487110,91.689450,91.455677,91.560655,1671787.000000
2012-01-20,90.455617,90.502952,90.384312,90.410423,3773117.000000
2012-01-23,90.616549,90.645006,90.468578,90.592267,4500690.000000
2012-01-24,90.785482,91.020041,90.711527,90.859307,3146928.000000
2012-01-25,90.104630,90.177897,90.078297,90.120714,4846513.000000
2012-01-26,87.754726,87.809505,87.702753,87.742688,2086101.000000
2012-01-27,88.183967,88.202773,88.169658,88.201667,1699337.000000
2012-01-30,88.117955,88.293028,88.089424,88.145866,637067.000000
2012-01-31,88.087929,88.114540,88.015784,88.037056,1396906.000000
2012-02-01,85.375709,85.411660,85.263831,85.327238,4738806.000000
2012-02-02,82.608496,82.659971,82.520702,82.632503,4915826.000000
2012-02-03,85.811313,85.891522,85.777096,85.788647,4595305.000000
2012-02-06,82.188632,82.226174,82.136745,82.191217,605205.000000
2012-02-07,82.391026,82.538655,82.322233,82.346522,4241321.000000
2012-02-08,83.406833,83.491060,83.268401,83.380303,595889.000000
2012-02-09,84.269035,84.363327,84.206055,84.227009,1196860.000000
2012-02-10,83.881735,83.945304,83.801915,83.855695,3700890.000000
2012-02-13,81.204241,81.263876,80.997382,81.155053,2792604.000000
2012-02-14,80.668562,80.816017,80.634962,80.692082,4237927.000000
2012-02-15,81.193067,81.252006,81.074253,81.216348,1159963.000000
2012-02-16,81.427824,81.531333,81.349917,81.363347,3873565.000000
2012-02-17,80.189168,80.203622,80.113041,80.179910,3273417.000000
2012-02-20,81.346140,81.382445,81.304224,81.364814,1483572.000000
2012-02-21,81.439548,81.525555,81.361756,81.425111,1466120.000000
2012-02-22,82.314358,82.333990,82.293401,82.324271,2068686.000000
2012-02-23,82.043201,82.131848,82.037858,82.054173,1614139.000000
2012-02-24,80.538815,80.579991,80.495000,80.554231,1355768.000000
2012-02-27,80.596457,80.608209,80.546598,80.552805,1443416.000000
2012-02-28,81.679401,81.691587,81.645185,81.661530,3082743.000000
2012-02-29,81.132657,81.271571,81.048694,81.073868,3124674.000000
2012-03-01,78.312767,78.392988,78.233019,78.342744,4746825.000000
2012-03-02,81.662022,81.713364,81.533088,81.625918,815626.000000
2012-03-05,81.054957,81.070081,80.941138,80.995504,695779.000000
2012-03-06,81.373825,81.417705,81.316786,81.351827,1779383.000000
2012-03-07,82.086074,82.201322,82.016406,82.164995,3185460.000000
2012-03-08,80.861624,80.898174,80.668006,80.776725,4070024.000000
2012-03-09,79.382378,79.508682,79.346987,79.355077,1182378.000000
2012-03-12,80.524311,80.572947,80.520277,80.548647,4472677.000000
2012-03-13,79.816125,79.882378,79.685173,79.744115,1890932.000000
2012-03-14,79.029516,79.100899,78.948582,78.973584,2461217.000000
2012-03-15,80.539437,80.619272,80.418029,80.571978,3678655.000000
2012-03-16,80.493242,80.583925,80.398688,80.457791,3615996.000000
2012-03-19,79.482614,79.521342,79.339088,79.442815,3509825.000000
2012-03-20,80.196198,80.219839,80.192944,80.197920,2257016.000000
2012-03-21,78.584278,78.630940,78.522525,78.617438,4514783.000000
2012-03-22,79.927168,80.006853,79.882204,79.988620,1341970.000000
2012-03-23,80.316677,80.413293,80.225840,80.231398,3887494.000000
2012-03-26,80.025648,80.106372,79.955673,80.039145,3861531.000000
2012-03-27,80.135446,80.191360,80.095221,80.100017,4979208.000000
2012-03-28,81.147246,81.241823,81.078876,81.195561,950450.000000
2012-03-29,81.160794,81.270529,81.071738,81.178042,3160844.000000
2012-03-30,79.698969,79.726793,79.659540,79.707182,4889957.000000
2012-04-02,81.233542,81.268773,81.144301,81.211060,4817117.000000
2012-04-03,80.813272,80.816726,80.709178,80.731748,4473968.000000
2012-04-04,79.693665,79.795468,79.591216,79.620129,2413615.000000
2012-04-05,80.899577,80.964137,80.899545,80.927938,4046450.000000
2012-04-06,82.079533,82.148202,81.972675,82.083646,4460208.000000
2012-04-09,80.907111,80.992498,80.874300,80.942158,857682.000000
2012-04-10,82.455741,82.532324,82.312761,82.401832,4798681.000000
2012-04-11,84.027613,84.060436,83.979180,84.010167,1895013.000000
2012-04-12,86.041333,86.163986,85.973795,86.092847,4655197.000000
2012-04-13,85.617943,85.645115,85.594870,85.601383,1643111.000000
2012-04-16,87.220044,87.274096,87.160099,87.230128,1228281.000000
2012-04-17,87.346453,87.431647,87.331229,87.374286,2450590.000000
2012-04-18,86.852333,86.901839,86.825671,86.862977,1293704.000000
2012-04-19,86.730674,86.832793,86.711067,86.801742,652061.000000
2012-04-20,87.621750,87.636618,87.504387,87.579229,4660484.000000
2012-04-23,88.214328,88.269900,88.165449,88.204214,3470257.000000
2012-04-24,86.632425,86.773863,86.572419,86.659602,4499156.000000
2012-04-25,87.160281,87.267191,87.127168,87.221525,3945534.000000
2012-04-26,85.347694,85.383927,85.316408,85.363561,797034.000000
2012-04-27,85.160797,85.237369,85.133369,85.174044,3276919.000000
2012-04-30,83.137583,83.233600,83.117728,83.200532,623500.000000
2012-05-01,84.707278,84.817012,84.693877,84.741796,741800.000000
2012-05-02,84.585433,84.586365,84.488530,84.559189,4153648.000000
2012-05-03,82.693471,82.837185,82.658977,82.687829,2725457.000000
2012-05-04,84.201539,84.226477,84.094716,84.172758,3152400.000000
2012-05-07,86.187358,86.236985,86.093601,86.141187,2588369.000000
2012-05-08,88.169360,88.187730,88.102623,88.119289,951628.000000
2012-05-09,90.419012,90.458139,90.299412,90.359178,4675115.000000
2012-05-10,88.831553,88.852059,88.627897,88.814338,984869.000000
2012-05-11,87.856932,87.938489,87.848618,87.865857,3768794.000000
2012-05-14,86.352915,86.382239,86.309753,86.311537,878385.000000
2012-05-15,88.873434,88.922682,88.756209,88.843880,543201.000000
2012-05-16,89.777777,89.937653,89.770101,89.848482,2614735.000000
2012-05-17,88.794883,88.806264,88.730641,88.740716,3310127.000000
2012-05-18,88.572584,88.589068,88.485082,88.555777,4309197.000000
2012-05-21,87.712703,87.752284,87.643584,87.729663,3544714.000000
2012-05-22,87.463499,87.582503,87.430538,87.537785,705145.000000
2012-05-23,86.962053,86.966306,86.898258,86.918505,1570618.000000
2012-05-24,87.161423,87.167081,87.098610,87.118222,3909552.000000
2012-05-25,87.760284,87.907654,87.680847,87.825007,3357324.000000
2012-05-28,90.534012,90.554612,90.513413,90.526795,2406518.000000
2012-05-29,91.902348,92.018301,91.870659,91.965531,4083356.000000
2012-05-30,91.589117,91.710482,91.499209,91.535289,2293820.000000
2012-05-31,91.514385,91.578641,91.384142,91.467781,3043614.000000
2012-06-01,91.263702,91.483576,91.164967,91.349518,4425560.000000
2012-06-04,90.960621,91.007145,90.903081,90.923733,4561683.000000
2012-06-05,91.240095,91.307382,91.233810,91.286185,1367153.000000
2012-06-06,92.585325,92.588977,92.546034,92.564511,609622.000000
2012-06-07,93.876846,93.925379,93.785325,93.882656,1647356.000000
2012-06-08,95.330326,95.362596,95.286336,95.337179,4534212.000000
2012-06-11,98.167328,98.185274,98.135003,98.181255,2829350.000000
2012-06-12,98.686223,98.712956,98.663253,98.664874,2303291.000000
2012-06-13,99.738110,99.801412,99.610451,99.746903,1636349.000000
2012-06-14,100.178630,100.187350,100.106381,100.146373,3362278.000000
2012-06-15,100.520858,100.621704,100.431173,100.501040,3230704.000000
2012-06-18,101.674957,101.684590,101.654757,101.674304,648840.000000
2012-06-19,103.593836,103.657554,103.429246,103.498631,1454140.000000
2012-06-20,103.324013,103.459772,103.270040,103.307137,2278007.000000
2012-06-21,101.910197,102.002662,101.809677,101.887633,2517968.000000
2012-06-22,100.920854,100.997405,100.840280,100.921033,2746084.000000
2012-06-25,101.011393,101.105304,100.969681,101.033455,4921199.000000
2012-06-26,104.480407,104.576839,104.361172,104.422865,1127609.000000
2012-06-27,101.490242,101.592674,101.384970,101.537111,2001970.000000
2012-06-28,102.968339,103.038951,102.883438,102.890378,3634711.000000
2012-06-29,103.480040,103.494603,103.435535,103.490723,4501692.000000
2012-07-02,102.420397,102.550968,102.376742,102.410891,4212075.000000
2012-07-03,99.761392,99.822879,99.648295,99.768647,3652380.000000
2012-07-04,99.181761,99.242165,99.120062,99.240590,3587401.000000
2012-07-05,102.841583,102.862486,102.760590,102.785199,3385608.000000
2012-07-06,105.280405,105.360128,104.938812,105.164210,3502087.000000
2012-07-09,103.870727,103.946236,103.817744,103.910804,3559967.000000
2012-07-10,105.291586,105.411096,105.099858,105.196515,2554410.000000
2012-07-11,105.198600,105.240816,105.139693,105.165343,581195.000000
2012-07-12,102.832523,103.002683,102.728899,102.904772,2538699.000000
2012-07-13,101.268791,101.341232,101.146616,101.178366,4460549.000000
2012-07-16,102.059391,102.116932,102.032218,102.073594,4513459.000000
2012-07-17,102.684807,102.814337,102.580958,102.603303,4851768.000000
2012-07-18,101.641732,101.769500,101.561816,101.714270,1296711.000000
2012-07-19,102.191608,102.270800,102.170358,102.254576,1215823.000000
2012-07-20,102.177182,102.303607,102.135128,102.205148,1694657.000000
2012-07-23,101.449422,101.450194,101.315298,101.378881,1879368.000000
2012-07-24,103.562531,103.617901,103.392488,103.570727,2638934.000000
2012-07-25,104.830792,104.914037,104.809158,104.863877,4458782.000000
2012-07-26,108.522821,108.555346,108.513739,108.545456,4670927.000000
2012-07-27,107.561473,107.585940,107.483583,107.538581,3720926.000000
2012-07-30,109.053701,109.160432,109.029943,109.102169,778876.000000
2012-07-31,112.265944,112.369826,112.257842,112.307873,1677330.000000
2012-08-01,114.545802,114.587838,114.262216,114.392681,3327950.000000
2012-08-02,112.843350,112.974809,112.787331,112.862707,3744689.000000
2012-08-03,111.773671,111.854256,111.715363,111.820379,1602602.000000
2012-08-06,113.249067,113.471614,113.199750,113.279249,2020241.000000
2012-08-07,113.343267,113.499422,113.197022,113.309126,735386.000000
2012-08-08,114.798664,114.842742,114.665915,114.732861,966500.000000
2012-08-09,112.000407,112.063011,111.912312,112.044567,3182049.000000
2012-08-10,114.110784,114.165524,114.077672,114.086203,4610672.000000
2012-08-13,115.737492,115.977256,115.697907,115.766672,4604016.000000
2012-08-14,115.301456,115.486522,115.249257,115.447389,1807923.000000
2012-08-15,118.990721,119.062041,118.878863,119.021236,1050599.000000
2012-08-16,118.028494,118.136600,117.962407,118.075301,814588.000000
2012-08-17,116.496837,116.525626,116.392888,116.427453,3042946.000000
2012-08-20,113.472993,113.560307,113.432972,113.503534,2661741.000000
2012-08-21,112.507081,112.509699,112.444405,112.463774,3153062.000000
2012-08-22,113.662665,113.674446,113.600232,113.605930,580956.000000
2012-08-23,110.760288,110.779239,110.720254,110.731287,1323938.000000
2012-08-24,113.414485,113.540110,113.303618,113.458848,4102793.000000
2012-08-27,113.219494,113.256540,113.079361,113.114613,2248346.000000
2012-08-28,114.945515,115.106261,114.844893,114.917457,4351567.000000
2012-08-29,115.576634,115.591072,115.560275,115.565518,3775405.000000
2012-08-30,117.823471,118.006295,117.738220,117.758038,2561265.000000
2012-08-31,120.430252,120.636514,120.420362,120.522516,3289773.000000
2012-09-03,121.432773,121.597126,121.342837,121.369148,4226302.000000
2012-09-04,118.847054,119.035814,118.754451,119.032428,3972456.000000
2012-09-05,119.403126,119.489042,119.243233,119.311231,3777595.000000
2012-09-06,118.695612,118.732635,118.650807,118.664546,4211846.000000
2012-09-07,118.043564,118.233245,117.912130,118.038062,4252493.000000
2012-09-10,116.175559,116.264920,116.084237,116.252351,979909.000000
2012-09-11,115.580881,115.740663,115.500297,115.699772,3137501.000000
2012-09-12,116.949984,117.188116,116.937718,116.985851,3631741.000000
2012-09-13,119.076897,119.154523,118.966195,119.024986,1538083.000000
2012-09-14,118.522507,118.538321,118.448739,118.533882,2593283.000000
2012-09-17,119.142376,119.184416,119.118269,119.119831,1472413.000000
2012-09-18,121.036821,121.143034,120.989652,121.122437,3069384.000000
2012-09-19,119.946959,119.996104,119.864122,119.937058,554735.000000
2012-09-20,121.537271,121.651046,121.477742,121.596249,715810.000000
2012-09-21,120.261556,120.379591,120.106202,120.368402,3244181.000000
2012-09-24,119.057242,119.168229,118.935670,118.992936,2681318.000000
2012-09-25,119.316441,119.368120,119.269385,119.330415,2030983.000000
2012-09-26,124.426043,124.476811,124.322300,124.336857,1219163.000000
2012-09-27,121.645421,121.734999,121.598812,121.664331,1096817.000000
2012-09-28,120.281556,120.330464,120.210066,120.279929,4737887.000000
2012-10-01,122.840922,123.123964,122.615297,122.990771,4908806.000000
2012-10-02,119.539624,119.672978,119.355164,119.516912,2879590.000000
2012-10-03,114.971571,115.083857,114.970926,115.067193,896931.000000
2012-10-04,113.081313,113.157152,112.999277,113.079403,2083015.000000
2012-10-05,112.246648,112.389361,112.100437,112.221506,4198638.000000
2012-10-08,112.095073,112.198001,112.041364,112.140825,546315.000000
2012-10-09,111.074575,111.155261,111.021255,111.110418,3295702.000000
2012-10-10,110.790285,110.817568,110.754326,110.770764,1910272.000000
2012-10-11,110.033699,110.109299,109.980863,110.095209,2922379.000000
2012-10-12,108.539160,108.711330,108.420412,108.647957,4328899.000000
2012-10-15,108.074423,108.114570,107.897154,108.004268,2375500.000000
2012-10-16,109.636391,109.639045,109.497960,109.618255,949793.000000
2012-10-17,108.799827,108.833704,108.643611,108.742583,4050849.000000
2012-10-18,107.357522,107.393870,107.329302,107.366584,3675748.000000
2012-10-19,109.462086,109.511652,109.357635,109.446987,1936126.000000
2012-10-22,106.928938,107.065727,106.711493,106.964198,3522018.000000
2012-10-23,106.585593,106.593676,106.505051,106.529941,4647271.000000
2012-10-24,106.603139,106.614671,106.412884,106.565782,4639474.000000
2012-10-25,108.603528,108.635150,108.540170,108.617583,1840407.000000
2012-10-26,108.762834,108.844781,108.641962,108.752643,3437488.000000
2012-10-29,109.182373,109.297620,109.060812,109.217565,4217407.000000
2012-10-30,112.285674,112.306687,112.260661,112.296138,2393971.000000
2012-10-31,110.388893,110.413267,110.264394,110.308786,1473434.000000
2012-11-01,108.102841,108.242939,107.997034,108.043798,3901058.000000
2012-11-02,109.596985,109.747260,109.493381,109.731831,4786307.000000
2012-11-05,110.994590,111.030895,110.888839,110.948917,4305574.000000
2012-11-06,111.457870,111.574100,111.446169,111.473519,3043340.000000
2012-11-07,111.837302,111.986653,111.733621,111.787762,942533.000000
2012-11-08,113.803114,113.805123,113.645968,113.752201,1885107.000000
2012-11-09,109.979007,110.169930,109.941421,110.050933,1742082.000000
2012-11-12,109.789028,109.836179,109.665009,109.835589,2162026.000000
2012-11-13,111.879140,111.913191,111.644476,111.874625,1691397.000000
2012-11-14,111.649335,111.843701,111.588389,111.753307,4753371.000000
2012-11-15,112.001250,112.132895,111.912715,112.013693,4969622.000000
2012-11-16,112.726106,112.820431,112.548000,112.762618,4554276.000000
2012-11-19,108.671171,108.685478,108.508017,108.613100,622511.000000
2012-11-20,106.845490,106.906015,106.797725,106.829257,1975652.000000
2012-11-21,104.920937,104.924579,104.851645,104.884395,1607599.000000
2012-11-22,104.758688,104.817500,104.694891,104.731299,1546201.000000
2012-11-23,104.850654,105.047371,104.794691,104.940491,1159645.000000
2012-11-26,103.141120,103.295991,103.089548,103.179673,4180292.000000
2012-11-27,104.323623,104.440003,104.090657,104.390789,1316478.000000
2012-11-28,106.750195,106.820875,106.705319,106.757719,1484198.000000
2012-11-29,107.635962,107.807854,107.502973,107.523162,4535942.000000
2012-11-30,106.368591,106.417623,106.193126,106.341272,896431.000000
2012-12-03,102.276532,102.421798,102.206806,102.371594,1666233.000000
2012-12-04,105.699941,105.779164,105.516181,105.654029,1982809.000000
2012-12-05,105.316728,105.338700,105.313803,105.324565,2415661.000000
2012-12-06,108.028209,108.070416,107.854537,107.922238,4236605.000000
2012-12-07,108.218843,108.267004,108.190730,108.239586,3984997.000000
2012-12-10,107.255457,107.285819,107.203301,107.266661,1496426.000000
2012-12-11,106.228030,106.292128,106.171097,106.203025,1448716.000000
2012-12-12,104.486558,104.497190,104.372439,104.427346,2013530.000000
2012-12-13,103.147774,103.227776,102.950709,103.199299,1090137.000000
2012-12-14,102.344500,102.464628,102.132536,102.318561,742273.000000
2012-12-17,102.292139,102.426337,102.217768,102.327300,857416.000000
2012-12-18,104.494724,104.641234,104.412837,104.450307,3192917.000000
2012-12-19,103.443323,103.581867,103.313860,103.476189,634731.000000
2012-12-20,102.441252,102.622666,102.383472,102.476981,3603721.000000
2012-12-21,102.713655,102.721572,102.664653,102.712364,2738602.000000
2012-12-24,99.772312,99.929246,99.678041,99.848945,4016076.000000
2012-12-25,102.271374,102.312171,102.215838,102.218428,2715180.000000
2012-12-26,105.100356,105.184255,104.939531,105.076878,4487963.000000
2012-12-27,105.533105,105.660533,105.511561,105.548577,987631.000000
2012-12-28,104.801036,104.870936,104.594774,104.738376,4087656.000000
2012-12-31,106.021124,106.182769,105.955333,106.008071,2246979.000000
2013-01-01,105.146997,105.148847,105.069325,105.110274,2044403.000000
2013-01-02,106.385239,106.600838,106.277768,106.506463,4117493.000000
2013-01-03,108.860902,108.962163,108.791724,108.881459,1910549.000000
2013-01-04,109.600263,109.654090,109.510747,109.570396,2899570.000000
2013-01-07,109.605657,109.642535,109.354594,109.557535,3084333.000000
2013-01-08,112.057670,112.069410,112.023631,112.047983,756407.000000
2013-01-09,111.264302,111.279167,111.035822,111.209019,2574004.000000
2013-01-10,112.780230,112.871353,112.742287,112.825219,4402493.000000
2013-01-11,110.782824,110.814113,110.539562,110.787138,4342339.000000
2013-01-14,110.035805,110.075186,110.003512,110.067753,3362582.000000
2013-01-15,109.757740,109.850875,109.566064,109.804121,2596607.000000
2013-01-16,109.826717,109.872341,109.676935,109.740245,2835290.000000
2013-01-17,111.418209,111.473419,111.409016,111.411218,2862382.000000
2013-01-18,114.326686,114.354785,114.259953,114.330746,1241890.000000
2013-01-21,114.313704,114.352998,114.210936,114.303797,4066649.000000
2013-01-22,114.232467,114.290110,114.112558,114.200590,1018899.000000
2013-01-23,114.803281,114.861794,114.732246,114.827516,2322720.000000
2013-01-24,117.204653,117.216451,117.115379,117.192961,972513.000000
2013-01-25,115.131607,115.230613,115.041621,115.163510,4906730.000000
2013-01-28,114.639921,114.758383,114.556910,114.617949,2901741.000000
2013-01-29,116.668631,116.737521,116.472136,116.725968,1817460.000000
2013-01-30,119.126139,119.181543,118.963957,119.054540,804187.000000
2013-01-31,121.214634,121.330195,121.164649,121.212703,3928542.000000
2013-02-01,121.129601,121.134280,121.027760,121.081668,2711887.000000
2013-02-04,124.961284,125.087718,124.845316,125.013703,4020217.000000
2013-02-05,123.724390,123.784660,123.601971,123.683369,4909579.000000
2013-02-06,124.748284,124.816764,124.735065,124.753294,1029518.000000
2013-02-07,124.835005,124.971272,124.772655,124.793631,4247452.000000
2013-02-08,125.710726,125.864442,125.579750,125.837064,3449674.000000
2013-02-11,123.930261,124.124488,123.903607,123.949377,3388708.000000
2013-02-12,122.327249,122.405496,122.237019,122.376163,4118421.000000
2013-02-13,124.448382,124.540240,124.354697,124.478840,4357517.000000
2013-02-14,125.253280,125.256828,125.095171,125.219426,3549105.000000
2013-02-15,123.373345,123.553089,123.215918,123.330301,4898700.000000
2013-02-18,125.795355,126.002313,125.736260,125.786152,4441090.000000
2013-02-19,125.565218,125.631039,125.323282,125.460371,3129348.000000
2013-02-20,125.715516,125.794501,125.706137,125.711439,968955.000000
2013-02-21,123.866159,124.164559,123.832660,123.953697,4264010.000000
2013-02-22,125.660111,125.772474,125.468084,125.608506,4883538.000000
2013-02-25,126.668325,126.884615,126.527477,126.746772,1681141.000000
2013-02-26,126.540082,126.687797,126.428783,126.650179,1992670.000000
2013-02-27,126.872430,126.888906,126.757365,126.829977,1032808.000000
2013-02-28,125.207263,125.245038,125.164277,125.215640,4625982.000000
2013-03-01,124.539246,124.687688,124.416352,124.672481,4301958.000000
2013-03-04,123.987503,124.007971,123.788264,123.921340,3072763.000000
2013-03-05,125.360767,125.431082,125.326999,125.406010,2572322.000000
2013-03-06,126.182679,126.336051,126.181568,126.256264,2535853.000000
2013-03-07,125.327322,125.439466,125.239061,125.389410,645432.000000
2013-03-08,127.545403,127.565321,127.455102,127.491026,1797311.000000
2013-03-11,128.219950,128.332596,128.160026,128.207414,1393642.000000
2013-03-12,126.923310,127.014815,126.867386,126.912629,2136447.000000
2013-03-13,125.095426,125.244728,125.064682,125.176341,4314557.000000
2013-03-14,126.400201,126.417202,126.287490,126.330831,751404.000000
2013-03-15,126.210682,126.252480,126.101443,126.151795,2570969.000000
2013-03-18,123.247972,123.325891,123.244331,123.282291,1969845.000000
2013-03-19,123.266077,123.395088,123.148124,123.391401,916339.000000
2013-03-20,125.185619,125.214718,125.009221,125.120178,4460579.000000
2013-03-21,124.791759,124.964452,124.685482,124.745375,1967180.000000
2013-03-22,124.765778,124.812566,124.614477,124.707892,1504502.000000
2013-03-25,121.372488,121.609681,121.359327,121.460603,2168788.000000
2013-03-26,123.591638,123.742741,123.508703,123.557167,896602.000000
2013-03-27,122.658659,122.752691,122.462105,122.647331,2902707.000000
2013-03-28,120.237333,120.322520,120.171697,120.291126,2724188.000000
2013-03-29,123.413850,123.460373,123.310792,123.456919,4160479.000000
2013-04-01,124.247409,124.557010,124.121918,124.344015,1154136.000000
2013-04-02,124.522847,124.569312,124.439465,124.494459,919540.000000
2013-04-03,124.450051,124.517246,124.396529,124.407601,657860.000000
2013-04-04,126.004664,126.056246,125.896637,125.923209,4141697.000000
2013-04-05,125.267968,125.286835,125.227217,125.229929,3444743.000000
2013-04-08,124.857443,124.898760,124.712790,124.753899,4347999.000000
2013-04-09,124.110116,124.295025,124.073706,124.177541,4096316.000000
2013-04-10,127.933847,128.007806,127.734481,127.894469,2087298.000000
2013-04-11,128.226495,128.246695,128.098432,128.237243,1165994.000000
2013-04-12,127.260192,127.336250,127.168355,127.266388,2542261.000000
2013-04-15,127.715401,127.785621,127.668696,127.736492,3107980.000000
2013-04-16,126.334157,126.471860,126.155728,126.327732,1362973.000000
2013-04-17,124.936676,124.998663,124.881982,124.935536,3535457.000000
2013-04-18,123.563860,123.727298,123.506548,123.514387,637469.000000
2013-04-19,124.475127,124.683093,124.423526,124.501856,4707351.000000
2013-04-22,125.122619,125.218046,125.071497,125.072832,2469040.000000
2013-04-23,122.713247,122.878157,122.682143,122.704197,4616021.000000
2013-04-24,123.578570,123.707809,123.536195,123.567041,3513896.000000
2013-04-25,122.466480,122.533560,122.354137,122.505612,4162948.000000
2013-04-26,121.775030,121.817684,121.723062,121.757314,1951232.000000
2013-04-29,122.820559,122.918592,122.807218,122.848079,2538279.000000
2013-04-30,125.143366,125.260909,125.112599,125.153801,3326713.000000
2013-05-01,124.865224,124.878949,124.827611,124.862506,3643988.000000
2013-05-02,126.210409,126.278252,126.092010,126.137411,4216236.000000
2013-05-03,125.231790,125.340359,125.176131,125.333307,2737113.000000
2013-05-06,123.973411,123.975389,123.834705,123.970618,4994332.000000
2013-05-07,124.513308,124.681115,124.406551,124.509398,741805.000000
2013-05-08,126.510884,126.538645,126.358478,126.431845,3467025.000000
2013-05-09,126.373342,126.405783,126.254711,126.366328,1651989.000000
2013-05-10,130.234304,130.336382,130.050324,130.206079,705376.000000
2013-05-13,129.261802,129.357992,129.165800,129.320463,4769136.000000
2013-05-14,127.852932,127.873477,127.851825,127.858671,3955561.000000
2013-05-15,129.207805,129.231359,129.151925,129.181025,4802058.000000
2013-05-16,127.767879,127.799460,127.730288,127.787329,3467776.000000
2013-05-17,127.083049,127.182284,127.068305,127.087228,1520465.000000
2013-05-20,131.188612,131.352257,131.034525,131.201154,2977723.000000
2013-05-21,131.232589,131.331866,131.194971,131.275654,965470.000000
2013-05-22,129.249914,129.303471,129.105632,129.156393,2019853.000000
2013-05-23,128.261010,128.396592,128.152620,128.220126,2967005.000000
2013-05-24,127.633411,127.677833,127.573690,127.655343,4907467.000000
2013-05-27,126.076757,126.173637,125.821288,126.010208,3922962.000000
2013-05-28,129.064441,129.172367,129.051908,129.080407,4645352.000000
2013-05-29,130.255444,130.342315,130.167282,130.168531,2520437.000000
2013-05-30,130.853376,130.985993,130.538070,130.715489,2424853.000000
2013-05-31,129.387597,129.542601,129.306666,129.503181,2450016.000000
2013-06-03,130.857565,130.987429,130.767054,130.964506,3447681.000000
2013-06-04,129.998784,130.030462,129.915380,129.980236,709211.000000
2013-06-05,134.296308,134.526443,134.252717,134.341132,3580411.000000
2013-06-06,134.441126,134.703248,134.240943,134.480165,1950130.000000
2013-06-07,133.528882,133.619528,133.336212,133.498575,1993992.000000
2013-06-10,130.977034,131.139869,130.853733,131.037051,1406123.000000
2013-06-11,129.975925,130.046765,129.937212,129.944039,4615009.000000
2013-06-12,130.412158,130.468160,130.324514,130.398500,3797756.000000
2013-06-13,130.201819,130.391395,130.185393,130.294328,3040627.000000
2013-06-14,127.748982,128.021901,127.696670,127.839886,1202018.000000
2013-06-17,127.226857,127.336330,127.224856,127.251837,4545447.000000
2013-06-18,125.414658,125.471438,125.307267,125.375539,796354.000000
2013-06-19,126.895119,127.195825,126.884431,126.971678,3750523.000000
2013-06-20,127.741962,127.791829,127.655112,127.763529,2108648.000000
2013-06-21,128.073371,128.265610,127.963440,127.986375,3216434.000000
2013-06-24,129.275453,129.362348,129.183113,129.205963,3091586.000000
2013-06-25,126.902059,126.926701,126.833531,126.863317,1354383.000000
2013-06-26,129.769473,130.000747,129.665824,129.719054,1367171.000000
2013-06-27,128.888607,128.982624,128.847191,128.968653,2760878.000000
2013-06-28,131.638393,131.648342,131.412045,131.585377,1457036.000000
2013-07-01,132.440277,132.521034,132.426726,132.491571,1189984.000000
2013-07-02,132.021264,132.075325,131.974629,131.987246,3547715.000000
2013-07-03,129.670094,129.793400,129.518391,129.625686,3591607.000000
2013-07-04,130.297336,130.363650,130.122343,130.295083,3161358.000000
2013-07-05,130.662579,130.667484,130.475552,130.578773,2871919.000000
2013-07-08,132.339217,132.488281,132.218926,132.415302,3876710.000000
2013-07-09,131.667246,131.758698,131.570949,131.664585,4604287.000000
2013-07-10,130.948209,131.144929,130.766202,130.901601,664058.000000
2013-07-11,129.883309,129.955932,129.787895,129.879464,2440193.000000
2013-07-12,128.961757,129.086132,128.931702,129.062174,4341192.000000
2013-07-15,127.608307,127.794468,127.544153,127.662970,3686985.000000
2013-07-16,129.323583,129.485185,129.204510,129.292789,3885155.000000
2013-07-17,128.542663,128.557019,128.429817,128.544466,2669353.000000
2013-07-18,129.480574,129.525823,129.446174,129.452316,1989537.000000
2013-07-19,129.426948,129.552696,129.299316,129.458684,1469094.000000
2013-07-22,128.523102,128.567592,128.476571,128.528662,780063.000000
2013-07-23,130.574619,130.720667,130.474137,130.495205,4392396.000000
2013-07-24,131.317999,131.354999,131.260728,131.303339,3937558.000000
2013-07-25,129.374272,129.524336,129.165884,129.379800,2543587.000000
2013-07-26,130.017190,130.153332,129.914165,130.036992,2740248.000000
2013-07-29,128.314201,128.387426,128.233124,128.331820,4312824.000000
2013-07-30,127.922631,127.925376,127.777934,127.871529,553734.000000
2013-07-31,132.030213,132.133090,131.962287,132.081661,559192.000000
2013-08-01,129.808676,129.860248,129.619959,129.703131,3888304.000000
2013-08-02,134.197122,134.302239,134.182528,134.238002,3352011.000000
2013-08-05,133.538149,133.587396,133.402472,133.561668,1020818.000000
2013-08-06,133.217396,133.424249,133.122107,133.273746,3776893.000000
2013-08-07,130.723724,130.766376,130.550923,130.715990,3187587.000000
2013-08-08,129.314237,129.545348,129.207439,129.359159,1585955.000000
2013-08-09,133.963992,134.047009,133.825412,133.940917,725403.000000
2013-08-12,132.586328,132.675558,132.564189,132.586172,2658646.000000
2013-08-13,128.892885,128.968448,128.782062,128.942814,3125879.000000
2013-08-14,131.777628,131.868509,131.726324,131.789998,4624096.000000
2013-08-15,130.187608,130.334620,130.158084,130.283252,3191408.000000
2013-08-16,125.975194,126.089513,125.846119,126.039115,4817100.000000
2013-08-19,126.676609,126.782028,126.519264,126.618254,2171176.000000
2013-08-20,126.207839,126.248713,126.132243,126.137832,4693916.000000
2013-08-21,130.180188,130.258729,129.855663,130.036868,1403248.000000
2013-08-22,127.170266,127.246913,127.076314,127.196324,820351.000000
2013-08-23,128.011557,128.096268,127.957203,128.043637,2871605.000000
2013-08-26,124.957199,125.166447,124.899553,124.985182,797192.000000
2013-08-27,127.116255,127.191785,126.975106,127.134997,2029378.000000
2013-08-28,128.804389,129.033738,128.642308,128.718130,1360372.000000
2013-08-29,131.956077,131.962259,131.887416,131.944679,3983525.000000
2013-08-30,134.241254,134.345747,134.188629,134.222722,4980715.000000
2013-09-02,135.571442,135.797398,135.552928,135.622841,2454742.000000
2013-09-03,136.664225,136.925118,136.564173,136.858368,4228802.000000
2013-09-04,136.879081,136.904664,136.743438,136.859881,4806060.000000
2013-09-05,135.249033,135.509636,135.201776,135.422716,526943.000000
2013-09-06,137.324622,137.391100,137.214259,137.287529,538859.000000
2013-09-09,137.068225,137.112159,136.970936,136.997926,3777972.000000
2013-09-10,137.113504,137.276568,136.891793,137.089646,4664433.000000
2013-09-11,132.254903,132.348007,132.083887,132.347198,3833243.000000
2013-09-12,134.149812,134.168935,134.055455,134.152250,4338219.000000
2013-09-13,135.504274,135.629422,135.348931,135.575033,3973685.000000
2013-09-16,138.789544,138.897339,138.716221,138.772716,2426288.000000
2013-09-17,139.399843,139.403338,139.167680,139.308330,805835.000000
2013-09-18,135.022688,135.039770,134.938247,134.991831,3356428.000000
2013-09-19,135.607877,135.677578,135.437968,135.556639,3560398.000000
2013-09-20,134.939280,135.098380,134.776479,134.857408,2559029.000000
2013-09-23,134.329288,134.353644,134.245782,134.249986,1576121.000000
2013-09-24,134.932841,135.105166,134.861372,134.924023,4906365.000000
2013-09-25,131.107848,131.121582,130.868097,131.120568,2118160.000000
2013-09-26,132.911268,132.949698,132.712221,132.832808,4621942.000000
2013-09-27,130.061968,130.183863,129.890277,129.967820,2675741.000000
2013-09-30,130.857871,130.972012,130.703341,130.969250,4715468.000000
2013-10-01,128.531683,128.599311,128.450521,128.576372,1618415.000000
2013-10-02,127.882779,127.994930,127.815074,127.987872,2809437.000000
2013-10-03,128.196833,128.282490,128.050720,128.202725,1896067.000000
2013-10-04,129.259038,129.304458,129.171844,129.241721,3156421.000000
2013-10-07,129.254880,129.322692,129.222914,129.272643,895582.000000
2013-10-08,125.857418,126.058326,125.689463,125.997759,3278386.000000
2013-10-09,125.313878,125.512322,125.240746,125.312003,3088590.000000
2013-10-10,126.649261,126.776710,126.550296,126.567098,1973660.000000
2013-10-11,125.907429,125.947455,125.808126,125.855164,4408404.000000
2013-10-14,128.858564,129.048401,128.854944,128.867541,1168605.000000
2013-10-15,132.280933,132.430929,132.204673,132.405860,1984700.000000
2013-10-16,132.564459,132.610155,132.424133,132.427206,2549146.000000
2013-10-17,134.228932,134.235017,134.145953,134.228542,2057035.000000
2013-10-18,133.283398,133.405377,133.227978,133.335201,867496.000000
2013-10-21,130.780863,130.910457,130.676758,130.869861,4871726.000000
2013-10-22,129.806203,129.945154,129.713820,129.743649,4853500.000000
2013-10-23,131.322255,131.442834,131.246406,131.275591,2458884.000000
2013-10-24,129.982246,130.075816,129.947999,130.038594,959635.000000
2013-10-25,132.158663,132.221220,131.918737,132.173076,4920282.000000
2013-10-28,133.029806,133.169657,132.866344,132.974067,4627745.000000
2013-10-29,131.901631,131.913450,131.770264,131.780583,612852.000000
2013-10-30,134.579322,134.915786,134.376079,134.717209,1384059.000000
2013-10-31,132.722320,132.882907,132.640202,132.701290,2780418.000000
2013-11-01,131.805233,131.816794,131.603043,131.700365,1782714.000000
2013-11-04,129.981402,130.027451,129.933936,129.954574,2191689.000000
2013-11-05,131.346294,131.470429,131.313587,131.347713,3192616.000000
2013-11-06,131.707049,131.773171,131.498514,131.691561,3153512.000000
2013-11-07,129.524504,129.607091,129.435255,129.574422,1256228.000000
2013-11-08,129.756003,129.871540,129.664210,129.764310,1297458.000000
2013-11-11,134.461528,134.504412,134.365963,134.382570,1525580.000000
2013-11-12,132.930422,133.157160,132.928347,132.984640,3593496.000000
2013-11-13,132.739024,132.950119,132.719990,132.733277,3309981.000000
2013-11-14,131.211320,131.314384,131.149946,131.150292,574818.000000
2013-11-15,129.029577,129.101115,128.840654,128.861218,2803000.000000
2013-11-18,129.477733,129.518189,129.353417,129.420144,3087660.000000
2013-11-19,129.704614,129.914631,129.694766,129.793464,2564477.000000
2013-11-20,129.051198,129.066507,128.956901,129.010105,4460242.000000
2013-11-21,128.530612,128.762134,128.463129,128.660725,1944202.000000
2013-11-22,128.951366,128.960230,128.924021,128.930972,4426603.000000
2013-11-25,128.881175,128.895915,128.661465,128.852567,2899730.000000
2013-11-26,128.590104,128.733046,128.505520,128.588149,3564736.000000
2013-11-27,126.134982,126.315282,125.969964,126.027592,951747.000000
2013-11-28,124.288818,124.440728,124.136742,124.267862,1527637.000000
2013-11-29,123.922662,124.024671,123.906307,123.956971,3971802.000000
2013-12-02,122.803419,122.843251,122.783854,122.801449,1850514.000000
2013-12-03,124.534579,124.581893,124.307006,124.461460,1886363.000000
2013-12-04,128.283156,128.301009,128.184574,128.232809,3123554.000000
2013-12-05,127.803873,127.940436,127.727012,127.780684,621964.000000
2013-12-06,125.467747,125.522785,125.308450,125.418390,2882110.000000
2013-12-09,120.912202,121.014165,120.834313,120.893980,3709815.000000
2013-12-10,122.750461,122.899820,122.576062,122.712686,2259687.000000
2013-12-11,124.188639,124.254639,124.136430,124.169175,1222772.000000
2013-12-12,122.342336,122.418555,122.333318,122.348702,1616686.000000
2013-12-13,123.817026,123.850468,123.732500,123.767087,830206.000000
2013-12-16,121.961922,122.282101,121.940906,122.093282,2467918.000000
2013-12-17,126.193579,126.298514,126.169784,126.249749,4488438.000000
2013-12-18,129.080788,129.098239,128.921689,129.065115,2822744.000000
2013-12-19,128.359376,128.489913,128.222583,128.412283,1094189.000000
2013-12-20,131.094232,131.206361,130.985283,131.042229,2380418.000000
2013-12-23,130.796461,130.892814,130.669061,130.830635,1507590.000000
2013-12-24,130.446717,130.483677,130.378868,130.405210,1793021.000000
2013-12-25,127.650681,127.842510,127.577849,127.692908,4833125.000000
2013-12-26,127.323942,127.403661,127.290780,127.326074,3456130.000000
2013-12-27,125.821809,126.001580,125.666317,125.775854,2720407.000000
2013-12-30,125.961734,126.134747,125.887313,125.887625,2281101.000000
2013-12-31,124.798248,124.808137,124.696493,124.740996,4498090.000000
2014-01-01,124.827510,124.995647,124.706169,124.878536,1453659.000000
2014-01-02,125.004782,125.168932,124.924983,125.045057,542433.000000
2014-01-03,128.531851,128.694556,128.482640,128.568105,4186591.000000
2014-01-06,128.511785,128.775582,128.446062,128.704371,4725342.000000
2014-01-07,129.248761,129.329044,129.141214,129.311508,959282.000000
2014-01-08,129.923810,130.062562,129.864115,129.913428,2038043.000000
2014-01-09,129.704678,129.757613,129.680861,129.752170,4347446.000000
2014-01-10,128.964016,129.083462,128.897396,128.901662,568583.000000
2014-01-13,129.934043,130.055110,129.804131,129.957110,2294598.000000
2014-01-14,134.535949,134.599376,134.368888,134.498001,2655396.000000
2014-01-15,136.057698,136.097298,135.943345,136.074244,1117011.000000
2014-01-16,137.439181,137.522429,137.250556,137.501786,4726731.000000
2014-01-17,135.328431,135.515579,135.191927,135.448367,3509419.000000
2014-01-20,134.089420,134.127077,133.954249,134.071298,1647119.000000
2014-01-21,135.746584,135.804558,135.559361,135.802539,1098312.000000
2014-01-22,133.121164,133.315011,132.908918,133.026004,3937508.000000
2014-01-23,133.528458,133.636886,133.379132,133.540777,1680754.000000
2014-01-24,135.459677,135.489949,135.392000,135.444352,4725303.000000
2014-01-27,132.606877,132.665386,132.539821,132.547560,2066350.000000
2014-01-28,128.848109,129.034801,128.640853,128.712488,3856037.000000
2014-01-29,130.157283,130.159145,130.107901,130.121882,1992877.000000
2014-01-30,130.612857,130.743784,130.523104,130.639746,3053648.000000
2014-01-31,134.990662,135.110127,134.990623,135.029199,1853650.000000
2014-02-03,134.033408,134.217777,133.982041,134.115986,4647222.000000
2014-02-04,141.208888,141.245216,141.125085,141.219798,938074.000000
2014-02-05,142.254738,142.331760,142.143184,142.212621,2344276.000000
2014-02-06,143.110072,143.174437,143.038533,143.108736,1048234.000000
2014-02-07,140.282002,140.428893,140.183777,140.208188,3487502.000000
2014-02-10,140.680171,140.829408,140.609113,140.779680,3250402.000000
2014-02-11,144.139192,144.322395,143.916978,144.130457,4655972.000000
2014-02-12,147.622942,147.624617,147.469685,147.518990,3340787.000000
2014-02-13,147.167414,147.348958,147.088550,147.182969,2174090.000000
2014-02-14,145.479397,145.603804,145.375561,145.396171,1433624.000000
2014-02-17,142.337035,142.369988,142.186193,142.314428,3415180.000000
2014-02-18,139.734230,140.069269,139.716889,139.797406,3193290.000000
2014-02-19,138.480113,138.541315,138.402183,138.520759,1420811.000000
2014-02-20,137.887355,138.063528,137.846766,137.960942,4783764.000000
2014-02-21,136.823445,136.842390,136.708535,136.779338,3895122.000000
2014-02-24,135.640952,135.714961,135.605852,135.706362,4470417.000000
2014-02-25,137.713314,137.805656,137.546527,137.759996,716877.000000
2014-02-26,133.833597,133.854384,133.753454,133.796411,3585359.000000
2014-02-27,133.994669,134.103798,133.989072,134.052430,912935.000000
2014-02-28,137.747962,137.928715,137.741216,137.783896,3393906.000000
2014-03-03,138.857017,138.955875,138.803826,138.884195,2492715.000000
2014-03-04,141.814203,141.855032,141.647745,141.769841,2895579.000000
2014-03-05,145.677770,145.783886,145.655240,145.701964,1845891.000000
2014-03-06,148.960749,148.969240,148.901802,148.938429,3942672.000000
2014-03-07,148.998307,149.221207,148.939373,148.985982,2037707.000000
2014-03-10,148.659409,148.699900,148.328886,148.512858,3409449.000000
2014-03-11,146.348639,146.395753,146.212641,146.342844,3749542.000000
2014-03-12,147.454055,147.624937,147.286108,147.593015,3101605.000000
2014-03-13,150.154643,150.233856,150.044245,150.176809,2415919.000000
2014-03-14,145.888794,145.947830,145.801394,145.822321,1722138.000000
2014-03-17,145.129584,145.381303,145.081807,145.117694,3603240.000000
2014-03-18,146.231904,146.473055,146.127379,146.275245,4202506.000000
2014-03-19,148.481543,148.569691,148.236892,148.439435,3339586.000000
2014-03-20,144.207305,144.520217,144.169372,144.291102,1028119.000000
2014-03-21,140.304620,140.304998,140.259000,140.302776,1938652.000000
2014-03-24,139.993100,140.258660,139.910499,140.030463,1134365.000000
2014-03-25,141.927392,142.199974,141.828523,141.995605,3611312.000000
2014-03-26,141.386710,141.466006,141.179420,141.270664,1129217.000000
2014-03-27,139.763149,139.819909,139.763060,139.795316,1496985.000000
2014-03-28,139.336603,139.514773,139.188518,139.265589,1186497.000000
2014-03-31,138.496754,138.646198,138.383354,138.483421,1444460.000000
2014-04-01,138.291949,138.414262,138.089790,138.232920,3384556.000000
2014-04-02,137.386332,137.635451,137.168643,137.338346,2524535.000000
2014-04-03,134.196071,134.231657,134.112455,134.131560,1875169.000000
2014-04-04,130.381783,130.582075,130.378867,130.439852,2708288.000000
2014-04-07,129.922546,129.934952,129.830782,129.906946,927201.000000
2014-04-08,132.126916,132.399365,132.017166,132.277068,1308970.000000
2014-04-09,133.821862,133.823916,133.665493,133.783966,1857947.000000
2014-04-10,136.096988,136.102463,135.989839,136.025682,3953594.000000
2014-04-11,139.977336,140.184846,139.940047,140.012366,3047285.000000
2014-04-14,140.002759,140.109477,139.977570,140.022735,3030041.000000
2014-04-15,144.934217,145.093054,144.774612,144.893141,2491406.000000
2014-04-16,146.958611,147.124937,146.893755,147.108478,4939882.000000
2014-04-17,148.088163,148.190070,147.973405,148.026484,516362.000000
2014-04-18,150.124821,150.187820,149.960360,150.150766,4333647.000000
2014-04-21,149.159080,149.187222,149.117582,149.183064,3111545.000000
2014-04-22,149.456900,149.512485,149.367546,149.384954,2496431.000000
2014-04-23,150.712264,150.792290,150.650341,150.753249,3862270.000000
2014-04-24,153.983815,154.329761,153.797469,154.051505,737214.000000
2014-04-25,150.988263,151.139584,150.891397,150.920725,4640290.000000
2014-04-28,151.621423,151.729060,151.376127,151.563179,735770.000000
2014-04-29,150.668678,150.761666,150.625309,150.654390,3589706.000000
2014-04-30,151.383245,151.570666,151.314221,151.443603,1807486.000000
2014-05-01,146.643736,146.775682,146.620264,146.766189,4173377.000000
2014-05-02,148.654460,148.656557,148.519527,148.581509,1095488.000000
2014-05-05,153.222291,153.334417,152.987851,153.095604,604394.000000
2014-05-06,149.757893,149.887473,149.652377,149.735183,2435328.000000
2014-05-07,150.146388,150.169387,150.136932,150.143222,4906437.000000
2014-05-08,148.953412,149.002691,148.830843,148.897445,2949729.000000
2014-05-09,148.898783,149.087669,148.772375,148.888603,3431153.000000
2014-05-12,148.957965,148.975301,148.830429,148.930714,2160123.000000
2014-05-13,148.667589,148.837277,148.623515,148.744301,4576746.000000
2014-05-14,146.514885,146.714064,146.419119,146.554229,2778187.000000
2014-05-15,148.215712,148.331154,147.944452,148.280625,3676722.000000
2014-05-16,149.957397,150.048063,149.776983,149.846751,2778492.000000
2014-05-19,147.790282,148.012334,147.559368,147.685468,1916407.000000
2014-05-20,146.692341,146.885515,146.671375,146.809198,1747735.000000
2014-05-21,147.091045,147.236332,146.970111,147.161803,1426724.000000
2014-05-22,147.680175,147.730683,147.610958,147.632280,3256777.000000
2014-05-23,153.390430,153.456179,153.341373,153.380753,2518948.000000
2014-05-26,155.140613,155.434617,155.127314,155.206864,3623421.000000
2014-05-27,159.658317,159.780423,159.635615,159.697389,1457347.000000
2014-05-28,159.203232,159.466850,159.035710,159.148507,3161395.000000
2014-05-29,156.816376,156.918285,156.799833,156.816537,3654261.000000
2014-05-30,157.836000,157.984905,157.789550,157.909515,4913551.000000
2014-06-02,158.832941,158.921380,158.632048,158.739893,2711433.000000
2014-06-03,158.053655,158.081471,157.838291,157.950584,2007688.000000
2014-06-04,157.886460,157.982858,157.876652,157.980616,4714280.000000
2014-06-05,157.738834,157.753966,157.682901,157.732898,4595230.000000
2014-06-06,157.413973,157.637819,157.331066,157.371156,2482922.000000
2014-06-09,159.487511,159.535052,159.209821,159.302022,4731723.000000
2014-06-10,158.327889,158.441055,158.105138,158.195560,2880401.000000
2014-06-11,157.973652,158.030963,157.792117,157.928986,4062346.000000
2014-06-12,162.626404,162.747946,162.503904,162.640119,1842542.000000
2014-06-13,160.334643,160.577236,160.278727,160.468149,4149177.000000
2014-06-16,159.432962,159.551522,159.179705,159.540920,3715192.000000
2014-06-17,162.361433,162.436303,162.321734,162.379240,2948528.000000
2014-06-18,156.565183,156.886812,156.516079,156.658732,2194057.000000
2014-06-19,155.661178,155.745816,155.543452,155.591630,2428733.000000
2014-06-20,151.504699,151.582670,151.471303,151.495068,2152487.000000
2014-06-23,154.885223,155.034771,154.802022,154.905253,3247238.000000
2014-06-24,156.211854,156.277328,156.126105,156.214826,4389567.000000
2014-06-25,157.867985,157.877119,157.709484,157.819958,4969012.000000
2014-06-26,155.856612,155.959019,155.699338,155.814258,899367.000000
2014-06-27,152.836660,153.132272,152.766232,152.989260,2457733.000000
2014-06-30,154.563209,154.651221,154.385316,154.540128,2819317.000000
2014-07-01,159.060499,159.108201,158.988292,158.993258,2871838.000000
2014-07-02,155.380110,155.646420,155.137211,155.350549,1536804.000000
2014-07-03,153.536953,153.626065,153.469040,153.496710,1702822.000000
2014-07-04,150.481524,150.494989,150.299429,150.402392,1996365.000000
2014-07-07,151.820425,151.950654,151.687669,151.759718,4769866.000000
2014-07-08,150.073013,150.114367,150.022680,150.068814,4930678.000000
2014-07-09,152.734671,152.874594,152.627700,152.696364,2544115.000000
2014-07-10,150.455528,150.456587,150.344694,150.403488,4568408.000000
2014-07-11,150.045443,150.180228,149.811799,149.971584,737002.000000
2014-07-14,149.205196,149.375741,149.050338,149.340894,3680868.000000
2014-07-15,151.071833,151.118370,150.971087,151.116129,4726951.000000
2014-07-16,149.631687,149.741294,149.620102,149.656320,3512560.000000
2014-07-17,143.357134,143.433443,143.343405,143.369762,4406070.000000
2014-07-18,141.365083,141.590776,141.249702,141.282704,2727251.000000
2014-07-21,142.074985,142.292945,141.922890,142.054648,3913912.000000
2014-07-22,143.321812,143.626777,143.234274,143.420445,1931718.000000
2014-07-23,145.099756,145.154299,145.067129,145.099951,506916.000000
2014-07-24,145.842656,145.890065,145.772851,145.865933,1537601.000000
2014-07-25,141.676660,141.699267,141.455547,141.564109,2545450.000000
2014-07-28,138.475092,138.779204,138.393808,138.481770,2265953.000000
2014-07-29,137.855322,137.985521,137.791118,137.895051,945365.000000
2014-07-30,132.812585,132.895412,132.643350,132.764368,2373481.000000
2014-07-31,132.590868,132.687767,132.570965,132.641108,2533845.000000
2014-08-01,127.899199,128.113769,127.763766,127.983167,2185212.000000
2014-08-04,125.830661,125.924773,125.641038,125.686778,1332331.000000
2014-08-05,125.219233,125.237459,125.166360,125.218466,2293054.000000
2014-08-06,126.721997,126.792342,126.634788,126.732749,1569338.000000
2014-08-07,124.617926,124.620869,124.507340,124.562816,3169872.000000
2014-08-08,122.819049,122.835110,122.705853,122.767468,1482864.000000
2014-08-11,121.665593,121.781449,121.649145,121.726793,1838176.000000
2014-08-12,121.864927,122.024062,121.800896,121.924139,4304141.000000
2014-08-13,121.344954,121.472798,121.167702,121.284718,3305223.000000
2014-08-14,121.639968,121.704684,121.528622,121.687607,2820688.000000
2014-08-15,121.716538,121.910445,121.591881,121.830610,1251869.000000
2014-08-18,123.337300,123.480399,123.322341,123.441052,1926792.000000
2014-08-19,123.441344,123.573586,123.337204,123.527924,3208991.000000
2014-08-20,124.236971,124.319568,124.153512,124.164164,4285656.000000
2014-08-21,126.326074,126.531090,126.193814,126.286271,2382554.000000
2014-08-22,130.894081,131.023319,130.740532,130.906394,1258718.000000
2014-08-25,132.017785,132.023110,131.926369,131.967382,3504265.000000
2014-08-26,133.171546,133.317340,133.145622,133.211464,2058346.000000
2014-08-27,132.501622,132.688592,132.293373,132.636311,1824380.000000
2014-08-28,138.839910,138.887867,138.689858,138.796766,1733311.000000
2014-08-29,139.892415,140.183797,139.868706,140.104707,2126405.000000
2014-09-01,139.699444,139.794602,139.575035,139.608064,4421903.000000
2014-09-02,138.523633,138.532627,138.328314,138.492896,3041884.000000
2014-09-03,138.790537,138.820350,138.599993,138.663926,1474441.000000
2014-09-04,140.199937,140.320299,140.099950,140.166492,3433516.000000
2014-09-05,146.417883,146.445145,146.236880,146.310872,4289102.000000
2014-09-08,147.343709,147.586759,147.264046,147.352409,2185577.000000
2014-09-09,152.382655,152.415629,152.199793,152.312513,3304098.000000
2014-09-10,150.382694,150.530185,150.250850,150.255368,3041923.000000
2014-09-11,150.483559,150.606127,150.343155,150.389280,3723873.000000
2014-09-12,155.328127,155.398316,155.190433,155.262582,2304703.000000
2014-09-15,155.727579,155.747206,155.515292,155.643438,2914209.000000
2014-09-16,153.692085,153.804725,153.542415,153.696875,2780796.000000
2014-09-17,151.692661,151.799911,151.612988,151.786687,1242758.000000
2014-09-18,150.927646,150.938954,150.914480,150.933749,693072.000000
2014-09-19,152.444094,152.683632,152.255888,152.539077,1487760.000000
2014-09-22,149.959615,150.005875,149.771751,149.854930,4937604.000000
2014-09-23,148.969662,149.068767,148.820978,149.019776,4541387.000000
2014-09-24,145.369607,145.465629,145.327714,145.356719,2756017.000000
2014-09-25,148.649185,148.801349,148.591475,148.781095,2174154.000000
2014-09-26,154.430736,154.532222,154.348252,154.410176,775742.000000
2014-09-29,156.123837,156.447707,156.038020,156.299374,4792485.000000
2014-09-30,158.960305,159.048523,158.774358,158.927056,4489139.000000
2014-10-01,156.107539,156.490222,156.008516,156.190430,1418009.000000
2014-10-02,155.155654,155.345616,155.062805,155.095807,2425337.000000
2014-10-03,158.281822,158.326722,158.258199,158.298781,3042946.000000
2014-10-06,160.581173,160.609337,160.419335,160.536271,3662678.000000
2014-10-07,160.687715,160.708947,160.453562,160.599797,1833519.000000
2014-10-08,160.255551,160.454319,160.104948,160.213256,945684.000000
2014-10-09,159.034905,159.240024,158.811850,159.033946,4020285.000000
2014-10-10,158.413074,158.495152,158.314242,158.428461,4987704.000000
2014-10-13,159.155883,159.226959,159.101583,159.129039,3264756.000000
2014-10-14,161.251134,161.299868,161.155424,161.223515,2779333.000000
2014-10-15,160.223531,160.301802,160.114688,160.244588,1079138.000000
2014-10-16,161.644591,161.656560,161.595378,161.598106,3997953.000000
2014-10-17,160.055252,160.198558,159.995257,160.149842,2181185.000000
2014-10-20,159.201005,159.274017,159.058408,159.121587,1781380.000000
2014-10-21,161.647164,161.813001,161.502919,161.772527,835053.000000
2014-10-22,161.270735,161.456963,161.156549,161.284845,1662040.000000
2014-10-23,163.795901,163.973293,163.763566,163.814226,4213906.000000
2014-10-24,166.380481,166.457585,166.044397,166.357491,936478.000000
2014-10-27,165.346371,165.467448,165.222210,165.289466,4975690.000000
2014-10-28,168.996156,169.127589,168.885171,168.948854,937602.000000
2014-10-29,169.106094,169.194505,169.089676,169.153183,3783320.000000
2014-10-30,169.773442,169.810317,169.562476,169.727862,1674641.000000
2014-10-31,165.636632,165.664855,165.528855,165.635152,2429241.000000
2014-11-03,165.847721,166.135565,165.824450,166.014194,1578563.000000
2014-11-04,166.447899,166.593724,166.211436,166.454955,2521082.000000
2014-11-05,161.052533,161.114265,161.039507,161.075790,2381444.000000
2014-11-06,162.101959,162.219828,161.811790,162.033447,1217181.000000
2014-11-07,160.995656,161.180771,160.915135,161.103916,2169475.000000
2014-11-10,161.213868,161.592095,161.068157,161.417290,1335039.000000
2014-11-11,163.216030,163.303721,163.146535,163.224546,1422998.000000
2014-11-12,161.782804,161.909215,161.586916,161.815935,1004673.000000
2014-11-13,163.414183,163.699764,163.269694,163.468628,4904308.000000
2014-11-14,166.463263,166.632490,166.451888,166.597830,4297978.000000
2014-11-17,163.244816,163.332322,163.079192,163.248020,1293031.000000
2014-11-18,160.684558,160.703719,160.571494,160.696287,3061366.000000
2014-11-19,159.574384,159.768307,159.542157,159.648387,1396301.000000
2014-11-20,162.974829,163.017614,162.859629,162.919012,865558.000000
2014-11-21,160.777096,160.830909,160.761516,160.822204,2763927.000000
2014-11-24,160.423728,160.552361,160.310956,160.514258,3586793.000000
2014-11-25,158.427857,158.594840,158.361531,158.490191,4955780.000000
2014-11-26,158.921741,159.063185,158.749749,158.955516,1399910.000000
2014-11-27,158.310971,158.535353,158.170720,158.215783,4100172.000000
2014-11-28,162.922823,163.039270,162.700732,162.917525,2187231.000000
2014-12-01,167.643453,167.892174,167.638890,167.876335,644119.000000
2014-12-02,167.921069,168.018728,167.751300,168.009288,3740244.000000
2014-12-03,166.875984,166.967504,166.831971,166.904046,4560017.000000
2014-12-04,168.644610,168.893244,168.466858,168.709760,4688577.000000
2014-12-05,169.324341,169.600651,169.233943,169.366228,1836905.000000
2014-12-08,169.152392,169.231166,169.049473,169.155083,4947696.000000
2014-12-09,169.166224,169.213873,169.125486,169.162095,1527894.000000
2014-12-10,165.857172,166.241289,165.798370,165.978593,3326474.000000
2014-12-11,164.340422,164.430670,164.216002,164.250870,2871414.000000
2014-12-12,162.705806,162.767805,162.554502,162.735214,2473657.000000
2014-12-15,166.044324,166.079694,166.013516,166.024768,1956217.000000
2014-12-16,160.764797,161.031373,160.760789,160.910699,2708806.000000
2014-12-17,164.683496,164.697301,164.550738,164.619880,3862947.000000
2014-12-18,162.381019,162.535691,162.164346,162.356045,4833927.000000
2014-12-19,161.368731,161.457083,161.227980,161.387519,3857769.000000
2014-12-22,159.743582,159.852061,159.660083,159.823833,3781197.000000
2014-12-23,158.765598,158.800126,158.649230,158.783581,2477785.000000
2014-12-24,160.630943,160.792128,160.534526,160.655689,4262934.000000
2014-12-25,161.905761,162.159723,161.772823,161.973824,4974343.000000
2014-12-26,163.768230,163.837285,163.443729,163.557561,4449386.000000
2014-12-29,162.614906,162.636051,162.531588,162.587520,4922601.000000
2014-12-30,167.460890,167.617128,167.321807,167.548653,711235.000000
2014-12-31,172.315770,172.415948,172.195400,172.289821,2018817.000000
2015-01-01,168.865838,169.160932,168.798854,169.043152,3514016.000000
2015-01-02,168.531407,168.762672,168.319034,168.612777,2257176.000000
2015-01-05,165.079294,165.182635,165.062346,165.134595,4130483.000000
2015-01-06,169.713366,169.743315,169.574104,169.709737,4507446.000000
2015-01-07,169.369585,169.551531,169.267701,169.383204,2348880.000000
2015-01-08,170.318451,170.328782,170.247811,170.317173,1491902.000000
2015-01-09,173.268666,173.414778,173.119555,173.283224,741520.000000
2015-01-12,170.755880,170.789965,170.617284,170.638777,2520819.000000
2015-01-13,172.397303,172.457472,172.183358,172.277222,3235081.000000
2015-01-14,174.601464,174.656136,174.397610,174.649539,2127252.000000
2015-01-15,173.495893,173.671056,173.269832,173.549307,3563964.000000
2015-01-16,169.711465,169.955869,169.679723,169.869079,2292568.000000
2015-01-19,171.821120,172.062442,171.637515,171.938251,4334231.000000
2015-01-20,170.877322,171.282724,170.760492,170.914164,1488804.000000
2015-01-21,172.619574,172.835502,172.516460,172.746231,2089060.000000
2015-01-22,176.346392,176.555261,176.315231,176.414137,3535704.000000
2015-01-23,172.410324,172.461696,172.394946,172.459927,3470420.000000
2015-01-26,175.036705,175.078323,175.012828,175.049438,2476210.000000
2015-01-27,175.212978,175.280974,174.941251,175.023718,4164527.000000
2015-01-28,173.623076,173.713365,173.387435,173.665234,3788572.000000
2015-01-29,173.711616,173.852296,173.523884,173.637781,1184780.000000
2015-01-30,171.878407,172.110862,171.821204,171.959507,3575900.000000
2015-02-02,171.117407,171.328733,171.110195,171.152375,758123.000000
2015-02-03,173.814241,173.925173,173.703364,173.867888,1659822.000000
2015-02-04,172.473914,172.752131,172.473426,172.534979,1127361.000000
2015-02-05,172.780635,172.921714,172.757446,172.859107,4190342.000000
2015-02-06,173.342515,173.362992,173.254829,173.281892,568989.000000
2015-02-09,171.073609,171.189852,171.039279,171.081579,2429535.000000
2015-02-10,176.958264,177.003786,176.820114,176.863226,2075344.000000
2015-02-11,179.389559,179.465259,179.317709,179.350599,2847282.000000
2015-02-12,177.687089,177.930765,177.586503,177.757456,4056186.000000
2015-02-13,176.353321,176.364619,176.192440,176.352582,1355139.000000
2015-02-16,179.638072,179.702432,179.468851,179.700265,4343013.000000
2015-02-17,180.878377,180.920125,180.743635,180.907795,4169779.000000
2015-02-18,179.007752,179.247911,178.927574,179.081246,3408321.000000
2015-02-19,176.043545,176.222402,175.942778,176.127292,1126969.000000
2015-02-20,172.039569,172.166853,171.877778,172.116802,3406588.000000
2015-02-23,174.571964,174.721449,174.275270,174.461873,875753.000000
2015-02-24,174.505062,174.567570,174.456167,174.508860,1633133.000000
2015-02-25,174.139370,174.246318,173.846402,174.063755,813622.000000
2015-02-26,169.303958,169.480412,169.201728,169.274898,1946858.000000
2015-02-27,169.920333,170.034431,169.849982,169.936440,1818089.000000
2015-03-02,168.278135,168.289340,168.225168,168.232957,3234862.000000
2015-03-03,165.730746,166.081661,165.670768,165.887197,919345.000000
2015-03-04,163.497603,163.515028,163.298580,163.330048,538176.000000
2015-03-05,159.376724,159.561056,159.276144,159.506736,554891.000000
2015-03-06,163.751948,164.124524,163.726825,163.864775,2456301.000000
2015-03-09,163.989958,164.203754,163.900890,163.980086,3136570.000000
2015-03-10,164.886907,165.019321,164.683377,164.831524,1930511.000000
2015-03-11,162.294764,162.460465,162.151583,162.209746,739007.000000
2015-03-12,166.722156,166.727520,166.565108,166.654974,4366627.000000
2015-03-13,165.942613,166.077801,165.879650,166.015854,3825767.000000
2015-03-16,167.817949,167.847909,167.809391,167.828248,2432952.000000
2015-03-17,168.428873,168.589654,168.157270,168.298867,3005750.000000
2015-03-18,169.004114,169.132252,168.957360,169.058453,1283126.000000
2015-03-19,166.669862,166.804066,166.569893,166.633850,4189484.000000
2015-03-20,167.217634,167.270328,166.958832,167.123271,1275056.000000
2015-03-23,171.157511,171.297769,171.154212,171.221394,4445228.000000
2015-03-24,165.402952,165.519808,165.361447,165.384733,3671963.000000
2015-03-25,164.532471,164.725832,164.391780,164.554716,3861394.000000
2015-03-26,169.827291,169.946058,169.826924,169.877256,978371.000000
2015-03-27,172.381955,172.443611,172.125610,172.172224,3406746.000000
2015-03-30,168.952783,169.005864,168.706088,168.786481,2365061.000000
2015-03-31,175.354952,175.470608,175.152528,175.470401,1891582.000000
2015-04-01,173.978763,174.058068,173.883712,174.002447,2241781.000000
2015-04-02,173.965874,174.017739,173.917464,173.986660,2014558.000000
2015-04-03,175.702807,175.812538,175.635976,175.810457,597042.000000
2015-04-06,168.788680,169.005223,168.664077,168.813649,2338963.000000
2015-04-07,170.359691,170.529064,170.202433,170.385472,3985143.000000
2015-04-08,171.008984,171.039405,170.874862,170.912213,2125750.000000
2015-04-09,169.530506,169.729962,169.385302,169.708597,3814380.000000
2015-04-10,168.380151,168.481021,168.235831,168.316465,3112173.000000
2015-04-13,164.895688,164.918018,164.859666,164.905749,1037101.000000
2015-04-14,161.521531,161.599954,161.496375,161.576207,1054530.000000
2015-04-15,160.719245,160.793332,160.556122,160.642241,4159821.000000
2015-04-16,162.191348,162.236921,162.119586,162.203686,3140049.000000
2015-04-17,164.373865,164.578671,164.341378,164.549715,2158187.000000
2015-04-20,164.079766,164.157639,163.955825,164.049480,4697515.000000
2015-04-21,166.162149,166.389339,166.053665,166.163733,2938378.000000
2015-04-22,168.078683,168.218632,167.921793,168.105760,4635501.000000
2015-04-23,164.165481,164.308890,163.975467,164.101340,1157094.000000
2015-04-24,163.763190,163.855461,163.470365,163.813777,3331110.000000
2015-04-27,160.886530,160.928391,160.687691,160.846412,4220074.000000
2015-04-28,163.965630,164.280056,163.578485,163.821892,1998241.000000
2015-04-29,164.332722,164.506427,164.180618,164.198544,2755859.000000
2015-04-30,164.585643,164.723270,164.482200,164.624520,1821798.000000
2015-05-01,170.105391,170.180547,170.048610,170.098970,1422073.000000
2015-05-04,169.535505,169.601791,169.298935,169.524575,1974387.000000
2015-05-05,170.037004,170.100528,170.027699,170.046644,747728.000000
2015-05-06,166.774665,166.781483,166.576101,166.776741,1113072.000000
2015-05-07,166.468303,166.480108,166.324108,166.459437,1151541.000000
2015-05-08,170.506943,170.737768,170.322403,170.578067,2930658.000000
2015-05-11,170.436909,170.628869,170.307643,170.503588,3375039.000000
2015-05-12,167.429967,167.602088,167.272104,167.600681,1356387.000000
2015-05-13,167.754453,167.833376,167.478166,167.670694,3708424.000000
2015-05-14,168.789498,169.148454,168.587907,168.940184,1788456.000000
2015-05-15,168.942582,169.004894,168.755835,168.876975,3552952.000000
2015-05-18,171.461912,171.563433,171.364656,171.504180,3400338.000000
2015-05-19,169.654097,169.685710,169.491625,169.557920,3272548.000000
2015-05-20,167.807866,167.911708,167.770218,167.797849,2502016.000000
2015-05-21,169.364313,169.447939,169.338806,169.411062,4560893.000000
2015-05-22,165.559457,165.720353,165.329178,165.645995,743498.000000
2015-05-25,168.626242,168.698086,168.438252,168.529248,1897260.000000
2015-05-26,164.227367,164.254427,163.975653,164.215832,644917.000000
2015-05-27,163.738081,163.836318,163.707089,163.709466,1643332.000000
2015-05-28,162.536877,162.700140,162.387300,162.694994,4091555.000000
2015-05-29,161.956604,162.129081,161.923415,162.007275,2231716.000000
2015-06-01,160.416383,160.724336,160.279910,160.535321,2572470.000000
2015-06-02,160.299198,160.568238,160.224686,160.399661,3120392.000000
2015-06-03,158.070502,158.084756,157.987396,158.030153,4667975.000000
2015-06-04,157.105897,157.294968,156.943315,157.027983,3432572.000000
2015-06-05,157.527226,157.605300,157.386486,157.571445,1667427.000000
2015-06-08,153.459384,153.566987,153.262030,153.483631,4415461.000000
2015-06-09,151.841055,151.955655,151.833501,151.899401,673904.000000
2015-06-10,152.846189,152.977878,152.782953,152.914471,2864988.000000
2015-06-11,153.976850,154.044146,153.904486,153.924631,1809396.000000
2015-06-12,151.250544,151.390625,151.020794,151.175413,4202525.000000
2015-06-15,150.947947,151.091353,150.845498,150.872965,3534636.000000
2015-06-16,151.481831,151.533228,151.388277,151.468017,4277798.000000
2015-06-17,152.981119,153.032258,152.818164,152.863731,2085433.000000
2015-06-18,151.485336,151.660114,151.354848,151.593820,948107.000000
2015-06-19,147.561796,147.649706,147.316568,147.576261,4103021.000000
2015-06-22,148.717547,148.767879,148.637434,148.659137,1487416.000000
2015-06-23,147.676092,147.921338,147.560244,147.645942,2419758.000000
2015-06-24,149.211825,149.374425,149.156755,149.247698,2749708.000000
2015-06-25,148.965120,149.034599,148.787869,148.902440,3003424.000000
2015-06-26,148.455197,148.540457,148.299997,148.486050,1471857.000000
2015-06-29,148.443757,148.505763,148.376199,148.483944,2241508.000000
2015-06-30,144.771304,144.923691,144.607045,144.736760,2277129.000000
2015-07-01,143.113799,143.186463,143.102339,143.155489,1937062.000000
2015-07-02,142.142530,142.324987,142.091548,142.135203,3023396.000000
2015-07-03,144.755037,144.976231,144.542390,144.599281,634368.000000
2015-07-06,145.379859,145.490778,145.284451,145.421821,4000299.000000
2015-07-07,146.009072,146.257557,145.876188,146.050032,2686920.000000
2015-07-08,144.153373,144.276781,144.125517,144.191894,3942718.000000
2015-07-09,146.067800,146.170629,145.927371,146.063023,1811414.000000
2015-07-10,144.601881,144.656766,144.382411,144.599857,3241458.000000
2015-07-13,144.329316,144.384729,144.289044,144.358174,791705.000000
2015-07-14,142.781431,142.895419,142.655554,142.656255,2395684.000000
2015-07-15,141.767541,141.882769,141.681371,141.724990,2896710.000000
2015-07-16,140.376626,140.393024,140.264359,140.267750,1958488.000000
2015-07-17,136.948665,136.967952,136.779400,136.859832,4498510.000000
2015-07-20,138.820007,138.878436,138.682092,138.767249,3926047.000000
2015-07-21,141.219548,141.329873,141.093849,141.199354,3654387.000000
2015-07-22,139.109738,139.199629,138.894990,139.060438,3230276.000000
2015-07-23,137.210416,137.357593,137.150497,137.331706,599233.000000
2015-07-24,137.259433,137.364086,137.134042,137.249918,3200331.000000
2015-07-27,137.430347,137.552759,137.253234,137.384499,4850960.000000
2015-07-28,135.419404,135.445228,135.404813,135.439383,1451178.000000
2015-07-29,136.516368,136.533198,136.296628,136.433105,4370833.000000
2015-07-30,137.630235,137.699009,137.569352,137.626265,1030080.000000
2015-07-31,136.544795,136.638371,136.448711,136.573833,3694096.000000
2015-08-03,133.151537,133.204791,133.083584,133.173102,3621538.000000
2015-08-04,137.477738,137.759129,137.263907,137.370669,900405.000000
2015-08-05,136.984050,137.083205,136.721133,136.918955,4326464.000000
2015-08-06,135.161526,135.425577,135.148357,135.208815,1652882.000000
2015-08-07,135.063425,135.178307,134.983955,135.097592,1542537.000000
2015-08-10,135.180371,135.190815,135.151277,135.160370,3949729.000000
2015-08-11,139.853523,139.866741,139.732315,139.865254,3906718.000000
2015-08-12,139.088341,139.188849,139.072061,139.176673,4833994.000000
2015-08-13,137.002461,137.158261,136.955428,137.046637,2062894.000000
2015-08-14,139.325486,139.594972,139.263806,139.415321,2273767.000000
2015-08-17,138.998665,139.079028,138.911515,138.972912,868877.000000
2015-08-18,139.499130,139.508101,139.282605,139.438887,1781989.000000
2015-08-19,135.039013,135.204047,134.929690,135.089841,2223023.000000
2015-08-20,133.665444,133.699199,133.616161,133.665641,3060551.000000
2015-08-21,138.011974,138.079259,137.865229,137.952146,2949589.000000
2015-08-24,134.559998,134.782002,134.495451,134.612337,2139274.000000
2015-08-25,132.093334,132.096860,132.011760,132.021356,3957627.000000
2015-08-26,132.985937,133.147118,132.953717,133.073981,2787650.000000
2015-08-27,134.749795,134.754565,134.593168,134.674186,1845277.000000
2015-08-28,138.263506,138.296325,138.258549,138.289272,3765422.000000
2015-08-31,133.318446,133.344564,133.258259,133.272277,2574250.000000
2015-09-01,132.970239,133.049863,132.771285,132.907708,3427598.000000
2015-09-02,130.604336,130.636153,130.495970,130.590170,2189604.000000
2015-09-03,132.477539,132.545120,132.408986,132.512210,1674001.000000
2015-09-04,131.824775,131.929011,131.657897,131.804188,2668706.000000
2015-09-07,131.213266,131.284857,131.174390,131.242693,4612741.000000
2015-09-08,131.804564,131.843012,131.742607,131.757009,3830821.000000
2015-09-09,132.587565,132.771080,132.466663,132.601239,1045691.000000
2015-09-10,132.830491,132.919049,132.716089,132.787998,813265.000000
2015-09-11,138.375458,138.400812,138.268336,138.331354,3147721.000000
2015-09-14,137.950411,137.955691,137.916770,137.929954,3417545.000000
2015-09-15,140.146062,140.262257,140.087828,140.147580,1469537.000000
2015-09-16,137.151698,137.177553,136.968688,137.030817,656048.000000
2015-09-17,137.775241,137.874875,137.611064,137.733255,2708966.000000
2015-09-18,138.640274,138.699047,138.436369,138.603528,700122.000000
2015-09-21,138.486546,138.767840,138.429930,138.549676,4624352.000000
2015-09-22,136.962233,137.036520,136.806375,137.005810,704515.000000
2015-09-23,137.998371,138.184911,137.902724,138.017157,3580112.000000
2015-09-24,138.904601,138.916385,138.824898,138.841152,4397627.000000
2015-09-25,141.825149,141.893700,141.740090,141.865802,3377055.000000
2015-09-28,139.416310,139.459210,139.315776,139.391701,4351063.000000
2015-09-29,138.675872,138.676282,138.490074,138.663816,4738740.000000
2015-09-30,140.804781,140.872224,140.801821,140.834881,3784781.000000
2015-10-01,139.808217,140.044054,139.763120,139.883230,2166943.000000
2015-10-02,141.781939,141.948947,141.546260,141.743838,1682503.000000
2015-10-05,140.767921,140.898758,140.710809,140.775442,2551160.000000
2015-10-06,135.171318,135.249832,135.051725,135.205553,3232651.000000
2015-10-07,135.537981,135.688242,135.369185,135.469755,2986556.000000
2015-10-08,135.101057,135.108808,135.020643,135.045986,4198849.000000
2015-10-09,138.934077,138.947524,138.668689,138.924145,4054908.000000
2015-10-12,140.181728,140.345574,140.128461,140.211585,2724680.000000
2015-10-13,137.624327,137.713288,137.491560,137.590848,2982065.000000
2015-10-14,137.362711,137.471470,137.298060,137.305810,2026519.000000
2015-10-15,139.488355,139.552764,139.400214,139.438328,2737453.000000
2015-10-16,143.643759,143.868304,143.637902,143.745956,3913529.000000
2015-10-19,142.434637,142.487482,142.285806,142.377200,3301296.000000
2015-10-20,142.774043,142.835057,142.757920,142.816945,4558347.000000
2015-10-21,142.282842,142.353116,142.098517,142.263723,2604610.000000
2015-10-22,142.241575,142.271691,141.921187,142.235357,4394002.000000
2015-10-23,144.392513,144.621819,144.310506,144.439264,1589517.000000
2015-10-26,146.216846,146.452654,146.084859,146.169594,4041005.000000
2015-10-27,147.109925,147.202404,146.944397,147.122972,2668228.000000
2015-10-28,145.084202,145.187911,145.012627,145.104319,1064311.000000
2015-10-29,145.765363,145.864982,145.572777,145.844453,4323855.000000
2015-10-30,147.177479,147.256605,147.097323,147.156555,1919769.000000
2015-11-02,148.169553,148.470031,148.044702,148.059218,2872875.000000
2015-11-03,148.440641,148.535436,148.258117,148.467179,3119945.000000
2015-11-04,145.499814,145.790911,145.449276,145.613120,4592092.000000
2015-11-05,147.092082,147.234627,146.955559,146.995433,4534547.000000
2015-11-06,149.292991,149.319295,149.183849,149.285050,2034741.000000
2015-11-09,152.091911,152.229901,152.054827,152.075896,2939980.000000
2015-11-10,156.628550,156.917642,156.621019,156.777763,2239658.000000
2015-11-11,159.155794,159.288765,158.963123,159.174215,3742468.000000
2015-11-12,162.727963,162.874909,162.672752,162.729423,1051230.000000
2015-11-13,164.396533,164.421826,164.126296,164.302452,1090420.000000
2015-11-16,169.552159,169.569846,169.317645,169.519988,3077707.000000
2015-11-17,169.473090,169.503736,169.455363,169.502635,2934677.000000
2015-11-18,172.596831,172.934171,172.588713,172.636818,1141615.000000
2015-11-19,163.982064,164.149611,163.844457,164.051187,1733106.000000
2015-11-20,165.117922,165.352124,165.033510,165.090095,1776619.000000
2015-11-23,165.226929,165.354389,164.983704,165.277431,3698368.000000
2015-11-24,160.572602,160.754454,160.417017,160.615568,1518934.000000
2015-11-25,163.342750,163.556524,163.307291,163.333405,604322.000000
2015-11-26,164.434735,164.690150,164.190367,164.374684,560987.000000
2015-11-27,166.695177,166.873371,166.684318,166.774596,1975013.000000
2015-11-30,165.827675,165.854088,165.629233,165.729797,1581555.000000
2015-12-01,166.723928,166.930282,166.705070,166.851555,3389261.000000
2015-12-02,167.621963,167.704043,167.548726,167.671426,3199254.000000
2015-12-03,166.474230,166.557120,166.460640,166.499577,4164142.000000
2015-12-04,164.449677,164.635851,164.334254,164.563536,3728496.000000
2015-12-07,160.941333,161.008198,160.805720,160.926190,721555.000000
2015-12-08,164.453002,164.623741,164.369767,164.494608,3590819.000000
2015-12-09,160.906898,160.979822,160.853537,160.898509,2200685.000000
2015-12-10,167.555798,167.686776,167.483706,167.514058,3921139.000000
2015-12-11,166.643710,166.741546,166.491716,166.722774,1644291.000000
2015-12-14,168.001746,168.069882,167.713116,167.938736,1200014.000000
2015-12-15,165.262901,165.310341,165.107922,165.217718,900129.000000
2015-12-16,162.429286,162.629892,162.369548,162.545525,2764219.000000
2015-12-17,162.378973,162.638948,162.308465,162.565690,4735483.000000
2015-12-18,160.687035,160.765802,160.475784,160.672971,3566912.000000
2015-12-21,160.279850,160.284443,160.259890,160.278974,4097601.000000
2015-12-22,163.425478,163.508092,163.337247,163.373784,3961617.000000
2015-12-23,167.023943,167.212484,166.890302,167.024032,1956523.000000
2015-12-24,166.375311,166.569653,166.221604,166.321028,4302417.000000
2015-12-25,167.890810,167.956789,167.826553,167.890812,3249935.000000
2015-12-28,170.028335,170.071961,169.878025,169.991169,2317255.000000
2015-12-29,173.460344,173.469050,173.334147,173.334701,785079.000000
2015-12-30,170.559717,170.698560,170.476750,170.635931,1449288.000000
2015-12-31,175.432502,175.543583,175.362352,175.417514,2087020.000000
2016-01-01,171.988170,172.151427,171.735123,171.883584,1561381.000000
2016-01-04,170.361060,170.368522,170.028200,170.367038,1951134.000000
2016-01-05,173.264691,173.303449,173.239720,173.286360,2754822.000000
2016-01-06,176.051186,176.142608,176.004582,176.064002,1592279.000000
2016-01-07,177.982812,178.177963,177.838483,177.914976,3869082.000000
2016-01-08,181.768320,181.931810,181.743388,181.802634,3875502.000000
2016-01-11,182.012255,182.202903,181.807019,181.960743,3297225.000000
2016-01-12,182.736698,183.071142,182.717407,182.756022,4340252.000000
2016-01-13,184.935382,184.982582,184.791121,184.891025,4010401.000000
2016-01-14,186.780649,186.944195,186.646200,186.900931,1343304.000000
2016-01-15,183.897378,184.167536,183.651410,183.786158,3358864.000000
2016-01-18,186.018924,186.194281,185.775410,186.018550,2979701.000000
2016-01-19,185.737922,186.000103,185.622531,185.860518,4960790.000000
2016-01-20,185.863768,185.957973,185.776419,185.896217,522231.000000
2016-01-21,183.720156,183.810086,183.559127,183.664633,1996774.000000
2016-01-22,181.140448,181.222135,181.001788,181.138003,1693165.000000
2016-01-25,184.703289,184.807419,184.487734,184.775289,3274470.000000
2016-01-26,181.292890,181.450364,181.143699,181.287125,4989764.000000
2016-01-27,185.901005,186.165455,185.859879,186.019218,3653354.000000
2016-01-28,183.909683,184.033558,183.839526,184.020723,4317091.000000
2016-01-29,189.643964,189.695395,189.607529,189.637236,1054642.000000
2016-02-01,188.068910,188.183712,187.851699,187.955327,2661018.000000
2016-02-02,183.951322,184.012810,183.859721,184.008103,1975851.000000
2016-02-03,182.879985,182.992859,182.767240,182.822872,749002.000000
2016-02-04,181.626391,181.972510,181.560361,181.673488,3770827.000000
2016-02-05,181.656757,181.775038,181.559032,181.640639,4351882.000000
2016-02-08,179.262624,179.482827,179.079631,179.345617,3371923.000000
2016-02-09,176.822558,177.027434,176.781458,176.865557,4775771.000000
2016-02-10,178.739555,178.831286,178.466342,178.626103,4424262.000000
2016-02-11,177.268760,177.519542,177.175833,177.257202,2017838.000000
2016-02-12,172.538536,172.767352,172.109029,172.497338,3286921.000000
2016-02-15,172.665241,172.715535,172.660669,172.697939,3644913.000000
2016-02-16,172.745120,172.844226,172.583397,172.628461,2785346.000000
2016-02-17,174.109577,174.281944,173.940038,174.062374,2142377.000000
2016-02-18,170.803539,170.879214,170.760643,170.867529,3074517.000000
2016-02-19,171.532040,171.540787,171.457868,171.516437,2831297.000000
2016-02-22,169.373310,169.498961,169.236560,169.461236,3084128.000000
2016-02-23,168.152045,168.197922,168.011263,168.184006,1321686.000000
2016-02-24,170.031343,170.100523,169.707609,169.885255,3121176.000000
2016-02-25,170.274519,170.351763,170.233964,170.323128,2209666.000000
2016-02-26,172.444666,172.511902,172.370703,172.496477,1547651.000000
2016-02-29,171.314997,171.326295,171.262826,171.286304,4587382.000000
2016-03-01,169.930068,170.038311,169.912861,169.997859,2010293.000000
2016-03-02,170.580755,170.739698,170.536955,170.597880,3518404.000000
2016-03-03,165.277884,165.535790,165.094602,165.431354,2206478.000000
2016-03-04,168.785431,168.836906,168.525930,168.666659,3248304.000000
2016-03-07,165.028603,165.155940,164.995113,165.043506,4923779.000000
2016-03-08,163.980469,164.045864,163.927147,164.001471,2369286.000000
2016-03-09,167.114117,167.189640,166.931712,166.988078,3301857.000000
2016-03-10,169.752060,169.938511,169.623396,169.818649,4695423.000000
2016-03-11,170.770786,170.818876,170.722314,170.753435,4592939.000000
2016-03-14,171.410756,171.703337,171.230446,171.291675,2877253.000000
2016-03-15,172.767428,172.831575,172.600598,172.822617,1503949.000000
2016-03-16,174.116267,174.218554,173.950688,174.133319,4567392.000000
2016-03-17,176.236230,176.374607,176.141445,176.174993,4655052.000000
2016-03-18,172.160459,172.292126,171.835788,172.244069,2331731.000000
2016-03-21,175.972210,176.216228,175.869443,175.964227,1086647.000000
2016-03-22,173.360766,173.658587,173.308492,173.367718,2518472.000000
2016-03-23,174.172311,174.236403,174.055822,174.199440,1520634.000000
2016-03-24,175.916748,176.065879,175.905409,176.032273,3773270.000000
2016-03-25,179.719759,179.905527,179.716210,179.757998,3678662.000000
2016-03-28,176.528238,176.599038,176.394017,176.432427,3071180.000000
2016-03-29,181.435059,181.575134,181.361833,181.527672,3911475.000000
2016-03-30,178.713124,178.896780,178.628059,178.777124,1844760.000000
2016-03-31,178.596470,178.896470,178.511200,178.719468,4733197.000000
2016-04-01,177.256668,177.367156,177.074555,177.188256,1121879.000000
2016-04-04,175.219332,175.221649,175.075048,175.115063,1588582.000000
2016-04-05,171.741334,171.833498,171.674142,171.759218,3345577.000000
2016-04-06,164.670858,164.762634,164.542683,164.686335,3559869.000000
2016-04-07,169.386505,169.480647,169.188051,169.239916,2720381.000000
2016-04-08,169.596770,169.642285,169.470059,169.534810,1275981.000000
2016-04-11,171.858273,172.067941,171.543992,171.603818,4224489.000000
2016-04-12,171.076912,171.122638,170.969395,171.081286,514298.000000
2016-04-13,173.483224,173.623353,173.459289,173.598592,2062309.000000
2016-04-14,178.032524,178.157578,177.634432,177.960289,698020.000000
2016-04-15,179.839154,180.198950,179.734942,180.063914,1417385.000000
2016-04-18,183.164192,183.213173,182.813806,183.130475,4831628.000000
2016-04-19,183.707461,183.815105,183.357778,183.601429,3905382.000000
2016-04-20,183.442448,183.531567,183.116222,183.346219,3907941.000000
2016-04-21,179.732883,180.016883,179.547382,179.804322,3662146.000000
2016-04-22,178.749844,178.799789,178.547353,178.587387,2559997.000000
2016-04-25,176.336384,176.549120,176.221428,176.424165,4752015.000000
2016-04-26,180.326023,180.334429,180.322111,180.324583,4671030.000000
2016-04-27,179.109105,179.331996,178.939224,179.118438,4516623.000000
2016-04-28,179.462989,179.487081,179.298066,179.353171,1113220.000000
2016-04-29,176.932358,177.130707,176.850354,176.872177,3524419.000000
2016-05-02,174.876321,175.180561,174.654844,175.043896,3783552.000000
2016-05-03,178.294832,178.506469,178.258076,178.483105,1538897.000000
2016-05-04,173.981183,174.002256,173.974639,173.992022,3076769.000000
2016-05-05,172.453292,172.529182,172.241663,172.246506,3935626.000000
2016-05-06,171.467714,171.655522,171.340655,171.563583,2440654.000000
2016-05-09,169.760842,170.103420,169.442667,169.912061,1794746.000000
2016-05-10,166.855879,166.930446,166.809508,166.877026,2196226.000000
2016-05-11,168.469306,168.665216,168.368393,168.414552,887536.000000
2016-05-12,168.118580,168.217686,168.080504,168.111552,713421.000000
2016-05-13,169.264219,169.305012,169.094869,169.163049,1095356.000000
2016-05-16,170.398983,170.594770,170.383855,170.582229,3176269.000000
2016-05-17,169.665268,169.876080,169.479999,169.638554,3804674.000000
2016-05-18,169.933350,170.159265,169.737253,169.862316,1191427.000000
2016-05-19,172.626992,172.744830,172.561565,172.641013,4835196.000000
2016-05-20,171.252491,171.316083,171.182946,171.296125,708766.000000
2016-05-23,172.395787,172.547540,172.347548,172.467518,1362825.000000
2016-05-24,171.640939,171.781427,171.507014,171.737765,3493631.000000
2016-05-25,178.308496,178.626497,177.975447,178.521723,1204133.000000
2016-05-26,176.572277,176.773004,176.514486,176.613232,2978600.000000
2016-05-27,178.895790,179.056994,178.872260,178.906001,4082189.000000
2016-05-30,177.408347,177.432943,177.278247,177.432550,4483655.000000
2016-05-31,178.640802,178.657649,178.514107,178.584079,4264962.000000
2016-06-01,177.170533,177.316761,177.097039,177.273148,754243.000000
2016-06-02,183.118454,183.168867,182.998453,183.043240,1391208.000000
2016-06-03,183.453087,183.745650,183.111658,183.357660,3381485.000000
2016-06-06,181.565202,181.705612,181.420411,181.557515,713703.000000
2016-06-07,182.701989,183.071054,182.681154,182.827231,4873226.000000
2016-06-08,182.368604,182.609594,182.154024,182.391182,3549992.000000
2016-06-09,178.376464,178.582078,178.280116,178.440759,1407039.000000
2016-06-10,175.188476,175.305106,174.816694,174.990386,1361382.000000
2016-06-13,176.081553,176.129564,176.043581,176.121734,4030799.000000
2016-06-14,175.192340,175.254084,174.943705,175.136034,4070044.000000
2016-06-15,179.090939,179.191075,178.954798,179.146137,2060729.000000
2016-06-16,174.889535,175.073953,174.803053,174.955117,4520331.000000
2016-06-17,175.941955,176.050233,175.873777,175.932485,3023811.000000
2016-06-20,180.593582,180.640074,180.384643,180.474616,3229007.000000
2016-06-21,176.776375,176.955826,176.754525,176.875136,4622437.000000
2016-06-22,177.253244,177.280448,177.185919,177.237424,4061408.000000
2016-06-23,175.996019,176.015024,175.760537,175.811771,3586210.000000
2016-06-24,174.922764,175.077806,174.798272,174.983339,1020608.000000
2016-06-27,173.045018,173.105813,172.850727,172.986041,4391740.000000
2016-06-28,173.964220,174.149653,173.776623,173.891242,4732141.000000
2016-06-29,174.777061,174.827295,174.638724,174.676330,2334890.000000
2016-06-30,178.337327,178.501540,178.041656,178.201532,1215414.000000
2016-07-01,181.150783,181.325555,181.123199,181.283502,1140861.000000
2016-07-04,177.283451,177.667785,176.978200,177.427709,1900037.000000
2016-07-05,175.578019,175.892444,175.457767,175.479561,2169676.000000
2016-07-06,179.579106,179.619677,179.458524,179.569629,3775692.000000
2016-07-07,178.085622,178.157554,177.944706,178.118757,3598018.000000
2016-07-08,182.133365,182.218753,182.037902,182.126228,701250.000000
2016-07-11,184.438746,184.488850,184.347930,184.410179,3827469.000000
2016-07-12,189.230008,189.460374,189.097926,189.153105,4476656.000000
2016-07-13,184.447767,184.570280,184.258767,184.377993,4040630.000000
2016-07-14,188.045578,188.465062,187.981217,188.174844,2820884.000000
2016-07-15,188.745588,189.081546,188.439745,188.688844,3207627.000000
2016-07-18,189.361893,189.647383,189.243855,189.496181,3997125.000000
2016-07-19,188.584032,188.671844,188.556125,188.653425,4515718.000000
2016-07-20,186.623714,186.886940,186.530793,186.721743,2337575.000000
2016-07-21,185.069537,185.333233,184.935471,184.987095,3194981.000000
2016-07-22,181.765507,181.946134,181.607628,181.735951,784811.000000
2016-07-25,183.592976,183.721029,183.498143,183.546743,3979789.000000
2016-07-26,184.683927,184.934333,184.255033,184.820158,2762847.000000
2016-07-27,182.787277,182.856671,182.720721,182.755567,2841229.000000
2016-07-28,179.899882,180.118778,179.827022,179.974381,869401.000000
2016-07-29,179.997470,180.072801,179.724813,179.914931,1728731.000000
2016-08-01,179.804006,179.852355,179.647688,179.766670,3487820.000000
2016-08-02,181.707604,181.801878,181.400620,181.788914,1804837.000000
2016-08-03,182.761143,183.112655,182.561843,182.905026,4246959.000000
2016-08-04,186.926191,186.989355,186.808490,186.968397,3822345.000000
2016-08-05,188.236124,188.344248,188.127648,188.130425,3201878.000000
2016-08-08,188.047925,188.108727,187.792671,188.000043,4867450.000000
2016-08-09,190.195856,190.363700,189.900631,190.063336,998211.000000
2016-08-10,192.814686,193.157717,192.646764,192.934029,3308635.000000
2016-08-11,190.917439,191.020025,190.908707,190.932733,4117471.000000
2016-08-12,191.504584,191.561945,191.357165,191.365343,2886595.000000
2016-08-15,193.918917,193.978430,193.586122,193.832801,4796170.000000
2016-08-16,191.959852,191.979271,191.863703,191.937496,2712162.000000
2016-08-17,192.942071,192.998378,192.696655,192.955084,3431383.000000
2016-08-18,189.807332,190.014186,189.703681,189.969173,2176586.000000
2016-08-19,186.945664,187.142980,186.698883,187.012169,4905694.000000
2016-08-22,184.230099,184.331705,183.800035,184.233058,3915829.000000
2016-08-23,186.753341,186.961612,186.497671,186.887983,947599.000000
2016-08-24,189.081604,189.282033,189.004034,189.189040,2003162.000000
2016-08-25,190.506303,190.576481,190.189036,190.353621,4775015.000000
2016-08-26,193.445803,193.671171,193.175436,193.398577,3464607.000000
2016-08-29,191.449761,191.479790,191.317367,191.351946,825597.000000
2016-08-30,187.990518,188.070791,187.836129,187.969455,3307079.000000
2016-08-31,186.697360,186.904393,186.586279,186.734036,2187982.000000
2016-09-01,189.130684,189.158729,188.893814,189.147205,1386182.000000
2016-09-02,191.709992,191.870947,191.365670,191.581292,3646326.000000
2016-09-05,193.815372,193.914453,193.639181,193.867490,1956400.000000
2016-09-06,192.203157,192.382094,192.042913,192.236179,2344658.000000
2016-09-07,192.919990,192.978098,192.713069,192.940188,4888818.000000
2016-09-08,197.363866,197.710179,197.125389,197.263054,517178.000000
2016-09-09,197.142182,197.267127,197.115691,197.240053,4887661.000000
2016-09-12,197.819606,197.941578,197.746146,197.880350,690477.000000
2016-09-13,199.533979,199.605178,199.150392,199.472695,4478169.000000
2016-09-14,205.400239,205.465294,205.192493,205.259866,1561982.000000
2016-09-15,196.746685,196.894681,196.423843,196.789355,4671059.000000
2016-09-16,199.011558,199.181438,198.797729,198.931942,4558697.000000
2016-09-19,198.091194,198.196853,197.981808,198.180562,3170793.000000
2016-09-20,195.978444,196.068428,195.835884,195.925852,4398582.000000
2016-09-21,192.480551,192.546875,192.287364,192.419393,4128075.000000
2016-09-22,194.633067,194.726790,194.588630,194.690648,573307.000000
2016-09-23,196.715995,196.805517,196.655520,196.759660,2052152.000000
2016-09-26,195.460385,195.715061,195.298728,195.679298,2164920.000000
2016-09-27,192.392389,192.559215,192.295496,192.320448,2342971.000000
2016-09-28,197.603291,197.823854,197.398268,197.596240,782176.000000
2016-09-29,196.717735,197.131964,196.673932,196.794219,2992078.000000
2016-09-30,197.802135,197.873433,197.638736,197.799249,2220575.000000
2016-10-03,198.235137,198.549862,198.174333,198.482640,4232640.000000
2016-10-04,201.406940,201.526072,201.105312,201.232384,2269287.000000
2016-10-05,201.633973,201.839330,201.457436,201.509982,3958750.000000
2016-10-06,198.860163,199.183298,198.804549,198.959666,1222785.000000
2016-10-07,195.039095,195.438176,194.807224,195.239327,3639664.000000
2016-10-10,195.275979,195.340124,195.240056,195.322267,647030.000000
2016-10-11,194.820266,195.163487,194.563163,194.984597,3842969.000000
2016-10-12,194.035306,194.053523,193.871191,193.967094,572586.000000
2016-10-13,193.777454,193.863458,193.699196,193.824131,2457216.000000
2016-10-14,189.731773,189.830178,189.690615,189.760433,1321360.000000
2016-10-17,188.272283,188.450527,188.209463,188.304459,2017228.000000
2016-10-18,183.580098,183.757884,183.238016,183.640211,972431.000000
2016-10-19,182.721151,182.819283,182.604094,182.738723,3635742.000000
2016-10-20,181.439632,181.453726,181.368109,181.406917,3502226.000000
2016-10-21,184.612636,184.657053,184.387910,184.413237,910059.000000
2016-10-24,184.843659,184.875610,184.759662,184.861936,928298.000000
2016-10-25,180.670582,180.975365,180.594134,180.938969,1259946.000000
2016-10-26,180.429664,180.725369,180.370699,180.518142,2198486.000000
2016-10-27,178.151478,178.247456,178.052192,178.103632,4878179.000000
2016-10-28,175.730802,175.943988,175.603332,175.843791,1242444.000000
2016-10-31,173.977826,174.145357,173.825867,174.067930,1616995.000000
2016-11-01,174.872901,174.968067,174.702749,174.832173,3755936.000000
2016-11-02,175.921910,176.141002,175.803022,176.086660,3417438.000000
2016-11-03,176.735880,176.822327,176.646449,176.779451,3420877.000000
2016-11-04,172.629620,172.636530,172.532025,172.562878,1326698.000000
2016-11-07,170.058227,170.152439,169.999905,170.115221,4473842.000000
2016-11-08,170.607001,170.745879,170.360316,170.406029,2549847.000000
2016-11-09,168.872166,168.959541,168.765372,168.884209,1919421.000000
2016-11-10,171.644453,171.847655,171.522094,171.624199,3051275.000000
2016-11-11,175.237254,175.314643,175.187868,175.268948,3767062.000000
2016-11-14,172.595381,172.751864,172.510741,172.588369,1517142.000000
2016-11-15,172.682803,172.762006,172.526709,172.622866,3569458.000000
2016-11-16,171.553968,171.593546,171.220794,171.457437,4769472.000000
2016-11-17,171.011070,171.293148,170.665616,171.005243,2756866.000000
2016-11-18,169.997196,170.215278,169.948269,170.057853,1805335.000000
2016-11-21,167.126392,167.283122,167.124707,167.194740,2867851.000000
2016-11-22,169.787062,169.865502,169.538970,169.590149,2007584.000000
2016-11-23,168.268087,168.326343,168.223664,168.308766,860520.000000
2016-11-24,169.791281,169.848251,169.439870,169.581253,3067665.000000
2016-11-25,168.964944,169.167281,168.928795,168.987292,4075622.000000
2016-11-28,166.777820,166.934563,166.580991,166.766109,1967261.000000
2016-11-29,169.434833,169.734604,169.195475,169.255884,2084726.000000
2016-11-30,169.312470,169.513117,169.291354,169.391323,4444138.000000
2016-12-01,170.878875,170.915644,170.742079,170.792577,4456986.000000
2016-12-02,170.588823,170.815719,170.495766,170.529402,1145803.000000
2016-12-05,166.024798,166.373779,165.936565,166.076958,4227892.000000
2016-12-06,165.205398,165.395118,165.110869,165.253151,2209518.000000
2016-12-07,161.430881,161.507249,161.377863,161.455343,1788167.000000
2016-12-08,157.363062,157.436234,157.138005,157.432676,1415503.000000
2016-12-09,156.642003,156.666977,156.477642,156.510229,3622425.000000
2016-12-12,160.511508,160.912799,160.467349,160.680779,1784059.000000
2016-12-13,158.632049,158.712577,158.433571,158.571641,4299696.000000
2016-12-14,159.105304,159.175925,159.013103,159.044466,3829604.000000
2016-12-15,152.493315,152.767169,152.428177,152.634331,4920606.000000
2016-12-16,148.499763,148.543019,148.308730,148.430590,4237773.000000
2016-12-19,147.889590,147.941789,147.711797,147.894056,566886.000000
2016-12-20,152.966259,153.007804,152.938632,152.976788,4747143.000000
2016-12-21,153.408205,153.471925,153.336834,153.370512,2536148.000000
2016-12-22,155.617811,155.650776,155.430881,155.455258,1913171.000000
2016-12-23,152.759127,152.891454,152.632890,152.859365,3034957.000000
2016-12-26,151.435718,151.464069,151.110308,151.294401,4381269.000000
2016-12-27,150.776258,150.778169,150.558014,150.654786,2621709.000000
2016-12-28,151.983020,152.144043,151.828130,151.963079,4128669.000000
2016-12-29,153.167434,153.302907,152.978322,153.188570,1979983.000000
2016-12-30,152.187028,152.270955,152.151706,152.197894,799263.000000
2017-01-02,148.050972,148.115385,147.925941,147.979648,2937864.000000
2017-01-03,148.398092,148.495111,148.198722,148.365785,1205217.000000
2017-01-04,150.068275,150.239190,149.989297,150.169000,4704752.000000
2017-01-05,148.005072,148.286264,147.987604,148.030811,1276145.000000
2017-01-06,147.128288,147.241067,146.969879,147.125722,4218649.000000
2017-01-09,145.930948,145.992588,145.789314,145.949890,4894109.000000
2017-01-10,146.529236,146.620359,146.435006,146.552821,1218022.000000
2017-01-11,150.029734,150.221127,149.919258,150.058780,3588314.000000
2017-01-12,153.115313,153.302428,153.015170,153.139764,1180243.000000
2017-01-13,150.733531,150.764158,150.487015,150.628444,4174021.000000
2017-01-16,152.836994,152.943461,152.777212,152.790342,1703008.000000
2017-01-17,150.843697,150.895380,150.684244,150.861572,2535001.000000
2017-01-18,150.188151,150.263768,150.053608,150.258987,2783144.000000
2017-01-19,146.114825,146.275585,146.015791,146.116191,1816849.000000
2017-01-20,146.550390,146.669803,146.453933,146.660866,3768145.000000
2017-01-23,145.339539,145.476992,145.280318,145.352378,1841943.000000
2017-01-24,144.845433,144.852060,144.653291,144.825393,2904008.000000
2017-01-25,140.699698,140.876396,140.621077,140.659512,3984184.000000
2017-01-26,142.647914,142.800660,142.610068,142.660502,1742056.000000
2017-01-27,147.139495,147.440374,147.048654,147.209126,1916349.000000
2017-01-30,144.127450,144.253965,143.976005,144.066645,4308295.000000
2017-01-31,144.732538,144.760161,144.664506,144.699730,4259950.000000
2017-02-01,146.114988,146.189514,146.076478,146.123214,616078.000000
2017-02-02,143.447123,143.558957,143.243854,143.429430,1157310.000000
2017-02-03,143.547864,143.788274,143.362715,143.656340,2856206.000000
2017-02-06,141.952331,142.055035,141.766465,142.012518,1668566.000000
2017-02-07,139.264423,139.368067,139.141060,139.333695,2260586.000000
2017-02-08,138.825317,138.944474,138.794474,138.864649,2542214.000000
2017-02-09,138.770873,138.807049,138.638028,138.680261,4324553.000000
2017-02-10,138.866092,139.097041,138.652688,138.803058,2353880.000000
2017-02-13,140.860083,140.972164,140.842168,140.916552,4832850.000000
2017-02-14,144.131169,144.237908,144.124215,144.230403,4420907.000000
2017-02-15,144.987688,145.097341,144.986514,145.014900,1169274.000000
2017-02-16,144.443773,144.641635,144.378311,144.429840,2824149.000000
2017-02-17,141.681230,141.714557,141.563947,141.693291,4858218.000000
2017-02-20,143.758337,143.795653,143.450379,143.591744,4163971.000000
2017-02-21,140.762478,140.929090,140.456895,140.814995,3963713.000000
2017-02-22,139.223919,139.232327,139.149961,139.220750,603000.000000
2017-02-23,141.495364,141.789632,141.431297,141.610167,745392.000000
2017-02-24,141.563240,141.627376,141.344319,141.620619,1106935.000000
2017-02-27,142.769914,142.798900,142.682004,142.697489,1458815.000000
2017-02-28,141.775484,141.873494,141.740432,141.793625,2956337.000000
2017-03-01,139.067342,139.348299,139.009700,139.098654,4904831.000000
2017-03-02,139.991504,139.993356,139.873183,139.941863,806632.000000
2017-03-03,140.052462,140.205452,139.896800,140.162915,4022168.000000
2017-03-06,138.880422,138.912141,138.806258,138.889915,1144526.000000
2017-03-07,142.709787,142.789184,142.625737,142.669925,4086682.000000
2017-03-08,141.188232,141.279123,141.133999,141.172252,2417052.000000
2017-03-09,136.433381,136.453506,136.239764,136.381518,2785334.000000
2017-03-10,135.794291,136.130519,135.691113,135.850603,934182.000000
2017-03-13,134.586207,134.654112,134.531512,134.612319,3204165.000000
2017-03-14,132.176685,132.341494,132.070330,132.269002,2791190.000000
2017-03-15,133.640557,133.686305,133.566216,133.585716,3118468.000000
2017-03-16,130.504262,130.693743,130.328656,130.393582,1398537.000000
2017-03-17,128.905354,129.043014,128.635460,128.870960,2019267.000000
2017-03-20,128.659426,128.788134,128.530624,128.551084,1439532.000000
2017-03-21,128.273830,128.318604,128.150377,128.202057,1337856.000000
2017-03-22,127.487448,127.580534,127.475874,127.573986,4020030.000000
2017-03-23,131.155379,131.320720,131.065347,131.102896,1795482.000000
2017-03-24,131.021472,131.050849,130.921448,131.034734,3258539.000000
2017-03-27,132.403935,132.519171,132.270251,132.454174,3170751.000000
2017-03-28,132.942352,133.042353,132.820706,132.949469,4613074.000000
2017-03-29,131.884959,131.983223,131.760780,131.911201,2800568.000000
2017-03-30,130.596594,130.813218,130.524838,130.610956,4255614.000000
2017-03-31,128.309806,128.405286,128.093646,128.301879,2158458.000000
2017-04-03,132.296439,132.412997,132.274923,132.320991,4883774.000000
2017-04-04,134.024239,134.114102,133.945187,134.077222,2747071.000000
2017-04-05,133.956229,134.087374,133.941713,134.009948,518131.000000
2017-04-06,135.137446,135.338964,134.858072,135.030729,4270402.000000
2017-04-07,133.952267,134.011528,133.887885,133.949611,3425122.000000
2017-04-10,135.072972,135.193514,134.849420,135.108747,3672433.000000
2017-04-11,136.740450,136.914247,136.588146,136.658102,3120508.000000
2017-04-12,136.670561,136.762026,136.558820,136.684398,1694111.000000
2017-04-13,139.460059,139.523234,139.390765,139.496340,809594.000000
2017-04-14,138.530257,138.756746,138.359586,138.564337,3062464.000000
2017-04-17,142.755578,142.881939,142.635473,142.663422,4666077.000000
2017-04-18,142.103124,142.118000,142.085196,142.095639,2294639.000000
2017-04-19,147.603171,147.785283,147.399521,147.508776,2547204.000000
2017-04-20,148.153827,148.282454,148.141862,148.174142,1276929.000000
2017-04-21,147.421514,147.573831,147.406492,147.443206,1216114.000000
2017-04-24,142.630662,142.813415,142.500980,142.593373,763607.000000
2017-04-25,142.755783,142.969601,142.557108,142.709498,3885017.000000
2017-04-26,142.954992,143.088114,142.798271,142.853407,1295230.000000
2017-04-27,144.050776,144.187602,143.833280,144.151583,4862580.000000
2017-04-28,146.607681,146.616412,146.484109,146.527825,814786.000000
2017-05-01,148.263079,148.349108,148.165866,148.272548,3207681.000000
2017-05-02,146.592500,146.798197,146.341712,146.530204,4175404.000000
2017-05-03,148.644450,148.882915,148.602095,148.748071,1211444.000000
2017-05-04,149.038943,149.203264,148.849394,148.999036,3973437.000000
2017-05-05,153.432975,153.595251,153.142354,153.372646,2324489.000000
2017-05-08,157.315964,157.416405,157.185143,157.224325,2762570.000000
2017-05-09,153.085682,153.173055,152.838647,153.023859,2729938.000000
2017-05-10,155.224409,155.262584,155.142521,155.217651,4568234.000000
2017-05-11,152.302092,152.458621,152.292210,152.322850,3907933.000000
2017-05-12,149.983200,150.051633,149.876060,149.945446,1949188.000000
2017-05-15,153.734254,153.827199,153.532544,153.647490,4075619.000000
2017-05-16,150.933707,150.975006,150.859683,150.915234,4804307.000000
2017-05-17,149.144452,149.285246,149.139855,149.225345,4756525.000000
2017-05-18,154.493472,154.592814,154.347863,154.565997,3229980.000000
2017-05-19,159.426950,159.630418,159.273874,159.406889,880202.000000
2017-05-22,154.534045,154.795710,154.434658,154.566472,4301684.000000
2017-05-23,151.463275,151.848570,151.430054,151.563403,2879316.000000
2017-05-24,151.473464,151.616724,151.283607,151.582427,1064129.000000
2017-05-25,148.114201,148.210475,147.796278,147.867041,3641329.000000
2017-05-26,145.511766,145.589538,145.365074,145.573351,861432.000000
2017-05-29,140.758307,141.045466,140.739970,140.764020,504467.000000
2017-05-30,140.418929,140.571976,140.153491,140.318366,4102530.000000
2017-05-31,143.407130,143.554392,143.239716,143.439975,3119317.000000
2017-06-01,139.665891,139.774616,139.521382,139.644181,2576311.000000
2017-06-02,140.502905,140.635695,140.434855,140.513142,3379822.000000
2017-06-05,142.917693,142.922150,142.810691,142.906503,4552945.000000
2017-06-06,142.176230,142.290862,141.922529,142.198256,3214877.000000
2017-06-07,146.663994,146.891078,146.601007,146.697769,1270107.000000
2017-06-08,142.041981,142.126260,141.929894,142.096723,1180696.000000
2017-06-09,146.167964,146.314392,146.100136,146.263955,3501341.000000
2017-06-12,153.324074,153.415596,153.025771,153.215933,527809.000000
2017-06-13,153.196562,153.517475,152.953406,153.065482,3244041.000000
2017-06-14,150.181463,150.265349,150.139751,150.207833,2031556.000000
2017-06-15,147.676043,147.800617,147.617308,147.703663,1397748.000000
2017-06-16,147.529683,147.656733,147.404338,147.496449,693875.000000
2017-06-19,144.837798,144.914941,144.722117,144.783522,3308815.000000
2017-06-20,147.013583,147.066245,146.736742,146.921095,2842251.000000
2017-06-21,146.289759,146.336640,145.884278,146.129069,3598536.000000
2017-06-22,146.457557,146.661979,146.456179,146.484347,2144932.000000
2017-06-23,143.526524,143.546835,143.374350,143.509510,2336121.000000
2017-06-26,145.784583,146.069383,145.752459,145.918997,4506722.000000
2017-06-27,145.449314,145.484410,145.284811,145.441675,2914006.000000
2017-06-28,144.053420,144.140575,143.828443,144.075090,4765345.000000
2017-06-29,143.632737,143.837355,143.593448,143.680177,4031975.000000
2017-06-30,143.722252,143.818141,143.489597,143.549363,3769593.000000
2017-07-03,143.869455,143.885717,143.664931,143.884404,3160779.000000
2017-07-04,142.923441,143.130939,142.806742,142.973054,2808774.000000
2017-07-05,138.956108,139.100487,138.954477,139.000166,4868118.000000
2017-07-06,140.494645,140.537783,140.382966,140.512124,1204956.000000
2017-07-07,140.457041,140.481599,140.271646,140.391671,4269811.000000
2017-07-10,141.189780,141.246155,141.013536,141.148643,1247123.000000
2017-07-11,137.654111,137.673146,137.479635,137.557173,2290732.000000
2017-07-12,138.622323,138.899465,138.468432,138.740459,3549268.000000
2017-07-13,137.505734,137.625874,137.358507,137.463459,670267.000000
2017-07-14,136.207220,136.308752,136.193009,136.214342,1351057.000000
2017-07-17,137.951735,137.968799,137.895606,137.914662,2038305.000000
2017-07-18,135.520830,135.543480,135.394361,135.474468,4245478.000000
2017-07-19,134.799467,134.910452,134.703639,134.846830,1872871.000000
2017-07-20,135.057808,135.081898,134.852992,135.045553,1345196.000000
2017-07-21,131.684968,131.879963,131.533380,131.741113,1220950.000000
2017-07-24,130.794210,130.936812,130.788290,130.889869,1832096.000000
2017-07-25,131.574584,131.696689,131.521925,131.637163,3355386.000000
2017-07-26,132.355453,132.453508,132.329110,132.412381,740710.000000
2017-07-27,130.153601,130.154965,129.968323,130.072661,4274344.000000
2017-07-28,133.023807,133.026822,132.902771,132.973123,2689549.000000
2017-07-31,134.689260,134.867429,134.674304,134.822325,2265544.000000
2017-08-01,135.669145,135.692502,135.653845,135.690369,1890880.000000
2017-08-02,131.282825,131.332156,131.246858,131.310468,2397632.000000
2017-08-03,131.882479,131.941948,131.756359,131.918079,4853754.000000
2017-08-04,131.947178,132.046856,131.828742,131.963316,4074640.000000
2017-08-07,132.042429,132.122949,132.009614,132.041930,3925786.000000
2017-08-08,133.598778,133.696919,133.533685,133.671530,3669628.000000
2017-08-09,130.090054,130.124756,129.897411,130.031547,4056236.000000
2017-08-10,128.134844,128.281647,127.956943,128.071709,3204078.000000
2017-08-11,128.388093,128.520020,128.376116,128.422691,1813881.000000
2017-08-14,126.276356,126.452700,126.085015,126.197861,2849498.000000
2017-08-15,125.315296,125.377865,125.308477,125.348854,1705552.000000
2017-08-16,126.571393,126.848338,126.526383,126.807031,546173.000000
2017-08-17,127.979138,128.213650,127.788467,127.948861,1596848.000000
2017-08-18,126.869082,126.962756,126.805252,126.916835,4380127.000000
2017-08-21,126.425605,126.580398,126.388557,126.407151,3019662.000000
2017-08-22,124.803417,124.902489,124.629908,124.766819,4836738.000000
2017-08-23,124.078850,124.123942,123.997903,124.008186,3720807.000000
2017-08-24,126.604013,126.688911,126.405281,126.514731,2989515.000000
2017-08-25,127.223696,127.302929,127.168263,127.237887,2052522.000000
2017-08-28,129.708894,129.743554,129.591831,129.669413,2597232.000000
2017-08-29,131.914810,131.928813,131.724089,131.857190,2190236.000000
2017-08-30,131.355862,131.416664,131.207713,131.374074,2085218.000000
2017-08-31,132.129263,132.430611,131.974507,132.221673,4583915.000000
2017-09-01,130.144506,130.184021,130.022501,130.156155,2826911.000000
2017-09-04,126.440836,126.508785,126.380414,126.414880,1124086.000000
2017-09-05,125.789451,125.792393,125.669007,125.686214,3091878.000000
2017-09-06,123.072516,123.136525,123.013869,123.114795,4108881.000000
2017-09-07,125.347207,125.355015,125.090381,125.261619,4602294.000000
2017-09-08,126.637773,126.787074,126.593761,126.690520,1553113.000000
2017-09-11,126.711763,126.852695,126.587064,126.840535,3684853.000000
2017-09-12,124.360365,124.477217,124.135706,124.426763,1452263.000000
2017-09-13,126.354707,126.499211,126.345065,126.411128,1724440.000000
2017-09-14,126.674632,126.728022,126.590917,126.693667,522177.000000
2017-09-15,128.313564,128.345206,128.123805,128.252528,2269038.000000
2017-09-18,131.511103,131.542678,131.314982,131.406050,3524411.000000
2017-09-19,131.677739,131.722561,131.600851,131.622858,4804260.000000
2017-09-20,133.193839,133.340279,133.174951,133.293174,2792131.000000
2017-09-21,134.554430,134.693523,134.528933,134.682473,1925555.000000
2017-09-22,135.173859,135.275183,135.069087,135.214621,4573200.000000
2017-09-25,134.175188,134.288598,134.110895,134.170830,3241365.000000
2017-09-26,132.818157,132.886049,132.742929,132.862389,4435539.000000
2017-09-27,133.843284,133.894075,133.587333,133.888451,1433621.000000
2017-09-28,132.228359,132.303021,132.206234,132.291361,4153411.000000
2017-09-29,131.574598,131.640871,131.564609,131.618103,4611457.000000
2017-10-02,129.911992,130.071908,129.808636,129.887939,3099291.000000
2017-10-03,130.173344,130.182309,130.010841,130.175962,4827801.000000
2017-10-04,131.222385,131.470969,131.151440,131.289076,3920003.000000
2017-10-05,131.996556,132.113645,131.805924,131.882079,2938371.000000
2017-10-06,128.973951,129.036287,128.915133,129.014053,3871805.000000
2017-10-09,126.724582,126.807674,126.713132,126.764435,4989985.000000
2017-10-10,129.275628,129.482699,129.273950,129.296840,714098.000000
2017-10-11,127.479541,127.575678,127.401245,127.542298,2612544.000000
2017-10-12,128.990508,129.304088,128.914803,129.027797,3413558.000000
2017-10-13,132.276122,132.364388,132.172661,132.282920,3501448.000000
2017-10-16,131.910659,132.022523,131.755062,131.812182,1411236.000000
2017-10-17,132.885492,132.919897,132.531651,132.837439,3149953.000000
2017-10-18,131.927671,131.928236,131.727849,131.785882,1137674.000000
2017-10-19,133.151018,133.420293,132.998538,133.328389,527563.000000
2017-10-20,136.124542,136.224383,135.920617,136.076218,982858.000000
2017-10-23,135.507426,135.537327,135.437204,135.529643,2956281.000000
2017-10-24,134.590476,134.606428,134.531914,134.571293,3716282.000000
2017-10-25,131.749876,131.887567,131.560376,131.671867,3026431.000000
2017-10-26,129.563093,129.612238,129.557066,129.599843,904554.000000
2017-10-27,127.123135,127.175583,127.042476,127.051049,1122433.000000
2017-10-30,126.783630,126.790302,126.447761,126.692921,576450.000000
2017-10-31,128.008136,128.116026,127.767595,127.954989,3515464.000000
2017-11-01,125.370868,125.612894,125.357233,125.467884,2120956.000000
2017-11-02,126.479759,126.778427,126.354901,126.559220,1348010.000000
2017-11-03,128.213283,128.298337,128.108133,128.148622,4435175.000000
2017-11-06,130.998807,131.000706,130.904006,130.928197,3882774.000000
2017-11-07,130.367728,130.518850,130.182634,130.308414,3297314.000000
2017-11-08,130.209915,130.438628,130.198219,130.318316,2499749.000000
2017-11-09,134.280987,134.425307,134.271428,134.282210,616161.000000
2017-11-10,134.457576,134.462149,134.402814,134.415867,3385518.000000
2017-11-13,132.771756,133.009886,132.687970,132.790520,3583131.000000
2017-11-14,133.719788,133.817232,133.597874,133.672410,1628383.000000
2017-11-15,133.707269,133.902761,133.631701,133.739515,2940667.000000
2017-11-16,132.111491,132.295994,132.063417,132.263426,3461906.000000
2017-11-17,130.226238,130.529773,130.184709,130.360274,3298010.000000
2017-11-20,130.524383,130.772200,130.419093,130.439530,2949116.000000
2017-11-21,129.132069,129.202580,128.977303,129.050010,2487105.000000
2017-11-22,129.925289,130.066578,129.875404,129.883763,4553551.000000
2017-11-23,127.682920,127.734021,127.363921,127.635205,1218146.000000
2017-11-24,130.794608,131.020881,130.682970,130.926568,3141496.000000
2017-11-27,130.040666,130.098657,129.947176,130.051701,589587.000000
2017-11-28,131.316275,131.482968,131.281745,131.324740,3917558.000000
2017-11-29,134.555190,134.709223,134.504838,134.621737,3580180.000000
2017-11-30,133.229106,133.314296,133.223090,133.234225,2718874.000000
2017-12-01,137.175661,137.221683,137.145669,137.180114,3845092.000000
2017-12-04,137.188428,137.318061,136.912631,137.127702,2162310.000000
2017-12-05,137.794454,137.848238,137.724941,137.774904,2912205.000000
2017-12-06,137.030093,137.201338,136.789006,136.926185,769305.000000
2017-12-07,135.440291,135.463624,135.390865,135.446206,3180579.000000
2017-12-08,133.016978,133.223699,132.950256,133.146059,2286064.000000
2017-12-11,133.094895,133.309549,133.015039,133.206931,1274395.000000
2017-12-12,130.139273,130.161046,129.986319,130.107385,4932591.000000
2017-12-13,129.742977,129.822724,129.564445,129.689100,2958044.000000
2017-12-14,129.099909,129.172536,129.028601,129.044846,3937884.000000
2017-12-15,128.848364,129.042122,128.838973,128.884144,1529473.000000
2017-12-18,127.309130,127.399793,127.206460,127.364513,3873681.000000
2017-12-19,128.446739,128.549555,128.414085,128.507687,2780787.000000
2017-12-20,127.187583,127.220728,127.085948,127.178618,4619081.000000
2017-12-21,124.859796,124.864813,124.728178,124.788876,3321585.000000
2017-12-22,123.311142,123.412886,123.264494,123.409987,3974608.000000
2017-12-25,124.582204,124.595442,124.547475,124.551129,1743748.000000
2017-12-26,123.067701,123.252223,123.025000,123.075311,1827839.000000
2017-12-27,124.758580,124.841850,124.506482,124.683509,1712120.000000
2017-12-28,126.398303,126.640459,126.219430,126.512320,1992318.000000
2017-12-29,125.253374,125.376710,125.049511,125.178437,4743380.000000
2018-01-01,126.042423,126.260477,125.810603,126.004086,1746226.000000
2018-01-02,127.470727,127.517705,127.446164,127.490730,3535644.000000
2018-01-03,126.187171,126.326302,126.034228,126.139672,641981.000000
2018-01-04,128.680094,128.842318,128.593101,128.713359,3308329.000000
2018-01-05,129.103404,129.136992,129.000255,129.089390,4613807.000000
2018-01-08,130.466912,130.551984,130.391563,130.395623,1254048.000000
2018-01-09,130.203063,130.328529,130.181934,130.271013,2665562.000000
2018-01-10,130.435678,130.512480,130.332694,130.363124,4255394.000000
2018-01-11,135.535972,135.592538,135.391170,135.587631,3736009.000000
2018-01-12,137.739110,137.815825,137.638183,137.784207,4292695.000000
2018-01-15,138.345407,138.388141,138.242619,138.378456,868976.000000
2018-01-16,136.097820,136.103460,135.987882,136.085110,1345182.000000
2018-01-17,136.452953,136.679856,136.399500,136.621719,1525652.000000
2018-01-18,135.588570,135.782999,135.536834,135.540360,2364024.000000
2018-01-19,134.783588,134.862543,134.669521,134.750270,4347532.000000
2018-01-22,134.082262,134.149342,133.853732,133.972551,4929337.000000
2018-01-23,133.520322,133.663905,133.206958,133.404907,1635058.000000
2018-01-24,133.420832,133.481104,133.302845,133.317779,4116890.000000
2018-01-25,136.205987,136.298172,136.197501,136.282346,2510204.000000
2018-01-26,136.489945,136.786141,136.460381,136.610216,1972738.000000
2018-01-29,137.675630,137.892469,137.558897,137.775080,4106104.000000
2018-01-30,136.704388,136.924951,136.561691,136.583539,4982141.000000
2018-01-31,135.848124,135.859416,135.672926,135.743079,3876736.000000
2018-02-01,135.103610,135.140814,134.929293,135.088946,2149928.000000
2018-02-02,134.088309,134.214290,133.996966,134.092841,3637994.000000
2018-02-05,139.155234,139.237356,139.096798,139.178022,4119653.000000
2018-02-06,139.504728,139.534071,139.242901,139.478801,4459642.000000
2018-02-07,140.635326,140.671559,140.508834,140.600791,1769399.000000
2018-02-08,143.246487,143.296225,143.153731,143.252347,4438379.000000
2018-02-09,139.653424,139.890850,139.589901,139.788070,3788203.000000
2018-02-12,138.367031,138.455933,138.295018,138.295933,2749227.000000
2018-02-13,137.972552,138.176686,137.949569,138.023401,3611746.000000
2018-02-14,140.928942,141.027359,140.757589,140.886340,1191315.000000
2018-02-15,142.935665,143.040572,142.874800,142.967790,2398975.000000
2018-02-16,143.034036,143.100422,142.900886,142.913153,2599696.000000
2018-02-19,141.193649,141.251303,141.023524,141.121868,3165492.000000
2018-02-20,143.006852,143.223133,142.872801,143.038280,4834437.000000
2018-02-21,146.864192,147.020943,146.591211,146.910579,2882636.000000
2018-02-22,147.263658,147.356967,147.167435,147.278525,3570554.000000
2018-02-23,143.523410,143.640940,143.513971,143.602411,741305.000000
2018-02-26,145.818865,145.918581,145.623584,145.750821,2394605.000000
2018-02-27,139.864599,139.999241,139.815620,139.841865,2762017.000000
2018-02-28,140.114153,140.162596,139.870726,139.923671,4831439.000000
2018-03-01,139.016274,139.135406,138.878973,139.094177,4018963.000000
2018-03-02,140.261564,140.290454,140.115805,140.250374,4281577.000000
2018-03-05,141.760886,141.769433,141.397449,141.568128,2550500.000000
2018-03-06,139.763476,139.844963,139.474516,139.797560,2545384.000000
2018-03-07,139.470311,139.699472,139.431084,139.513421,1060414.000000
2018-03-08,141.193756,141.323371,141.118030,141.278482,3498842.000000
2018-03-09,142.746229,142.838546,142.701241,142.749502,4002130.000000
2018-03-12,144.638090,144.648098,144.506129,144.627095,3807484.000000
2018-03-13,146.482010,146.703359,146.419627,146.458494,2943910.000000
2018-03-14,147.957713,148.057861,147.930464,148.033870,2405581.000000
2018-03-15,149.919470,149.962621,149.904280,149.922414,2616576.000000
2018-03-16,152.051397,152.123896,151.906672,151.953482,4943238.000000
2018-03-19,150.003484,150.093718,149.909420,149.944730,3589778.000000
2018-03-20,144.727969,144.773885,144.625318,144.723031,3123291.000000
2018-03-21,143.845074,143.864077,143.819907,143.847179,4707575.000000
2018-03-22,145.099833,145.146793,144.942904,145.020886,1949633.000000
2018-03-23,143.294204,143.408404,143.195455,143.226988,3731689.000000
2018-03-26,143.670065,143.870161,143.629332,143.660732,3368843.000000
2018-03-27,142.497576,142.511293,142.225615,142.321682,1474349.000000
2018-03-28,143.250965,143.400588,143.223043,143.300588,1171987.000000
2018-03-29,143.756022,143.894766,143.620226,143.655746,1322986.000000
2018-03-30,146.849120,146.972079,146.680597,146.862518,1024102.000000
2018-04-02,142.816753,142.900911,142.727327,142.782197,4988930.000000
2018-04-03,140.166458,140.214238,140.160584,140.182286,4930203.000000
2018-04-04,138.547432,138.606606,138.485368,138.601931,894675.000000
2018-04-05,141.381543,141.524014,141.282163,141.349000,3182665.000000
2018-04-06,144.063591,144.138272,143.976062,144.065969,1340149.000000
2018-04-09,140.788513,141.055990,140.763399,140.920577,642466.000000
2018-04-10,141.855946,141.986153,141.586739,141.874900,1153378.000000
2018-04-11,141.226690,141.251236,141.183005,141.239374,2263738.000000
2018-04-12,144.095552,144.212128,144.007193,144.099127,1904365.000000
2018-04-13,148.806991,148.933836,148.665685,148.753683,1642263.000000
2018-04-16,149.901033,149.945686,149.812708,149.898551,1236676.000000
2018-04-17,144.574672,144.621984,144.434738,144.610428,3293586.000000
2018-04-18,143.026424,143.085757,142.902866,142.945174,565297.000000
2018-04-19,142.196769,142.422760,142.172234,142.221661,623132.000000
2018-04-20,146.794043,146.907420,146.760315,146.791348,1283708.000000
2018-04-23,145.438663,145.604756,145.333563,145.415483,994004.000000
2018-04-24,147.257596,147.409658,147.138032,147.312449,3640781.000000
2018-04-25,149.497462,149.617016,149.407611,149.504275,632809.000000
2018-04-26,148.678778,148.744013,148.499488,148.637004,3565520.000000
2018-04-27,146.847077,146.865341,146.730278,146.837265,3191708.000000
2018-04-30,146.956911,146.981539,146.797852,146.962298,4566448.000000
2018-05-01,146.450157,146.579753,146.392549,146.535028,2237375.000000
2018-05-02,145.222772,145.363020,145.200153,145.336860,2492731.000000
2018-05-03,140.603314,140.609709,140.456897,140.556933,3657121.000000
2018-05-04,140.527025,140.588245,140.460435,140.515220,4566290.000000
2018-05-07,136.465720,136.536266,136.364268,136.418029,4954111.000000
2018-05-08,137.644517,137.792367,137.575843,137.720590,4591904.000000
2018-05-09,141.749493,142.205492,141.690369,141.907680,3165741.000000
2018-05-10,141.281840,141.366601,141.175778,141.347428,2770467.000000
2018-05-11,139.507401,139.713914,139.422938,139.559550,3822785.000000
2018-05-14,136.621705,136.655264,136.500132,136.596877,764914.000000
2018-05-15,138.176723,138.255698,137.942887,137.993361,2491157.000000
2018-05-16,139.205479,139.403485,139.076154,139.329807,685345.000000
2018-05-17,139.793221,140.004141,139.746017,139.998456,1451897.000000
2018-05-18,141.031074,141.136420,140.962607,141.026891,4404752.000000
2018-05-21,144.114924,144.194691,144.015427,144.067452,2375319.000000
2018-05-22,145.735790,145.825561,145.667317,145.762457,2655759.000000
2018-05-23,146.353721,146.635354,146.353665,146.367513,3105569.000000
2018-05-24,147.296492,147.330636,147.267240,147.280606,2005325.000000
2018-05-25,147.075153,147.104246,147.011952,147.024213,4059629.000000
2018-05-28,140.890398,140.972537,140.658538,140.900262,516856.000000
2018-05-29,141.670796,141.957492,141.525170,141.892177,1610177.000000
2018-05-30,140.774085,140.975397,140.683344,140.791246,4967824.000000
2018-05-31,142.103224,142.164107,142.033172,142.050865,2413429.000000
2018-06-01,139.817292,139.882889,139.811017,139.876137,4360418.000000
2018-06-04,143.918130,144.074551,143.791569,143.955691,3971466.000000
2018-06-05,142.167904,142.171460,142.096632,142.124726,2874035.000000
2018-06-06,140.960458,141.019463,140.840257,140.963691,4802184.000000
2018-06-07,140.379359,140.545076,140.265983,140.430306,2912819.000000
2018-06-08,137.054325,137.250715,136.971953,137.102899,1867339.000000
2018-06-11,136.514117,136.555371,136.404273,136.435835,4964980.000000
2018-06-12,131.653753,131.653772,131.529457,131.619089,1164114.000000
2018-06-13,133.110192,133.266258,132.909781,132.965593,2493315.000000
2018-06-14,130.535429,130.653240,130.457187,130.559045,3745894.000000
2018-06-15,131.815431,132.085493,131.796701,131.898987,3785923.000000
2018-06-18,133.742347,133.795211,133.584934,133.750181,2898455.000000
2018-06-19,132.356328,132.373747,132.281663,132.334403,4996096.000000
2018-06-20,131.288830,131.491078,131.209061,131.322128,4236700.000000
2018-06-21,130.157021,130.304729,130.122688,130.240080,4265924.000000
2018-06-22,130.063875,130.194078,129.811194,130.135116,1026829.000000
2018-06-25,128.185396,128.265826,127.940665,128.251069,4427258.000000
2018-06-26,130.674055,130.683132,130.562831,130.642664,1256534.000000
2018-06-27,134.157451,134.163607,133.893990,134.124602,1302830.000000
2018-06-28,134.871655,134.923384,134.772135,134.906552,3125229.000000
2018-06-29,136.960940,137.055925,136.809128,136.858744,4583490.000000
2018-07-02,138.987222,139.084625,138.817038,138.874107,1113957.000000
2018-07-03,142.358438,142.461142,142.278308,142.381502,3735685.000000
2018-07-04,138.163991,138.208390,137.871916,138.152020,3089765.000000
2018-07-05,138.891403,139.151151,138.888454,138.933756,775286.000000
2018-07-06,134.092800,134.377922,133.971914,134.068964,1589078.000000
2018-07-09,134.875609,135.022264,134.754408,134.933234,4187574.000000
2018-07-10,135.215535,135.268481,135.025826,135.152369,4963032.000000
2018-07-11,135.146565,135.204372,135.059557,135.119338,2645357.000000
2018-07-12,137.920379,137.962301,137.750906,137.843454,4656645.000000
2018-07-13,134.645140,134.681630,134.511293,134.586447,3924911.000000
2018-07-16,133.172558,133.273114,133.134485,133.143605,2246013.000000
2018-07-17,131.956223,132.036507,131.806706,131.883388,627538.000000
2018-07-18,130.501501,130.533442,130.469324,130.505324,3945985.000000
2018-07-19,131.710843,131.919586,131.700510,131.779535,3050759.000000
2018-07-20,131.243187,131.412721,131.186140,131.358312,2925401.000000
2018-07-23,131.827268,131.982469,131.737995,131.749916,2090998.000000
2018-07-24,134.544613,134.563967,134.456674,134.528273,1322838.000000
2018-07-25,134.814416,134.940155,134.758770,134.836813,3924666.000000
2018-07-26,134.089450,134.186102,134.034076,134.052133,939600.000000
2018-07-27,134.304188,134.347290,134.148427,134.156397,703728.000000
2018-07-30,132.323961,132.606325,132.237627,132.362837,4172156.000000
2018-07-31,134.013536,134.152532,134.002289,134.125307,3212485.000000
2018-08-01,133.036405,133.209149,133.020901,133.047972,2534236.000000
2018-08-02,134.308599,134.558493,134.248458,134.452848,1121887.000000
2018-08-03,135.254630,135.327919,135.182714,135.290550,1230706.000000
2018-08-06,133.039987,133.100841,132.919095,133.028147,2380020.000000
2018-08-07,134.199854,134.308725,134.165052,134.217761,2973634.000000
2018-08-08,133.152515,133.268909,133.069194,133.173236,2418298.000000
2018-08-09,132.008086,132.190232,131.816571,131.969217,4006423.000000
2018-08-10,134.761140,134.810511,134.667018,134.787272,2935960.000000
2018-08-13,135.372984,135.419567,135.250338,135.378310,1213256.000000
2018-08-14,135.939216,136.149634,135.841690,135.982849,3977322.000000
2018-08-15,132.884437,133.106207,132.763263,132.971429,629842.000000
2018-08-16,130.728263,130.888834,130.623071,130.883642,2651125.000000
2018-08-17,131.283370,131.370431,131.149018,131.299486,1106945.000000
2018-08-20,132.007695,132.060056,131.993411,132.008167,4587445.000000
2018-08-21,131.032813,131.191018,131.005962,131.122608,2653482.000000
2018-08-22,130.415903,130.683128,130.346091,130.582870,608965.000000
2018-08-23,130.606322,130.657858,130.448957,130.538448,1116722.000000
2018-08-24,131.534178,131.774558,131.416842,131.492683,842970.000000
2018-08-27,133.513685,133.625751,133.466762,133.595578,651785.000000
2018-08-28,135.278975,135.337461,135.223012,135.326556,1465059.000000
2018-08-29,136.263813,136.472076,136.225914,136.365661,2868813.000000
2018-08-30,135.585076,135.716012,135.526066,135.631826,3668949.000000
2018-08-31,135.568841,135.594443,135.491240,135.492293,4422806.000000
2018-09-03,136.352063,136.497102,136.242310,136.423246,3996214.000000
2018-09-04,133.435292,133.642774,133.403833,133.436402,1717984.000000
2018-09-05,132.046016,132.098176,131.819276,132.062533,1429837.000000
2018-09-06,130.692060,130.749023,130.594774,130.613189,919972.000000
2018-09-07,126.299067,126.439196,126.278941,126.353025,4925225.000000
2018-09-10,125.387368,125.470827,125.242706,125.339990,4892901.000000
2018-09-11,124.663620,124.916466,124.478149,124.718653,2743927.000000
2018-09-12,124.417757,124.514677,124.397119,124.487456,3958143.000000
2018-09-13,126.208689,126.304856,126.204410,126.227130,1543130.000000
2018-09-14,127.071529,127.281687,126.993639,127.017318,596807.000000
2018-09-17,125.993645,126.184728,125.901594,126.101468,4926116.000000
2018-09-18,125.507115,125.705829,125.481958,125.565718,3072795.000000
2018-09-19,126.888884,126.923039,126.773348,126.897124,1732188.000000
2018-09-20,127.536193,127.619657,127.441806,127.444842,1154824.000000
2018-09-21,126.879719,126.920050,126.818583,126.830671,1228439.000000
2018-09-24,127.772816,127.851876,127.696180,127.757147,2904865.000000
2018-09-25,128.369890,128.377253,128.246209,128.356847,1532158.000000
2018-09-26,128.261927,128.379633,128.205480,128.316787,1762958.000000
2018-09-27,128.179146,128.293395,128.170063,128.208853,4275654.000000
2018-09-28,126.801190,126.840228,126.709485,126.761010,2147963.000000
2018-10-01,124.893307,125.013603,124.759826,124.847086,2660973.000000
2018-10-02,123.715058,123.725896,123.646595,123.694186,1367507.000000
2018-10-03,122.542205,122.613110,122.432894,122.548223,2874413.000000
2018-10-04,126.287047,126.347296,126.172131,126.318815,4573800.000000
2018-10-05,126.404805,126.504046,126.377339,126.412284,2675456.000000
2018-10-08,129.056965,129.074432,129.052531,129.058415,4678617.000000
2018-10-09,131.728084,131.910320,131.652830,131.653379,4946382.000000
2018-10-10,132.810039,132.858363,132.743113,132.830747,613766.000000
2018-10-11,132.345965,132.575621,132.261892,132.455162,913429.000000
2018-10-12,130.277176,130.434527,130.178471,130.282887,2513730.000000
2018-10-15,129.901063,130.058888,129.762043,129.902682,4433735.000000
2018-10-16,126.819705,126.887680,126.507559,126.624696,4234557.000000
2018-10-17,126.331020,126.404949,126.216954,126.400529,4132979.000000
2018-10-18,126.017391,126.199247,126.001614,126.091984,1562606.000000
2018-10-19,127.038853,127.109266,126.848976,126.915193,4880463.000000
2018-10-22,126.111920,126.294850,126.029925,126.203695,4288570.000000
2018-10-23,126.679991,126.769362,126.610902,126.697832,1583491.000000
2018-10-24,123.335105,123.356639,123.144351,123.270511,4060081.000000
2018-10-25,123.197423,123.219711,123.166963,123.195040,1105031.000000
2018-10-26,121.430407,121.486413,121.286821,121.396905,1061005.000000
2018-10-29,119.224114,119.279612,119.147440,119.209763,813291.000000
2018-10-30,115.143961,115.236673,115.040434,115.081519,3006417.000000
2018-10-31,116.767795,116.924695,116.761031,116.807361,2683739.000000
2018-11-01,117.941520,117.969660,117.793836,117.888611,3905789.000000
2018-11-02,118.143798,118.203843,118.005060,118.138395,699078.000000
2018-11-05,119.778950,119.850249,119.522350,119.708798,2215172.000000
2018-11-06,121.732675,121.816762,121.439255,121.641871,1605536.000000
2018-11-07,123.361591,123.400897,123.130387,123.286164,512611.000000
2018-11-08,121.670213,121.812899,121.668847,121.678934,3569134.000000
2018-11-09,120.010774,120.044694,119.959792,119.960304,4117418.000000
2018-11-12,119.137589,119.145897,119.077427,119.087639,3531172.000000
2018-11-13,116.954871,117.007325,116.799237,116.937265,4612505.000000
2018-11-14,114.523774,114.576213,114.413401,114.512814,3216973.000000
2018-11-15,115.077678,115.349809,114.941883,115.035956,4963612.000000
2018-11-16,114.230788,114.312373,114.129671,114.163808,4810993.000000
2018-11-19,114.311578,114.366681,114.217790,114.361399,1698868.000000
2018-11-20,116.316210,116.462252,116.307759,116.355406,3676154.000000
2018-11-21,118.242988,118.284674,118.208201,118.279157,4541844.000000
2018-11-22,116.692310,116.818171,116.629321,116.749344,2252315.000000
2018-11-23,116.584694,116.620995,116.557587,116.585190,4039120.000000
2018-11-26,112.356599,112.425777,112.283450,112.331319,4794665.000000
2018-11-27,113.835789,113.955131,113.808706,113.812171,2604499.000000
2018-11-28,114.143349,114.264584,113.826114,114.018598,1712843.000000
2018-11-29,112.775512,112.778696,112.744341,112.775750,1981823.000000
2018-11-30,110.477385,110.546121,110.347057,110.495792,4686061.000000
2018-12-03,111.950933,111.968682,111.846107,111.921413,3841892.000000
2018-12-04,112.171433,112.389616,112.115589,112.228139,4065514.000000
2018-12-05,112.394195,112.565496,112.207016,112.358324,2920398.000000
2018-12-06,115.661053,115.713934,115.600709,115.684011,4917957.000000
2018-12-07,114.655600,114.816871,114.644609,114.669603,1357579.000000
2018-12-10,113.615367,113.737147,113.569966,113.659873,4726624.000000
2018-12-11,114.616793,114.714306,114.589951,114.682832,4376575.000000
2018-12-12,115.864279,115.947063,115.617680,115.818669,2429021.000000
2018-12-13,115.860540,115.934502,115.799793,115.916645,4930426.000000
2018-12-14,117.375322,117.377410,117.250657,117.349324,4663686.000000
2018-12-17,116.201662,116.343246,116.128923,116.263290,2691801.000000
2018-12-18,117.980829,118.039593,117.829268,117.919549,4029821.000000
2018-12-19,120.595348,120.688863,120.508455,120.513834,2183990.000000
2018-12-20,120.560978,120.775400,120.317437,120.399724,1717344.000000
2018-12-21,118.928770,119.009837,118.867085,118.935934,1272784.000000
2018-12-24,121.366152,121.428935,121.267292,121.297120,3833309.000000
2018-12-25,122.700672,122.825167,122.689079,122.732094,1175683.000000
2018-12-26,124.610355,124.618800,124.582651,124.616987,1258022.000000
2018-12-27,125.616156,125.864522,125.509017,125.585671,695451.000000
2018-12-28,130.444261,130.679799,130.295558,130.520186,2710330.000000
2018-12-31,128.461853,128.534020,128.231646,128.527011,784357.000000
2019-01-01,126.587654,126.691261,126.535977,126.596218,3646706.000000
2019-01-02,127.055491,127.271569,126.991496,126.995739,4270276.000000
2019-01-03,131.484052,131.572626,131.312487,131.347845,888738.000000
2019-01-04,132.424489,132.499393,132.323149,132.373468,3167432.000000
2019-01-07,135.495825,135.528333,135.335497,135.465302,3946742.000000
2019-01-08,136.272301,136.360674,136.108079,136.172021,1154182.000000
2019-01-09,140.251657,140.297840,139.896899,140.090437,3036880.000000
2019-01-10,138.563207,138.712688,138.340371,138.612317,3122775.000000
2019-01-11,137.373595,137.507242,137.268369,137.417776,2231300.000000
2019-01-14,139.090450,139.121322,138.920586,138.990391,3466918.000000
2019-01-15,141.948048,142.102883,141.896832,141.905859,2239573.000000
2019-01-16,144.416826,144.495692,144.396962,144.467930,2700279.000000
2019-01-17,146.511458,146.642119,146.469082,146.602662,4255890.000000
2019-01-18,150.583754,150.728713,150.388669,150.573985,818906.000000
2019-01-21,150.373276,150.401444,150.250098,150.371468,623562.000000
2019-01-22,149.508762,149.528697,149.190997,149.440475,679517.000000
2019-01-23,150.202401,150.412531,150.108249,150.187008,695156.000000
2019-01-24,147.016170,147.136172,146.903956,146.948290,1153502.000000
2019-01-25,148.731252,148.760077,148.518049,148.636097,4315903.000000
2019-01-28,153.217001,153.428251,153.188724,153.267957,2657705.000000
2019-01-29,156.342135,156.418901,155.968801,156.170425,689819.000000
2019-01-30,153.413570,153.520822,153.319997,153.393679,3297140.000000
2019-01-31,151.459405,151.645107,151.237774,151.489427,4260291.000000
2019-02-01,153.932374,153.939831,153.706152,153.827934,2522944.000000
2019-02-04,150.311303,150.396500,150.171580,150.218574,3778613.000000
2019-02-05,150.429390,150.619998,150.371636,150.518303,832807.000000
2019-02-06,149.360569,149.556911,149.314300,149.485811,4607464.000000
2019-02-07,150.724396,150.916259,150.571358,150.838511,4250666.000000
2019-02-08,151.502897,151.507868,151.418787,151.429091,694443.000000
2019-02-11,152.698217,152.777948,152.624144,152.677444,3681826.000000
2019-02-12,151.883501,151.950167,151.719186,151.829606,2794339.000000
2019-02-13,151.976488,152.146542,151.771488,152.003083,1864843.000000
2019-02-14,148.613025,148.755572,148.605036,148.651934,650682.000000
2019-02-15,149.891924,149.982816,149.744944,149.870199,941551.000000
2019-02-18,150.416878,150.611107,150.405572,150.422119,4142007.000000
2019-02-19,154.514674,154.518228,154.398499,154.419578,4772193.000000
2019-02-20,157.107136,157.186027,157.062943,157.184923,3893282.000000
2019-02-21,159.046700,159.101952,158.903907,158.923021,1015051.000000
2019-02-22,160.146158,160.162020,159.944506,160.071495,1264629.000000
2019-02-25,159.788446,159.881561,159.749248,159.800964,4906879.000000
2019-02-26,161.573299,161.679174,161.473211,161.575627,3223696.000000
2019-02-27,158.111401,158.192434,158.050947,158.165988,4626906.000000
2019-02-28,161.449276,161.533401,161.439505,161.483116,2740747.000000
2019-03-01,157.956670,158.032787,157.948024,157.964905,1879688.000000
2019-03-04,154.640462,154.757087,154.539380,154.743823,3386103.000000
2019-03-05,152.041313,152.277983,151.822611,152.227244,1381364.000000
2019-03-06,150.735768,150.876564,150.694238,150.804709,2497926.000000
2019-03-07,150.724061,150.856167,150.630910,150.817858,2290306.000000
2019-03-08,149.901666,150.011079,149.800835,149.866040,3436779.000000
2019-03-11,150.708429,150.793888,150.590767,150.701668,1555939.000000
2019-03-12,147.450803,147.710197,147.322321,147.366642,4011997.000000
2019-03-13,148.691126,148.955371,148.388253,148.706623,1908160.000000
2019-03-14,150.614509,150.707934,150.413328,150.509866,2456044.000000
2019-03-15,146.959993,147.037802,146.890904,146.960942,634131.000000
2019-03-18,146.324766,146.344383,146.213396,146.309074,2589732.000000
2019-03-19,147.939213,148.231741,147.803879,147.867072,3856391.000000
2019-03-20,149.277808,149.455008,148.969321,149.100277,687483.000000
2019-03-21,153.959993,154.102911,153.919373,153.966472,3995854.000000
2019-03-22,156.214522,156.243496,156.167392,156.188367,4298033.000000
2019-03-25,153.826260,153.987567,153.799376,153.875705,4035816.000000
2019-03-26,149.783515,149.794916,149.657074,149.791971,3665183.000000
2019-03-27,153.349328,153.560080,153.299294,153.415513,600457.000000
2019-03-28,153.395778,153.474838,153.265566,153.328944,1952850.000000
2019-03-29,158.110986,158.244471,158.060159,158.124508,770829.000000
2019-04-01,162.209789,162.325371,161.959444,162.151226,775168.000000
2019-04-02,163.285256,163.490440,163.102641,163.408085,4621585.000000
2019-04-03,164.579498,164.663029,164.473133,164.487628,1102267.000000
2019-04-04,161.579141,161.582549,161.399051,161.553813,2946874.000000
2019-04-05,158.698652,159.061742,158.661750,158.877069,2516869.000000
2019-04-08,160.369895,160.599234,160.368973,160.373233,689548.000000
2019-04-09,159.408992,159.493515,159.319712,159.396422,1999735.000000
2019-04-10,157.049434,157.214088,156.838907,156.971226,4273169.000000
2019-04-11,160.709490,160.756988,160.484933,160.544541,4322338.000000
2019-04-12,161.939740,162.091867,161.865687,162.049260,747534.000000
2019-04-15,159.803704,159.932741,159.556436,159.729362,3359170.000000
2019-04-16,159.389954,159.606281,159.282806,159.349186,1429440.000000
2019-04-17,161.800179,161.856875,161.692125,161.780658,2163351.000000
2019-04-18,162.524237,162.607563,162.401842,162.483218,3918830.000000
2019-04-19,161.547506,161.907433,161.328719,161.538421,731336.000000
2019-04-22,160.130877,160.209110,159.904600,160.119506,1283801.000000
2019-04-23,163.874963,164.028831,163.802208,163.847618,3661291.000000
2019-04-24,164.424146,164.585621,164.362165,164.531681,3451681.000000
2019-04-25,165.597521,165.728277,165.407447,165.580950,2385353.000000
2019-04-26,168.748577,168.950813,168.580120,168.664318,2048356.000000
2019-04-29,170.277760,170.306312,169.976565,170.203735,898320.000000
2019-04-30,167.443621,167.705546,167.440536,167.639411,2556431.000000
2019-05-01,167.939651,168.029340,167.919769,167.933028,4364044.000000
2019-05-02,167.205246,167.443968,167.148810,167.282934,634316.000000
2019-05-03,166.064241,166.407412,166.041481,166.132435,4313224.000000
2019-05-06,163.328693,163.500311,163.261684,163.265071,4305005.000000
2019-05-07,159.304139,159.405757,159.277771,159.348467,2227518.000000
2019-05-08,158.511165,158.717248,158.358187,158.416328,1337805.000000
2019-05-09,160.245913,160.449863,160.038580,160.400641,1612936.000000
2019-05-10,161.537907,161.585593,161.362549,161.531391,643016.000000
2019-05-13,164.642030,164.897268,164.593872,164.666850,4092794.000000
2019-05-14,162.258416,162.312985,162.090886,162.165697,3258250.000000
2019-05-15,167.764578,167.857467,167.631433,167.733238,1414879.000000
2019-05-16,167.487833,167.571797,167.231160,167.527363,752429.000000
2019-05-17,167.560634,167.564537,167.440685,167.500392,1009456.000000
2019-05-20,165.699446,165.763804,165.545907,165.660046,4438632.000000
2019-05-21,165.434310,165.534608,165.239683,165.493674,2967523.000000
2019-05-22,160.865914,161.013069,160.825478,160.923095,3148460.000000
2019-05-23,158.210010,158.265032,158.144264,158.148819,3402213.000000
2019-05-24,158.551148,158.714296,158.535576,158.688239,4486175.000000
2019-05-27,162.263914,162.416575,162.191018,162.296800,4401440.000000
2019-05-28,163.110976,163.246521,162.858126,162.897984,2453732.000000
2019-05-29,162.634129,162.746397,162.407688,162.507984,4664943.000000
2019-05-30,163.457602,163.601833,163.316276,163.417039,505481.000000
2019-05-31,162.446838,162.654440,162.248284,162.412644,1503920.000000
2019-06-03,161.736062,161.934178,161.694945,161.862377,514048.000000
2019-06-04,166.230716,166.369987,166.173176,166.199515,2719878.000000
2019-06-05,167.230041,167.352690,167.074591,167.179272,4058329.000000
2019-06-06,167.367792,167.501570,167.006830,167.223496,2751416.000000
2019-06-07,168.981620,169.156666,168.946045,169.002359,904902.000000
2019-06-10,168.486853,168.639490,168.307835,168.418686,3442021.000000
2019-06-11,168.497258,168.601114,168.374567,168.431197,3798165.000000
2019-06-12,167.480944,167.561236,167.435458,167.487893,4516218.000000
2019-06-13,170.628336,170.783010,170.427868,170.651757,4843550.000000
2019-06-14,167.921553,168.188327,167.867487,167.963383,1893772.000000
2019-06-17,165.731501,165.899412,165.420834,165.775145,682252.000000
2019-06-18,169.165430,169.327061,169.103648,169.261004,3948561.000000
2019-06-19,168.060515,168.097710,167.788849,167.944753,4951753.000000
2019-06-20,168.127087,168.280394,167.951269,168.131457,4857779.000000
2019-06-21,169.243552,169.391657,169.039297,169.168263,3851345.000000
2019-06-24,170.204218,170.354656,169.977790,170.247599,4691549.000000
2019-06-25,165.784950,165.803804,165.758274,165.773830,3976852.000000
2019-06-26,168.659529,168.906168,168.611894,168.678554,1586226.000000
2019-06-27,170.139624,170.525544,170.086756,170.219044,4520442.000000
2019-06-28,171.403417,171.543258,171.318729,171.514537,1497954.000000
2019-07-01,174.142596,174.257392,173.954089,173.966190,4106518.000000
2019-07-02,175.354634,175.509016,175.159091,175.341953,4023766.000000
2019-07-03,173.877268,173.962992,173.580882,173.801645,1610914.000000
2019-07-04,173.275730,173.483419,173.110683,173.415419,822312.000000
2019-07-05,175.508206,175.727653,175.289503,175.654931,1325707.000000
2019-07-08,176.151631,176.327681,176.147064,176.241417,1182498.000000
2019-07-09,178.840912,178.866529,178.606226,178.666195,4146415.000000
2019-07-10,177.849926,178.047791,177.837861,177.897870,3453457.000000
2019-07-11,175.278298,175.319058,175.094688,175.282128,2693424.000000
2019-07-12,174.817815,174.981992,174.645834,174.777384,3797184.000000
2019-07-15,175.138366,175.356775,175.028090,175.203246,3674175.000000
2019-07-16,173.651246,173.749217,173.352426,173.587553,3357864.000000
2019-07-17,177.530784,177.609248,177.466265,177.547064,2572800.000000
2019-07-18,176.509406,176.533619,176.408103,176.533065,818661.000000
2019-07-19,182.711430,182.899731,182.373263,182.433934,2477608.000000
2019-07-22,182.925131,183.163005,182.849289,182.940350,3233791.000000
2019-07-23,181.600063,181.768746,181.456087,181.563144,3976321.000000
2019-07-24,185.950129,186.211410,185.889008,186.046828,2944976.000000
2019-07-25,185.707329,185.802412,185.504700,185.671638,942042.000000
2019-07-26,186.668943,186.905140,186.656101,186.676535,4601875.000000
2019-07-29,184.480517,184.700368,184.437389,184.468940,2123496.000000
2019-07-30,182.273388,182.278755,182.174693,182.220521,4871274.000000
2019-07-31,180.460551,180.477556,180.160377,180.331266,2450932.000000
2019-08-01,177.548563,177.840209,177.536135,177.587682,3646227.000000
2019-08-02,173.648877,173.782774,173.458453,173.655862,3049523.000000
2019-08-05,169.453425,169.570440,169.282961,169.490354,2632178.000000
2019-08-06,167.184037,167.469565,167.151602,167.247651,1692957.000000
2019-08-07,167.314661,167.538459,167.187134,167.313076,2060661.000000
2019-08-08,167.298579,167.377395,167.226322,167.354785,3339081.000000
2019-08-09,168.093304,168.308452,168.001202,168.062515,3911260.000000
2019-08-12,168.106522,168.298960,168.020189,168.157744,2723271.000000
2019-08-13,170.378259,170.488966,170.256979,170.317455,1644155.000000
2019-08-14,171.547550,171.706162,171.193210,171.616252,2356826.000000
2019-08-15,167.842016,167.880232,167.714241,167.792925,4519698.000000
2019-08-16,171.245806,171.458097,171.195778,171.365849,931599.000000
2019-08-19,167.190520,167.467128,166.998951,167.182927,4001633.000000
2019-08-20,166.892173,167.049929,166.887570,166.966935,1943810.000000
2019-08-21,171.367924,171.436774,171.264409,171.324391,1251227.000000
2019-08-22,172.109782,172.252949,172.048701,172.090049,1155656.000000
2019-08-23,171.698109,172.081464,171.643475,171.756125,4896782.000000
2019-08-26,174.550128,174.644522,174.330961,174.503171,4308927.000000
2019-08-27,178.627265,178.839969,178.461869,178.575661,1582494.000000
2019-08-28,175.611606,175.926667,175.475088,175.711366,4057177.000000
2019-08-29,172.683795,172.814061,172.642451,172.664135,2310149.000000
2019-08-30,175.418047,175.418941,175.390966,175.416655,1068422.000000
2019-09-02,177.261958,177.529362,177.237339,177.281837,3141264.000000
2019-09-03,177.173670,177.181541,176.738624,177.167033,3302252.000000
2019-09-04,181.355142,181.589861,181.244096,181.453058,3888561.000000
2019-09-05,183.672900,183.699990,183.553967,183.574131,1843477.000000
2019-09-06,182.524058,182.627499,182.342724,182.528471,2196903.000000
2019-09-09,183.844518,184.333014,183.615797,183.933026,1926193.000000
2019-09-10,183.064466,183.189206,182.964173,183.138812,4165014.000000
2019-09-11,182.325550,182.376718,182.277146,182.362317,3296893.000000
2019-09-12,178.727721,179.048417,178.687997,178.725049,2849511.000000
2019-09-13,180.392735,180.417912,180.348737,180.377446,1757396.000000
2019-09-16,184.950009,185.229197,184.881182,185.050045,4118384.000000
2019-09-17,187.875446,187.902552,187.683104,187.893246,4496104.000000
2019-09-18,181.977774,182.152939,181.944403,182.082744,2036938.000000
2019-09-19,183.071026,183.140171,182.894955,183.034436,1621688.000000
2019-09-20,179.293709,179.465477,179.216077,179.226017,4804595.000000
2019-09-23,178.877731,178.918750,178.799084,178.835701,650940.000000
2019-09-24,183.797016,183.978599,183.575399,183.804791,1075701.000000
2019-09-25,184.263512,184.350842,184.134802,184.234995,1026887.000000
2019-09-26,187.942937,188.077339,187.726283,187.822182,3289791.000000
2019-09-27,186.337611,186.358032,186.209845,186.311122,561717.000000
2019-09-30,191.308077,191.437350,191.191362,191.280595,4590533.000000
2019-10-01,191.582166,191.757266,191.520386,191.572210,3200710.000000
2019-10-02,195.691419,195.768429,195.600461,195.659091,4512618.000000
2019-10-03,195.493161,195.694468,195.347306,195.643199,4531507.000000
2019-10-04,196.920714,196.996105,196.711916,196.886262,3109024.000000
2019-10-07,193.231030,193.347269,193.088569,193.169206,3254933.000000
2019-10-08,194.107645,194.186988,193.898509,194.185953,1276991.000000
2019-10-09,197.686121,197.809606,197.399599,197.572120,1124794.000000
2019-10-10,197.455691,197.459840,197.295979,197.344970,4293546.000000
2019-10-11,192.657662,192.806902,192.584200,192.742371,2737886.000000
2019-10-14,193.238015,193.249660,193.147467,193.221638,2578931.000000
2019-10-15,194.947648,195.072568,194.786158,195.028366,4727286.000000
2019-10-16,195.390409,195.415501,195.111773,195.326671,2375904.000000
2019-10-17,194.590898,194.862837,194.499353,194.761206,4123423.000000
2019-10-18,196.675800,196.991449,196.600823,196.636294,1062647.000000
2019-10-21,200.784884,200.910590,200.773915,200.837963,2639638.000000
2019-10-22,198.965880,199.082602,198.630194,198.855228,1170016.000000
2019-10-23,197.975498,197.991521,197.326780,197.781220,4530906.000000
2019-10-24,199.080095,199.239629,198.872099,198.975431,1936388.000000
2019-10-25,199.067847,199.284689,198.766662,198.974488,1842986.000000
2019-10-28,198.346952,198.485550,198.342388,198.424401,1054386.000000
2019-10-29,197.910739,198.161327,197.873999,197.992281,2542473.000000
2019-10-30,197.968575,198.085986,197.821650,197.909562,3888514.000000
2019-10-31,199.035483,199.113291,198.939105,199.017688,659189.000000
2019-11-01,197.820106,198.161197,197.776898,197.905215,3795648.000000
2019-11-04,197.454115,197.549269,197.277329,197.286320,2588676.000000
2019-11-05,201.375579,201.549207,201.072895,201.539245,1210067.000000
2019-11-06,207.671864,207.866659,207.525090,207.597516,4664725.000000
2019-11-07,206.144386,206.273956,205.959212,206.251383,2163486.000000
2019-11-08,204.349048,204.622080,204.269621,204.547608,2732733.000000
2019-11-11,203.869585,204.003634,203.642052,203.876415,2844298.000000
2019-11-12,205.064599,205.095705,204.840575,204.901282,4334356.000000
2019-11-13,207.067610,207.256340,206.989726,207.088047,4062381.000000
2019-11-14,207.269613,207.484574,207.049929,207.353421,3351666.000000
2019-11-15,204.763924,204.964413,204.442946,204.684204,4598222.000000
2019-11-18,205.656803,205.688204,205.178741,205.483375,1967175.000000
2019-11-19,206.015662,206.094189,205.538060,205.764595,1479487.000000
2019-11-20,212.055865,212.332814,212.054345,212.271498,3606366.000000
2019-11-21,215.261633,215.280183,215.168920,215.174140,571430.000000
2019-11-22,212.476964,212.818538,212.340122,212.566973,4183487.000000
2019-11-25,211.709382,211.743928,211.349752,211.613114,2941906.000000
2019-11-26,218.212100,218.476773,218.207300,218.413062,4984074.000000
2019-11-27,216.217503,216.352566,216.122337,216.158416,2641003.000000
2019-11-28,223.446144,223.502543,223.371624,223.423927,2190371.000000
2019-11-29,221.260238,221.346406,221.192792,221.298129,4682926.000000
2019-12-02,218.680356,218.807755,218.679332,218.681378,749409.000000
2019-12-03,218.215114,218.466182,217.736345,218.109623,1615080.000000
2019-12-04,213.832922,213.966513,213.584934,213.671785,3802202.000000
2019-12-05,209.702385,210.029304,209.414486,209.471872,983866.000000
2019-12-06,214.291118,214.447908,214.129977,214.272389,2431791.000000
2019-12-09,216.792435,217.155072,216.521264,217.002181,2961966.000000
2019-12-10,219.941766,220.239962,219.890419,220.044056,892977.000000
2019-12-11,215.548713,215.724101,215.458385,215.631765,4174622.000000
2019-12-12,212.467573,212.623424,212.241857,212.435044,2772125.000000
2019-12-13,214.359789,214.589904,214.303373,214.387561,3054864.000000
2019-12-16,207.133031,207.364190,207.064222,207.242298,1809914.000000
2019-12-17,207.288946,207.440973,206.998870,207.242591,4529128.000000
2019-12-18,208.914009,209.174069,208.641497,209.027741,3816226.000000
2019-12-19,213.081044,213.282671,212.986795,213.061212,4277530.000000
