date,open,high,low,close,volume,realised_vol
2010-01-01,100.801716,100.816030,100.570271,100.743168,1122766.000000,
2010-01-04,99.852810,100.003243,99.770749,99.857017,2761229.000000,
2010-01-05,100.767092,100.866162,100.558471,100.693725,3448838.000000,
2010-01-06,100.692081,100.726599,100.628783,100.632972,2172311.000000,
2010-01-07,99.321873,99.335649,99.168922,99.259678,2436609.000000,
2010-01-08,100.543987,100.731845,100.346425,100.591339,2183598.000000,
2010-01-11,99.766274,99.834258,99.758527,99.769731,3537404.000000,
2010-01-12,100.613067,100.668592,100.481758,100.643552,3656764.000000,
2010-01-13,100.526786,100.564257,100.352789,100.510849,2319992.000000,
2010-01-14,100.311139,100.371207,100.277443,100.325249,2094595.000000,
2010-01-15,99.277287,99.311401,99.187395,99.269837,852295.000000,
2010-01-18,98.800398,98.839066,98.751505,98.835532,4198333.000000,
2010-01-19,98.050453,98.148457,98.011068,98.038638,4627055.000000,
2010-01-20,99.056038,99.061474,98.832732,98.995598,1360616.000000,
2010-01-21,98.953520,99.103499,98.891770,98.999076,4533507.000000,
2010-01-22,100.065286,100.250398,99.903042,99.991413,521302.000000,
2010-01-25,98.087690,98.123817,98.059333,98.115946,2822350.000000,
2010-01-26,99.939383,100.118220,99.774194,99.802879,849621.000000,
2010-01-27,97.503639,97.575881,97.431231,97.461130,1653196.000000,
2010-01-28,97.418784,97.449810,97.406618,97.429990,2208919.000000,
2010-01-29,99.262723,99.369695,99.225509,99.286084,3835259.000000,
2010-02-01,101.083123,101.191635,101.038911,101.154317,1934427.000000,
2010-02-02,100.711781,100.804108,100.605310,100.737158,2054798.000000,
2010-02-03,101.322685,101.378049,101.200444,101.306213,1840482.000000,
2010-02-04,100.818330,100.830424,100.688051,100.714395,3626724.000000,
2010-02-05,100.638160,100.691521,100.560672,100.636551,1696148.000000,
2010-02-08,101.081550,101.126897,100.930738,100.995745,944924.000000,
2010-02-09,101.058823,101.171238,100.939241,101.158659,3885882.000000,
2010-02-10,99.814256,99.908758,99.674263,99.881457,4699468.000000,
2010-02-11,97.468006,97.595352,97.348033,97.479355,1938202.000000,
2010-02-12,98.158071,98.211158,98.087859,98.140611,4531693.000000,
2010-02-15,97.435301,97.471821,97.431833,97.461605,733153.000000,
2010-02-16,97.821458,97.933117,97.676007,97.816179,2380562.000000,
2010-02-17,95.792289,95.874330,95.789488,95.805715,3427783.000000,
2010-02-18,95.245036,95.339131,95.221654,95.283614,640862.000000,
2010-02-19,95.058227,95.137655,95.008678,95.067247,1263710.000000,
2010-02-22,94.960536,95.128078,94.941460,94.984899,3754103.000000,
2010-02-23,95.089847,95.163704,94.974554,95.055225,867719.000000,
2010-02-24,95.972575,96.042362,95.872135,95.958154,3889111.000000,
2010-02-25,98.488110,98.492690,98.382858,98.481681,743576.000000,
2010-02-26,99.164989,99.235329,99.090280,99.102415,1681674.000000,
2010-03-01,99.281125,99.292689,99.183213,99.187574,3058984.000000,
2010-03-02,99.214333,99.390185,99.163395,99.269993,3358469.000000,
2010-03-03,98.573732,98.596141,98.483251,98.578063,2223642.000000,
2010-03-04,99.862810,99.918978,99.857869,99.915664,754611.000000,
2010-03-05,98.668198,98.752926,98.551210,98.620359,4403673.000000,
2010-03-08,98.268670,98.297026,98.253551,98.276344,953453.000000,
2010-03-09,98.524583,98.575633,98.490845,98.519647,3675900.000000,
2010-03-10,98.452996,98.555997,98.363064,98.510983,2632261.000000,
2010-03-11,98.679184,98.690414,98.574199,98.665451,2968495.000000,
2010-03-12,100.437854,100.671545,100.435026,100.465160,3250760.000000,
2010-03-15,101.499898,101.599271,101.301716,101.541319,4800683.000000,
2010-03-16,104.192857,104.213608,104.092190,104.146903,2768724.000000,
2010-03-17,104.524149,104.572391,104.476491,104.543464,3407339.000000,
2010-03-18,105.026780,105.138846,104.866117,104.917041,3912475.000000,
2010-03-19,103.517819,103.553676,103.397858,103.432050,4974059.000000,
2010-03-22,102.827208,102.905176,102.737408,102.757354,4896980.000000,
2010-03-23,102.656456,102.706006,102.643215,102.644892,916871.000000,
2010-03-24,101.703266,101.865600,101.464110,101.706961,3997727.000000,
2010-03-25,100.701351,100.823228,100.595228,100.653929,1993504.000000,
2010-03-26,100.811846,100.870471,100.703777,100.788116,1457748.000000,
2010-03-29,99.886467,99.927300,99.866617,99.900849,4267480.000000,
2010-03-30,101.702587,101.706002,101.565644,101.680695,526200.000000,
2010-03-31,102.208951,102.277643,102.030777,102.252447,4355010.000000,
2010-04-01,101.223286,101.407356,101.095360,101.306431,916777.000000,
2010-04-02,102.998309,103.246218,102.904108,103.082108,3975297.000000,
2010-04-05,104.102904,104.178392,103.987518,104.001911,4939590.000000,
2010-04-06,103.055507,103.100236,103.012874,103.049067,1032586.000000,
2010-04-07,102.432865,102.451405,102.389104,102.444068,1985222.000000,
2010-04-08,104.316788,104.407830,104.182689,104.300382,2381451.000000,
2010-04-09,105.290351,105.401435,105.281390,105.368585,2424941.000000,
2010-04-12,105.076276,105.084996,104.898683,105.052677,1887180.000000,
2010-04-13,104.141201,104.157350,104.034082,104.122723,1593336.000000,
2010-04-14,103.608264,103.637386,103.504959,103.590279,793934.000000,
2010-04-15,104.171305,104.280785,104.075051,104.179647,4321110.000000,
2010-04-16,106.373294,106.434440,106.319841,106.393497,1570044.000000,
2010-04-19,107.694229,107.813472,107.445819,107.744091,2979800.000000,
2010-04-20,109.485352,109.523832,109.355344,109.473142,3065661.000000,
2010-04-21,108.523128,108.744001,108.494276,108.512660,2078054.000000,
2010-04-22,106.874945,106.978941,106.857539,106.960053,2146818.000000,
2010-04-23,108.632014,108.743762,108.499493,108.681342,2171906.000000,
2010-04-26,109.892742,110.011140,109.869027,109.931681,792721.000000,
2010-04-27,112.160153,112.223167,111.981220,112.075566,1605104.000000,
2010-04-28,108.407761,108.565910,108.298207,108.369776,2636811.000000,
2010-04-29,110.063027,110.130504,109.923066,110.046774,3459675.000000,
2010-04-30,106.110067,106.123581,106.069578,106.116032,2154937.000000,
2010-05-03,104.398408,104.467948,104.291796,104.427863,3134186.000000,
2010-05-04,108.800887,108.903028,108.714939,108.765807,2175231.000000,
2010-05-05,110.144502,110.320654,110.074185,110.185343,4609952.000000,
2010-05-06,110.621182,110.688249,110.470009,110.605065,2803546.000000,
2010-05-07,108.710226,108.892555,108.636595,108.760363,532076.000000,
2010-05-10,107.202629,107.223452,107.130786,107.197210,3432086.000000,
2010-05-11,106.744045,106.939386,106.658168,106.758552,4621605.000000,
2010-05-12,104.835883,104.915223,104.787106,104.897457,1374077.000000,
2010-05-13,106.489277,106.540767,106.451354,106.459837,3836867.000000,
2010-05-14,108.664241,108.709785,108.539129,108.686421,1838535.000000,
2010-05-17,106.461666,106.479036,106.371559,106.441856,3364877.000000,
2010-05-18,106.198942,106.254673,106.186449,106.194051,1337219.000000,
2010-05-19,105.808547,105.957784,105.757606,105.794209,4897170.000000,
2010-05-20,105.987087,106.171589,105.965134,106.103908,1490706.000000,
2010-05-21,109.307190,109.388824,109.223635,109.237655,3995752.000000,
2010-05-24,108.198338,108.259940,108.105082,108.199971,3417345.000000,
2010-05-25,107.899600,107.985152,107.760865,107.819253,2420240.000000,
2010-05-26,106.517720,106.697823,106.468895,106.526909,4592214.000000,
2010-05-27,106.670868,106.766825,106.660110,106.663080,1675185.000000,
2010-05-28,105.983778,106.196090,105.941123,106.107162,1862196.000000,
2010-05-31,104.858877,104.964240,104.705984,104.923743,1618642.000000,
2010-06-01,104.190833,104.205488,104.006155,104.160605,3669159.000000,
2010-06-02,102.066651,102.108862,101.950862,102.055713,4419414.000000,
2010-06-03,103.021312,103.053146,102.980698,103.037683,4612364.000000,
2010-06-04,103.127043,103.305676,103.081010,103.106695,2088828.000000,
2010-06-07,103.088071,103.193337,103.023014,103.070851,3340362.000000,
2010-06-08,101.793733,101.898567,101.764189,101.826190,3857331.000000,
2010-06-09,100.843002,100.868330,100.817444,100.844595,2926756.000000,
2010-06-10,101.256726,101.330287,101.220834,101.314396,1619212.000000,
2010-06-11,100.955370,101.030067,100.865781,100.901304,2734092.000000,
2010-06-14,100.779097,100.866829,100.685015,100.766221,4145083.000000,
2010-06-15,101.256235,101.321176,101.251267,101.264679,1674937.000000,
2010-06-16,103.239308,103.270378,103.127635,103.178858,3485989.000000,
2010-06-17,103.964523,103.981560,103.740595,103.881706,3468866.000000,
2010-06-18,104.589066,104.731398,104.503246,104.526362,860878.000000,
2010-06-21,104.074048,104.107566,103.980948,104.044041,3927214.000000,
2010-06-22,103.003406,103.099481,102.903386,103.059072,4015106.000000,
2010-06-23,103.028918,103.099801,103.017367,103.075257,4866928.000000,
2010-06-24,102.650841,102.777046,102.624342,102.661184,2698200.000000,
2010-06-25,102.576944,102.598745,102.499089,102.592973,2348651.000000,
2010-06-28,102.586168,102.701349,102.524653,102.635686,2183297.000000,
2010-06-29,103.869315,103.904108,103.775600,103.818231,2144665.000000,
2010-06-30,105.487540,105.589399,105.467671,105.479730,4208896.000000,
2010-07-01,105.683620,105.802184,105.682879,105.797155,4561642.000000,
2010-07-02,105.658380,105.713304,105.586481,105.668846,849355.000000,
2010-07-05,105.751783,105.775941,105.631767,105.760230,1239886.000000,
2010-07-06,105.673544,105.765561,105.655375,105.699477,2875253.000000,
2010-07-07,106.012384,106.083751,105.971716,106.036124,3278645.000000,
2010-07-08,107.762508,107.807308,107.633883,107.756585,4733000.000000,
2010-07-09,107.976297,108.012846,107.974898,107.985221,2892228.000000,
2010-07-12,108.448386,108.673311,108.377358,108.573658,4297874.000000,
2010-07-13,105.404168,105.477689,105.331792,105.468233,4778962.000000,
2010-07-14,104.716349,104.739595,104.541158,104.717121,3009497.000000,
2010-07-15,104.706772,104.795014,104.614568,104.665858,1798844.000000,
2010-07-16,102.399693,102.638827,102.377469,102.393943,776425.000000,
2010-07-19,103.228994,103.266016,103.133748,103.247010,901769.000000,
2010-07-20,103.136703,103.174967,103.130621,103.171246,546216.000000,
2010-07-21,103.814507,103.864330,103.622162,103.768357,2721283.000000,
2010-07-22,103.708876,103.718840,103.682837,103.705325,3209471.000000,
2010-07-23,103.995996,104.081894,103.937177,104.032893,2842985.000000,
2010-07-26,103.806152,103.962302,103.775668,103.849490,4510614.000000,
2010-07-27,104.270910,104.348850,104.226883,104.294148,3771059.000000,
2010-07-28,103.860708,103.981721,103.827888,103.853205,746369.000000,
2010-07-29,102.312085,102.419085,102.281484,102.344500,752241.000000,
2010-07-30,102.181999,102.273947,102.090529,102.120670,3108948.000000,
2010-08-02,101.624147,101.768879,101.566859,101.587547,3455626.000000,
2010-08-03,100.526639,100.563507,100.268717,100.501459,3084045.000000,
2010-08-04,99.983008,100.026883,99.927511,100.016635,2382218.000000,
2010-08-05,100.032907,100.042656,99.943154,100.023374,4329793.000000,
2010-08-06,99.334220,99.377373,99.276275,99.350760,3773650.000000,
2010-08-09,99.147395,99.190797,99.096184,99.129098,3632744.000000,
2010-08-10,100.319025,100.403769,100.227976,100.357560,991287.000000,
2010-08-11,102.021542,102.188959,101.977209,102.160095,3249373.000000,
2010-08-12,102.345871,102.516662,102.205643,102.344359,3491894.000000,
2010-08-13,103.235048,103.345842,103.139797,103.173092,1597341.000000,
2010-08-16,105.753589,105.897046,105.698189,105.851277,2566837.000000,
2010-08-17,104.053416,104.132016,104.009196,104.023818,4280905.000000,
2010-08-18,102.050911,102.195227,101.969872,101.982506,4986374.000000,
2010-08-19,103.954600,104.048997,103.818546,103.918250,4165188.000000,
2010-08-20,104.056776,104.147535,104.006042,104.079791,4127129.000000,
2010-08-23,105.640911,105.700532,105.434746,105.580447,1234234.000000,
2010-08-24,103.304830,103.396832,103.224180,103.348856,1622680.000000,
2010-08-25,102.292038,102.305153,102.116794,102.240366,3629901.000000,
2010-08-26,105.159601,105.270494,105.040374,105.156301,2000489.000000,
2010-08-27,101.677866,101.776341,101.626159,101.744835,1821105.000000,
2010-08-30,101.128531,101.171392,100.979798,101.107782,1084468.000000,
2010-08-31,102.318737,102.456610,102.266925,102.378369,3977146.000000,
2010-09-01,102.065356,102.149642,101.913528,101.986435,1260859.000000,
2010-09-02,106.002683,106.097489,105.939114,106.026398,4338036.000000,
2010-09-03,106.199530,106.295095,106.085916,106.220936,797746.000000,
2010-09-06,103.750140,103.899999,103.701090,103.763122,4648573.000000,
2010-09-07,102.932008,103.070845,102.914294,102.936853,3012241.000000,
2010-09-08,105.611294,105.652511,105.516035,105.543175,3742121.000000,
2010-09-09,102.697535,102.772404,102.570511,102.607940,4964581.000000,
2010-09-10,102.721697,102.867849,102.640647,102.735662,2659871.000000,
2010-09-13,103.140598,103.246519,102.991503,103.178822,4206141.000000,
2010-09-14,104.197413,104.204953,104.054547,104.072800,4331050.000000,
2010-09-15,105.719811,105.751398,105.621990,105.667413,905608.000000,
2010-09-16,107.337368,107.510862,107.282279,107.401644,1702395.000000,
2010-09-17,103.872495,103.880856,103.843319,103.847681,3215285.000000,
2010-09-20,103.432178,103.481201,103.395678,103.439881,4854173.000000,
2010-09-21,105.818445,106.025521,105.752235,105.933068,3999995.000000,
2010-09-22,106.732607,106.788660,106.478498,106.655513,3972737.000000,
2010-09-23,107.080458,107.266441,107.075003,107.137036,4716364.000000,
2010-09-24,107.240030,107.328063,107.229938,107.305469,694935.000000,
2010-09-27,107.751028,107.955888,107.748414,107.824226,1067636.000000,
2010-09-28,105.591081,105.731939,105.521666,105.625776,3560291.000000,
2010-09-29,103.086948,103.129742,103.074651,103.080381,3860343.000000,
2010-09-30,102.575379,102.646450,102.551472,102.588917,1374271.000000,
2010-10-01,102.031782,102.079798,101.943276,101.998815,1136439.000000,
2010-10-04,101.219531,101.246755,101.193460,101.205794,1529150.000000,
2010-10-05,102.699814,102.708565,102.622750,102.643979,1627977.000000,
2010-10-06,106.438282,106.596630,106.398082,106.518169,2341288.000000,
2010-10-07,106.335724,106.380259,106.266041,106.319236,1414026.000000,
2010-10-08,105.997988,106.052115,105.986735,106.043056,4935982.000000,
2010-10-11,107.664859,107.780175,107.647573,107.774297,2863605.000000,
2010-10-12,107.876162,108.023413,107.865660,107.897684,4471301.000000,
2010-10-13,107.734592,107.901078,107.713434,107.767733,1042060.000000,
2010-10-14,108.427241,108.549005,108.385546,108.391507,4719771.000000,
2010-10-15,108.783205,108.860303,108.780707,108.812209,4009294.000000,
2010-10-18,108.146779,108.178698,107.991639,108.167272,2141061.000000,
2010-10-19,105.443697,105.466918,105.331322,105.375407,2582296.000000,
2010-10-20,104.557289,104.705490,104.469882,104.538393,1529714.000000,
2010-10-21,105.626410,105.729108,105.500228,105.652351,3031492.000000,
2010-10-22,104.585109,104.685344,104.545321,104.568744,1405298.000000,
2010-10-25,108.728661,108.818517,108.705701,108.707256,1871219.000000,
2010-10-26,108.218679,108.244932,108.198568,108.213463,4010741.000000,
2010-10-27,108.323391,108.424323,108.270850,108.362154,4744620.000000,
2010-10-28,104.425050,104.493535,104.331317,104.485043,2572324.000000,
2010-10-29,103.225785,103.286555,103.149116,103.168358,4399547.000000,
2010-11-01,101.900236,101.916335,101.854856,101.906580,4487430.000000,
2010-11-02,102.813748,102.883960,102.770096,102.828948,1961383.000000,
2010-11-03,103.285382,103.459071,103.216814,103.380794,2104302.000000,
2010-11-04,102.833983,102.840373,102.744776,102.801007,841306.000000,
2010-11-05,103.956651,104.084349,103.956083,104.059262,2380670.000000,
2010-11-08,102.192727,102.202512,102.061073,102.174838,1111355.000000,
2010-11-09,106.402385,106.498252,106.346542,106.396898,2494142.000000,
2010-11-10,112.301349,112.491614,112.098350,112.359155,2566970.000000,
2010-11-11,108.037576,108.104659,107.982330,107.990241,4084617.000000,
2010-11-12,108.801366,108.817871,108.697529,108.745922,4318935.000000,
2010-11-15,107.049107,107.172230,106.976899,107.038188,4847862.000000,
2010-11-16,104.913623,104.974489,104.883339,104.961335,4450541.000000,
2010-11-17,99.906729,99.932885,99.843308,99.932149,693659.000000,
2010-11-18,101.981457,102.011934,101.977905,101.995186,3618368.000000,
2010-11-19,100.575422,100.669674,100.556583,100.625773,3057346.000000,
2010-11-22,97.559690,97.653384,97.477168,97.482357,502085.000000,
2010-11-23,93.732016,93.849862,93.635090,93.696441,4916629.000000,
2010-11-24,94.257889,94.310565,94.173266,94.191532,1437556.000000,
2010-11-25,91.017447,91.134703,90.977573,91.133798,3534568.000000,
2010-11-26,93.189879,93.270337,93.189221,93.220546,1444313.000000,
2010-11-29,94.018342,94.307834,93.914711,93.918810,4265224.000000,
2010-11-30,93.488060,93.520726,93.446142,93.453689,3835113.000000,
2010-12-01,93.261612,93.424197,93.194576,93.308094,2946119.000000,
2010-12-02,93.066976,93.126000,93.016530,93.095918,1499080.000000,
2010-12-03,93.917555,94.014823,93.875647,93.956044,4988752.000000,
2010-12-06,92.969748,93.000421,92.905071,92.993877,3761890.000000,
2010-12-07,93.279689,93.397723,93.186291,93.265260,3994390.000000,
2010-12-08,93.268981,93.343439,93.121985,93.254158,1417748.000000,
2010-12-09,91.442366,91.502204,91.368004,91.476120,2262070.000000,
2010-12-10,91.337822,91.451151,91.214626,91.297001,1612679.000000,
2010-12-13,94.636618,94.675106,94.608742,94.632564,2542060.000000,
2010-12-14,91.432565,91.471299,91.320915,91.451619,3872572.000000,
2010-12-15,92.162239,92.180692,92.051199,92.127919,2305232.000000,
2010-12-16,95.111442,95.164580,95.109457,95.139895,3157278.000000,
2010-12-17,97.121940,97.146922,97.053865,97.142185,993723.000000,
2010-12-20,98.878265,98.980545,98.766127,98.938222,2923828.000000,
2010-12-21,97.726407,97.769490,97.646449,97.755646,3476399.000000,
2010-12-22,95.818429,95.839946,95.800024,95.835274,3639319.000000,
2010-12-23,95.725092,95.792843,95.717386,95.777437,1879693.000000,
2010-12-24,97.120862,97.160192,97.021178,97.038092,2608263.000000,
2010-12-27,97.011990,97.064740,96.995690,96.998764,1909555.000000,
2010-12-28,96.490710,96.590072,96.443366,96.531438,4720070.000000,
2010-12-29,93.283094,93.336318,93.260662,93.290915,974225.000000,
2010-12-30,91.426237,91.436491,91.310207,91.429391,4306371.000000,
2010-12-31,90.186614,90.199684,90.110199,90.195915,4195113.000000,
2011-01-03,90.106693,90.150016,90.040403,90.142972,1503275.000000,
2011-01-04,89.056627,89.127797,88.911290,88.957205,3954421.000000,
2011-01-05,88.321503,88.409944,88.299446,88.377393,1758098.000000,
2011-01-06,92.789867,92.908876,92.770619,92.852891,3920090.000000,
2011-01-07,94.432688,94.500337,94.344676,94.379519,4719116.000000,
2011-01-10,93.337304,93.405042,93.251764,93.350547,2094697.000000,
2011-01-11,94.552645,94.556694,94.455467,94.532954,2584141.000000,
2011-01-12,95.304775,95.334120,95.190727,95.236509,3130089.000000,
2011-01-13,92.725187,92.837808,92.648906,92.747212,4148061.000000,
2011-01-14,93.967874,93.972034,93.907328,93.950184,2097386.000000,
2011-01-17,95.185724,95.279138,95.021266,95.132293,4445194.000000,
2011-01-18,95.817844,95.931024,95.732201,95.857151,1617315.000000,
2011-01-19,94.914577,95.074499,94.809799,94.955695,2222970.000000,
2011-01-20,95.857651,95.868620,95.755775,95.844662,4199750.000000,
2011-01-21,96.104387,96.194927,96.005211,96.041808,3003666.000000,
2011-01-24,98.140583,98.201154,98.039526,98.092945,1694308.000000,
2011-01-25,98.163740,98.234561,98.145530,98.220077,1378189.000000,
2011-01-26,97.784693,97.818922,97.708621,97.760934,1928741.000000,
2011-01-27,97.220267,97.308718,97.194534,97.255486,4387183.000000,
2011-01-28,98.003819,98.013565,97.987367,97.991832,4129103.000000,
2011-01-31,97.202363,97.224947,97.187943,97.198831,1865498.000000,
2011-02-01,94.599158,94.669397,94.571551,94.625259,570574.000000,
2011-02-02,94.396078,94.402532,94.194963,94.356452,4205314.000000,
2011-02-03,94.551479,94.784114,94.496260,94.612057,4531528.000000,
2011-02-04,94.409438,94.548651,94.343095,94.401705,3904588.000000,
2011-02-07,94.845702,94.892220,94.811064,94.879914,1808901.000000,
2011-02-08,94.123490,94.184408,94.064667,94.173587,2195624.000000,
2011-02-09,95.117224,95.144964,95.084928,95.127971,4920882.000000,
2011-02-10,96.003572,96.011779,95.950641,95.978642,989804.000000,
2011-02-11,97.243433,97.323158,97.207583,97.269970,2120043.000000,
2011-02-14,96.465491,96.500482,96.285807,96.426727,1693275.000000,
2011-02-15,95.595987,95.706118,95.487655,95.599655,4017017.000000,
2011-02-16,97.052289,97.099998,96.855159,97.041816,1059476.000000,
2011-02-17,97.132706,97.172022,97.001146,97.068425,542492.000000,
2011-02-18,97.171671,97.179432,97.042964,97.076228,1158230.000000,
2011-02-21,97.019687,97.154422,96.968305,97.018391,4461011.000000,
2011-02-22,95.833956,95.845580,95.819343,95.844135,4291666.000000,
2011-02-23,95.854744,96.042263,95.780562,96.014291,786338.000000,
2011-02-24,95.924302,96.134535,95.811255,95.968184,4581439.000000,
2011-02-25,95.919694,95.983960,95.824549,95.866391,1579214.000000,
2011-02-28,97.230232,97.235606,97.109412,97.159351,2770327.000000,
2011-03-01,97.777929,97.883797,97.637220,97.757192,3471388.000000,
2011-03-02,97.820809,97.867316,97.731793,97.810692,2433619.000000,
2011-03-03,98.040794,98.147498,97.941805,98.018873,1974535.000000,
2011-03-04,98.472410,98.630465,98.436604,98.551246,1260019.000000,
2011-03-07,99.635333,99.726318,99.513855,99.663855,1478840.000000,
2011-03-08,100.524154,100.532764,100.442785,100.505964,1990880.000000,
2011-03-09,101.443026,101.545446,101.392842,101.400570,2268103.000000,
2011-03-10,100.389188,100.421143,100.250115,100.395558,4113753.000000,
2011-03-11,99.661714,99.696145,99.647968,99.683412,775916.000000,
2011-03-14,100.461504,100.515778,100.390089,100.423033,2466670.000000,
2011-03-15,100.965078,101.035878,100.777328,100.999602,1295321.000000,
2011-03-16,100.833489,100.979170,100.673117,100.832232,3598379.000000,
2011-03-17,100.385148,100.412393,100.288670,100.319792,1441882.000000,
2011-03-18,100.843451,100.885036,100.717896,100.789720,3967874.000000,
2011-03-21,100.929595,100.955789,100.804804,100.926533,2255790.000000,
2011-03-22,99.907857,99.954713,99.821021,99.914319,4759955.000000,
2011-03-23,98.943970,98.975972,98.816483,98.897571,643551.000000,
2011-03-24,98.569091,98.619576,98.509199,98.575724,4837121.000000,
2011-03-25,98.257112,98.437378,98.155037,98.309628,852942.000000,
2011-03-28,97.778472,97.827102,97.741205,97.760856,3483806.000000,
2011-03-29,98.416412,98.465607,98.408223,98.432924,3179485.000000,
2011-03-30,99.323575,99.575939,99.287939,99.406916,2523548.000000,
2011-03-31,99.223756,99.430864,99.121585,99.294021,513285.000000,
2011-04-01,99.260786,99.284843,99.177379,99.178618,3001402.000000,
2011-04-04,101.356641,101.391799,101.311487,101.376342,3522435.000000,
2011-04-05,101.072820,101.174424,100.986168,101.115066,2796073.000000,
2011-04-06,102.424597,102.526992,102.294529,102.480569,1486987.000000,
2011-04-07,102.725476,102.848358,102.720645,102.768381,3859800.000000,
2011-04-08,103.318451,103.475882,103.276229,103.435343,3515475.000000,
2011-04-11,104.636746,104.665358,104.575542,104.605128,1528594.000000,
2011-04-12,102.700555,102.921343,102.693913,102.781872,907082.000000,
2011-04-13,100.301232,100.454421,100.198039,100.348706,4829955.000000,
2011-04-14,100.964854,101.018354,100.945983,100.982465,879406.000000,
2011-04-15,99.748715,99.766873,99.688007,99.716315,3319804.000000,
2011-04-18,99.268186,99.313038,99.171552,99.186704,4426288.000000,
2011-04-19,98.533518,98.562703,98.519053,98.554805,2187001.000000,
2011-04-20,103.531555,103.637156,103.356399,103.620107,772242.000000,
2011-04-21,105.157272,105.246282,105.038131,105.145849,2222791.000000,
2011-04-22,107.124640,107.187876,107.064578,107.156934,2150426.000000,
2011-04-25,110.296979,110.402699,110.205811,110.380200,2524937.000000,
2011-04-26,110.534085,110.683354,110.494962,110.544726,4625484.000000,
2011-04-27,109.912868,110.031600,109.698538,109.848699,4738785.000000,
2011-04-28,113.105944,113.120114,112.966864,113.055232,4646975.000000,
2011-04-29,113.529499,113.533722,113.344545,113.431485,2405236.000000,
2011-05-02,113.033052,113.053853,112.997990,113.039690,4187694.000000,
2011-05-03,112.049315,112.142115,112.040645,112.084569,4694772.000000,
2011-05-04,116.322527,116.363034,116.239104,116.355107,4755898.000000,
2011-05-05,117.395803,117.511238,117.236515,117.415607,3022357.000000,
2011-05-06,119.817812,119.835873,119.788620,119.825463,2192484.000000,
2011-05-09,121.443807,121.562256,121.440573,121.505737,4690053.000000,
2011-05-10,121.338073,121.413583,121.160195,121.265792,3445872.000000,
2011-05-11,120.582594,120.663288,120.572898,120.599497,592900.000000,
2011-05-12,117.291842,117.408280,117.148151,117.262254,928387.000000,
2011-05-13,116.960532,117.127360,116.952626,117.106629,3590923.000000,
2011-05-16,129.554433,129.674519,129.516666,129.518534,1421180.000000,
2011-05-17,130.442926,130.571432,130.384499,130.539838,1919851.000000,
2011-05-18,131.874306,132.027820,131.770899,131.841568,904553.000000,
2011-05-19,122.669409,122.803038,122.594915,122.701481,2184181.000000,
2011-05-20,123.197586,123.230771,123.182078,123.202294,3074988.000000,
2011-05-23,118.664848,118.735856,118.502753,118.605267,4134077.000000,
2011-05-24,117.684066,117.791848,117.615144,117.678534,2951644.000000,
2011-05-25,122.086437,122.124453,122.001222,122.031340,2725071.000000,
2011-05-26,123.018487,123.146706,122.973639,123.097946,4541613.000000,
2011-05-27,116.691019,116.708440,116.558878,116.647981,2419175.000000,
2011-05-30,125.231080,125.390810,125.230434,125.235909,4726079.000000,
2011-05-31,129.445541,129.451900,129.323651,129.418167,4837749.000000,
2011-06-01,125.991406,126.039930,125.971579,126.005884,3273779.000000,
2011-06-02,128.508895,128.509835,128.362372,128.449561,2275555.000000,
2011-06-03,129.028896,129.073250,128.995361,129.061508,1471463.000000,
2011-06-06,126.309546,126.338544,126.280022,126.302031,4152158.000000,
2011-06-07,127.536104,127.738102,127.474079,127.524202,796418.000000,
2011-06-08,129.333808,129.409372,129.253660,129.328282,4564105.000000,
2011-06-09,129.497174,129.693629,129.382017,129.459631,632136.000000,
2011-06-10,124.811092,124.885430,124.651945,124.826599,2812102.000000,
2011-06-13,127.314595,127.491917,127.243701,127.424711,1552837.000000,
2011-06-14,128.770528,128.853306,128.738411,128.761937,4432475.000000,
2011-06-15,130.815328,130.959649,130.627800,130.748960,3981138.000000,
2011-06-16,135.329266,135.358514,135.025776,135.239368,691104.000000,
2011-06-17,135.901624,135.927753,135.827104,135.872208,1963274.000000,
2011-06-20,139.991285,140.183366,139.892244,139.996083,1929389.000000,
2011-06-21,142.148641,142.322447,141.971962,142.075277,1250778.000000,
2011-06-22,141.400253,141.496040,141.367449,141.482720,1966026.000000,
2011-06-23,142.892092,143.009705,142.792033,142.886933,4770950.000000,
2011-06-24,144.075483,144.204796,144.064510,144.157430,881428.000000,
2011-06-27,144.931297,144.935705,144.799999,144.901943,698760.000000,
2011-06-28,147.446125,147.596667,147.222878,147.562568,4228353.000000,
2011-06-29,145.152472,145.258521,144.967760,145.231200,1706827.000000,
2011-06-30,147.491053,147.735742,147.435037,147.572482,2492257.000000,
2011-07-01,147.518248,147.636605,147.365209,147.459540,1058127.000000,
2011-07-04,145.340974,145.506341,145.216151,145.233233,1819180.000000,
2011-07-05,146.326651,146.538044,146.265140,146.303180,2531188.000000,
2011-07-06,144.563567,144.748041,144.541779,144.618670,4706743.000000,
2011-07-07,147.466919,147.558460,147.406026,147.465476,3837116.000000,
2011-07-08,150.078832,150.083623,150.014579,150.081526,3862310.000000,
2011-07-11,148.655695,148.810376,148.629841,148.783512,4602831.000000,
2011-07-12,146.998202,147.107461,146.906817,147.046198,1417700.000000,
2011-07-13,147.480659,147.607240,147.446005,147.519296,2654540.000000,
2011-07-14,150.045533,150.138944,149.771322,149.999062,3714748.000000,
2011-07-15,149.816063,149.883009,149.768858,149.865865,1040896.000000,
2011-07-18,150.149472,150.342592,150.071575,150.226587,1379983.000000,
2011-07-19,151.428771,151.591073,151.393358,151.486725,813185.000000,
2011-07-20,152.989637,153.047844,152.854456,153.020752,599794.000000,
2011-07-21,154.175279,154.332596,154.127897,154.157640,4001945.000000,
2011-07-22,156.065761,156.091467,155.894691,156.090350,2178965.000000,
2011-07-25,155.984936,156.136871,155.843099,156.082455,2537613.000000,
2011-07-26,155.569247,155.589156,155.464356,155.494183,4257136.000000,
2011-07-27,151.935930,151.984787,151.899827,151.960301,3810770.000000,
2011-07-28,152.618677,152.632693,152.443708,152.532111,3006456.000000,
2011-07-29,153.529339,153.878912,153.452603,153.684025,1474515.000000,
2011-08-01,152.740695,152.887802,152.704968,152.857926,3721890.000000,
2011-08-02,154.514405,154.651309,154.439438,154.444088,3729619.000000,
2011-08-03,156.110485,156.144389,155.801367,156.102312,4265718.000000,
2011-08-04,158.323769,158.334200,158.012993,158.043187,4946382.000000,
2011-08-05,160.110459,160.198054,160.049077,160.061851,3197281.000000,
2011-08-08,156.766977,156.926268,156.689734,156.822361,3986713.000000,
2011-08-09,157.342658,157.350950,157.145503,157.257175,4511567.000000,
2011-08-10,159.585871,159.693547,159.455220,159.579780,2299315.000000,
2011-08-11,160.381390,160.510590,160.282614,160.387361,2391515.000000,
2011-08-12,157.963799,158.056242,157.918841,158.043095,916539.000000,
2011-08-15,159.103896,159.220191,158.931982,159.154709,1256186.000000,
2011-08-16,161.055389,161.152475,160.876945,161.111116,3983375.000000,
2011-08-17,161.937072,162.035777,161.771580,161.993939,2410460.000000,
2011-08-18,163.997199,164.380996,163.824321,164.159724,3194510.000000,
2011-08-19,162.040489,162.059696,161.814455,161.876859,4615632.000000,
2011-08-22,161.415607,161.536463,161.332482,161.412403,3200997.000000,
2011-08-23,155.812172,155.893139,155.652721,155.718279,1360338.000000,
2011-08-24,157.253906,157.321437,157.068149,157.278657,2622027.000000,
2011-08-25,146.794914,146.887840,146.710838,146.783761,2741920.000000,
2011-08-26,145.752675,145.951734,145.694203,145.752650,3147325.000000,
2011-08-29,140.307643,140.385257,140.020251,140.242246,683761.000000,
2011-08-30,139.766537,139.879345,139.616178,139.709119,1569978.000000,
2011-08-31,138.755772,138.991660,138.738769,138.797830,2965161.000000,
2011-09-01,136.515016,136.657151,136.455476,136.488495,588053.000000,
2011-09-02,139.268102,139.407104,139.211704,139.336900,2040717.000000,
2011-09-05,138.236346,138.383636,138.047426,138.177138,2966307.000000,
2011-09-06,139.411800,139.484974,139.377427,139.390285,3609167.000000,
2011-09-07,136.540373,136.575613,136.383607,136.459419,2230177.000000,
2011-09-08,139.528460,139.568594,139.395518,139.457416,1196322.000000,
2011-09-09,138.588338,138.635353,138.499679,138.540147,925687.000000,
2011-09-12,138.811882,138.859165,138.795645,138.852636,3394965.000000,
2011-09-13,143.338501,143.365018,143.321554,143.351989,2631657.000000,
2011-09-14,146.570533,146.654835,146.429221,146.547071,1337866.000000,
2011-09-15,146.553704,146.568866,146.329612,146.497521,3463274.000000,
2011-09-16,147.869504,147.891872,147.699149,147.876236,3156610.000000,
2011-09-19,148.007804,148.016613,147.809580,147.822623,2091034.000000,
2011-09-20,146.324375,146.441237,146.200388,146.336119,2876558.000000,
2011-09-21,145.288067,145.426705,145.280781,145.348757,4858581.000000,
2011-09-22,143.287359,143.351665,143.078055,143.264527,1210453.000000,
2011-09-23,141.341161,141.598574,141.290268,141.519099,1044113.000000,
2011-09-26,140.057735,140.064053,140.005639,140.046340,4552615.000000,
2011-09-27,140.625195,140.720997,140.478360,140.577630,3769944.000000,
2011-09-28,137.716876,137.772301,137.618422,137.623076,3477761.000000,
2011-09-29,137.587681,137.637333,137.515975,137.616548,944472.000000,
2011-09-30,136.077292,136.245892,135.998356,136.103447,724986.000000,
2011-10-03,136.252267,136.388459,136.182233,136.273784,1239957.000000,
2011-10-04,139.818570,139.954094,139.561969,139.788405,1382123.000000,
2011-10-05,141.810389,141.917885,141.791077,141.880484,2966869.000000,
2011-10-06,142.443374,142.655009,142.283546,142.455837,2481291.000000,
2011-10-07,144.038150,144.167867,143.992585,144.068814,4815271.000000,
2011-10-10,143.884574,143.987833,143.731769,143.815197,679578.000000,
2011-10-11,142.959035,143.013926,142.657712,142.903595,1482489.000000,
2011-10-12,143.622705,143.762687,143.516217,143.719570,4040316.000000,
2011-10-13,144.351801,144.415897,144.330904,144.395028,3802661.000000,
2011-10-14,143.535059,143.550656,143.276681,143.439204,1995838.000000,
2011-10-17,146.411442,146.548613,146.316917,146.371722,4625189.000000,
2011-10-18,147.380919,147.633084,147.258050,147.367145,4043338.000000,
2011-10-19,149.168691,149.335707,149.076423,149.183972,2994892.000000,
2011-10-20,147.722949,147.781101,147.610738,147.780594,1183450.000000,
2011-10-21,145.825565,145.886386,145.646649,145.880174,4346170.000000,
2011-10-24,148.833175,148.933292,148.723906,148.839953,3242249.000000,
2011-10-25,144.091457,144.106334,143.859522,144.074359,4199153.000000,
2011-10-26,145.658958,145.665902,145.506485,145.634414,3912372.000000,
2011-10-27,147.046397,147.126825,146.890915,147.116048,4110036.000000,
2011-10-28,148.460986,148.548520,148.443540,148.491415,4927139.000000,
2011-10-31,149.259756,149.575398,149.162419,149.175511,1557314.000000,
2011-11-01,150.621233,150.769571,150.514496,150.516910,3569169.000000,
2011-11-02,151.802589,151.948911,151.728159,151.799103,967783.000000,
2011-11-03,151.406121,151.507416,151.237605,151.262320,1351672.000000,
2011-11-04,153.067200,153.086339,152.907496,153.007231,2043488.000000,
2011-11-07,154.342714,154.409803,154.246514,154.356724,3349711.000000,
2011-11-08,155.291262,155.325335,155.115851,155.301050,1355838.000000,
2011-11-09,153.472503,153.554692,153.255349,153.543401,2830329.000000,
2011-11-10,153.280560,153.734589,153.248099,153.411784,3570303.000000,
2011-11-11,154.274644,154.382561,154.240772,154.265924,4277666.000000,
2011-11-14,154.006203,154.211635,153.858217,154.006564,2878919.000000,
2011-11-15,153.785040,153.953172,153.759049,153.796797,1273979.000000,
2011-11-16,153.240541,153.329900,153.177063,153.195351,3964868.000000,
2011-11-17,151.471597,151.720906,151.331275,151.653732,4366333.000000,
2011-11-18,151.407638,151.761369,151.182176,151.346691,4569058.000000,
2011-11-21,151.338722,151.525323,151.298845,151.416946,2125005.000000,
2011-11-22,151.791923,151.794515,151.659060,151.786183,3809367.000000,
2011-11-23,152.751202,152.808663,152.659656,152.797838,1710631.000000,
2011-11-24,153.390826,153.543275,153.214903,153.378423,3591094.000000,
2011-11-25,157.963224,157.976840,157.886810,157.957142,2735272.000000,
2011-11-28,156.730604,156.777000,156.634085,156.682496,2570418.000000,
2011-11-29,157.723492,157.792392,157.618017,157.763534,4031762.000000,
2011-11-30,157.409434,157.483927,157.285226,157.386971,1533591.000000,
2011-12-01,157.019185,157.096072,156.911948,156.952977,1539598.000000,
2011-12-02,154.986215,155.074062,154.821978,154.875067,4175888.000000,
2011-12-05,157.535601,157.655829,157.434627,157.579727,4579703.000000,
2011-12-06,158.912450,158.918404,158.784244,158.870648,2483048.000000,
2011-12-07,159.136325,159.369937,159.126371,159.297288,3332174.000000,
2011-12-08,158.715768,158.794344,158.612152,158.782329,1768089.000000,
2011-12-09,158.928383,158.940939,158.826758,158.845225,1256026.000000,
2011-12-12,159.471549,159.514323,159.196845,159.381264,3158433.000000,
2011-12-13,160.754217,160.990328,160.706401,160.923261,2287099.000000,
2011-12-14,160.522933,160.566748,160.375051,160.527345,938553.000000,
2011-12-15,161.109770,161.137399,160.904905,160.978785,2825641.000000,
2011-12-16,159.298511,159.487095,159.276094,159.354740,2068607.000000,
2011-12-19,161.097991,161.227818,161.025543,161.062874,4181602.000000,
2011-12-20,160.834218,161.063350,160.696930,160.979674,602774.000000,
2011-12-21,160.645179,160.705508,160.443702,160.675745,2137255.000000,
2011-12-22,160.562395,160.887149,160.489520,160.585158,776585.000000,
2011-12-23,160.627905,160.679031,160.500380,160.515933,1896887.000000,
2011-12-26,162.679540,162.713027,162.499895,162.588550,1457381.000000,
2011-12-27,162.340683,162.524275,162.173386,162.273196,3244728.000000,
2011-12-28,161.980587,162.181380,161.838389,162.153742,3516184.000000,
2011-12-29,164.316809,164.353816,164.156146,164.195634,4830071.000000,
2011-12-30,161.396903,161.479256,161.189179,161.405436,4811199.000000,
2012-01-02,163.916242,164.113959,163.894775,163.974616,3589463.000000,
2012-01-03,162.704358,162.721891,162.692983,162.695992,3169890.000000,
2012-01-04,161.839828,161.987514,161.702521,161.707330,1620949.000000,
2012-01-05,162.390457,162.617349,162.328519,162.477102,3618317.000000,
2012-01-06,160.819619,160.932441,160.774232,160.845747,917391.000000,
2012-01-09,161.391828,161.600162,161.304002,161.420680,3480937.000000,
2012-01-10,160.536902,160.656914,160.264426,160.451986,506845.000000,
2012-01-11,160.599699,160.699019,160.364861,160.568073,1722637.000000,
2012-01-12,161.169095,161.186599,161.034364,161.147664,3300413.000000,
2012-01-13,164.967197,165.502802,164.751824,165.017966,4558371.000000,
2012-01-16,164.595684,164.597683,164.383561,164.515126,2529980.000000,
2012-01-17,164.292242,164.367578,164.020232,164.122857,1378732.000000,
2012-01-18,160.291027,160.397546,159.878421,160.210516,722390.000000,
2012-01-19,155.818691,155.956500,155.742873,155.887205,3985845.000000,
2012-01-20,151.843221,152.065093,151.791098,151.963102,3307244.000000,
2012-01-23,152.552470,152.645328,152.271888,152.447335,2538386.000000,
2012-01-24,150.416652,150.450738,150.306230,150.431194,1412716.000000,
2012-01-25,147.445599,147.618764,147.223072,147.408867,3832087.000000,
2012-01-26,146.789179,146.869827,146.618532,146.756617,1813031.000000,
2012-01-27,149.191690,149.509191,149.035498,149.184826,3603236.000000,
2012-01-30,148.094618,148.256462,148.039842,148.050866,4226112.000000,
2012-01-31,147.248404,147.496937,147.214882,147.325677,2133382.000000,
2012-02-01,145.585985,145.672955,145.333556,145.618899,1467745.000000,
2012-02-02,142.686412,142.701393,142.302583,142.633302,1484143.000000,
2012-02-03,143.504141,143.534635,143.452719,143.462267,3436618.000000,
2012-02-06,143.273357,143.403827,143.216936,143.309318,3892846.000000,
2012-02-07,141.638992,141.786683,141.539532,141.737011,596312.000000,
2012-02-08,137.654806,137.781080,137.517845,137.662370,3859626.000000,
2012-02-09,136.559397,136.693116,136.553400,136.654473,2565058.000000,
2012-02-10,133.091121,133.216275,133.075719,133.114519,1600283.000000,
2012-02-13,133.386614,133.469866,133.104913,133.312590,4335388.000000,
2012-02-14,133.285565,133.370033,133.268080,133.282405,738202.000000,
2012-02-15,134.593686,134.799774,134.440489,134.670802,1761398.000000,
2012-02-16,132.016298,132.098570,131.940852,132.084452,1311836.000000,
2012-02-17,131.598222,131.902775,131.586517,131.608823,1319212.000000,
2012-02-20,135.023110,135.056717,134.877767,134.966245,2403803.000000,
2012-02-21,132.563157,132.778445,132.516905,132.654700,3998669.000000,
2012-02-22,132.717559,132.773494,132.532601,132.656133,2752265.000000,
2012-02-23,129.624623,129.633419,129.333528,129.589651,1360908.000000,
2012-02-24,127.733704,127.826465,127.512690,127.613694,1230645.000000,
2012-02-27,129.729648,129.951708,129.679890,129.795662,3549699.000000,
2012-02-28,129.916014,130.052960,129.891806,129.897317,4219041.000000,
2012-02-29,127.537322,127.634684,127.367794,127.405359,2642803.000000,
2012-03-01,127.723126,127.942566,127.557705,127.606065,1248769.000000,
2012-03-02,124.952513,124.987291,124.884891,124.891381,2468889.000000,
2012-03-05,126.125311,126.136871,125.911065,126.125064,3637619.000000,
2012-03-06,124.762906,124.889660,124.596095,124.647911,1718244.000000,
2012-03-07,128.068118,128.080822,127.868316,127.908312,3043537.000000,
2012-03-08,127.203051,127.418844,127.188892,127.249041,2299717.000000,
2012-03-09,127.777736,127.862102,127.663567,127.772084,3263648.000000,
2012-03-12,128.987891,129.013726,128.908177,128.932173,671924.000000,
2012-03-13,128.196888,128.221048,128.021785,128.193846,2443579.000000,
2012-03-14,125.623939,125.679622,125.366977,125.572888,1622175.000000,
2012-03-15,127.224583,127.461774,127.016977,127.142667,2427743.000000,
2012-03-16,124.719530,124.828716,124.575250,124.716575,2522381.000000,
2012-03-19,122.178494,122.186117,122.020217,122.081473,3570421.000000,
2012-03-20,120.132479,120.191336,119.903969,120.079439,4569375.000000,
2012-03-21,119.380992,119.527494,119.367227,119.466609,1134346.000000,
2012-03-22,120.548984,120.818601,120.541369,120.547151,1004550.000000,
2012-03-23,120.130700,120.257400,120.109794,120.159079,3163754.000000,
2012-03-26,122.775590,122.973067,122.749854,122.966742,3430571.000000,
2012-03-27,124.235852,124.412749,124.188876,124.191662,1102852.000000,
2012-03-28,119.869433,119.885374,119.690917,119.817127,925703.000000,
2012-03-29,118.345488,118.386322,118.280702,118.326019,4960443.000000,
2012-03-30,120.694515,120.714968,120.574880,120.620844,1427092.000000,
2012-04-02,120.095531,120.200975,119.913448,120.127293,3977583.000000,
2012-04-03,125.636467,125.684042,125.586261,125.651208,668864.000000,
2012-04-04,123.142226,123.251822,123.082556,123.151577,4833994.000000,
2012-04-05,123.958303,123.977347,123.878747,123.940285,4330030.000000,
2012-04-06,124.701001,124.824492,124.589880,124.717667,2385598.000000,
2012-04-09,122.458207,122.611394,122.353074,122.483628,2453306.000000,
2012-04-10,125.849311,125.878796,125.472957,125.821044,2801881.000000,
2012-04-11,124.766689,124.813631,124.701743,124.785506,2254474.000000,
2012-04-12,131.261995,131.291543,131.195805,131.285164,4203746.000000,
2012-04-13,130.524424,130.546142,130.467605,130.473036,2916032.000000,
2012-04-16,129.981841,130.054286,129.865805,130.053579,3933441.000000,
2012-04-17,132.036536,132.134887,132.006673,132.058984,3089771.000000,
2012-04-18,130.974318,131.002103,130.803265,130.924472,1676509.000000,
2012-04-19,134.230566,134.250877,134.010832,134.134728,2277525.000000,
2012-04-20,135.597412,135.616798,135.512938,135.551348,4739496.000000,
2012-04-23,136.075759,136.240895,136.063025,136.107845,4301609.000000,
2012-04-24,131.210535,131.442884,131.197209,131.251270,3393090.000000,
2012-04-25,128.727989,128.734494,128.687877,128.724294,2617044.000000,
2012-04-26,126.091218,126.149451,125.924781,125.972407,3650284.000000,
2012-04-27,121.127194,121.166467,120.958005,121.011248,4989595.000000,
2012-04-30,119.664914,119.778212,119.403717,119.694183,862716.000000,
2012-05-01,120.569668,120.600600,120.526579,120.544686,3957468.000000,
2012-05-02,123.241589,123.438880,122.996983,123.226843,4150382.000000,
2012-05-03,121.098584,121.247394,120.970843,121.063418,4134687.000000,
2012-05-04,119.310327,119.368812,119.286328,119.295389,4510673.000000,
2012-05-07,119.351430,119.546259,119.282200,119.435898,1705517.000000,
2012-05-08,117.531311,117.643390,117.473795,117.537012,2683579.000000,
2012-05-09,115.714255,115.765868,115.640806,115.707641,3697519.000000,
2012-05-10,114.441590,114.477216,114.372406,114.473851,575516.000000,
2012-05-11,113.179022,113.191725,113.106349,113.110264,687289.000000,
2012-05-14,111.433839,111.447991,111.388874,111.430561,669062.000000,
2012-05-15,113.048766,113.286730,112.897682,113.081557,3077971.000000,
2012-05-16,112.132696,112.187248,111.992889,112.075147,2164702.000000,
2012-05-17,112.854572,112.906383,112.816620,112.871570,4329773.000000,
2012-05-18,114.718228,114.738829,114.637458,114.683352,3527254.000000,
2012-05-21,115.735421,115.844638,115.701401,115.761697,2621741.000000,
2012-05-22,116.638066,116.797648,116.485044,116.656671,1733709.000000,
2012-05-23,114.493293,114.554459,114.434189,114.525604,2954163.000000,
2012-05-24,117.224320,117.266568,117.156791,117.186725,3042378.000000,
2012-05-25,116.861764,116.907226,116.597456,116.789439,3359017.000000,
2012-05-28,119.128062,119.232188,119.098321,119.098923,3503073.000000,
2012-05-29,118.424892,118.487014,118.381910,118.470468,1707481.000000,
2012-05-30,116.197289,116.332362,116.109764,116.284253,3541830.000000,
2012-05-31,114.077970,114.242550,114.052879,114.139534,4861596.000000,
2012-06-01,114.774739,114.869348,114.673094,114.690366,1537407.000000,
2012-06-04,115.211973,115.359585,115.167959,115.246469,1884930.000000,
2012-06-05,114.460371,114.540817,114.408096,114.449279,2081069.000000,
2012-06-06,113.209104,113.278296,113.107163,113.130592,1612027.000000,
2012-06-07,110.969611,111.049734,110.915665,110.947803,3736300.000000,
2012-06-08,111.484256,111.652688,111.475915,111.598206,3807096.000000,
2012-06-11,109.908191,109.973310,109.830611,109.899119,2695810.000000,
2012-06-12,107.312271,107.400038,107.194924,107.241738,3670939.000000,
2012-06-13,108.787405,108.808102,108.754370,108.808084,840468.000000,
2012-06-14,107.674385,107.796046,107.585318,107.671413,4092821.000000,
2012-06-15,105.738959,105.859393,105.646435,105.757842,904803.000000,
2012-06-18,107.133372,107.181178,107.035923,107.095690,4686410.000000,
2012-06-19,108.075770,108.235737,107.901150,108.012409,4263101.000000,
2012-06-20,107.776406,107.921670,107.628276,107.748132,3417860.000000,
2012-06-21,109.889218,109.967116,109.755003,109.910235,2741576.000000,
2012-06-22,109.553240,109.693679,109.500564,109.621685,4714926.000000,
2012-06-25,109.597234,109.602823,109.505331,109.537883,2407427.000000,
2012-06-26,108.273087,108.343200,108.232979,108.265369,3501330.000000,
2012-06-27,109.982558,110.144573,109.951151,109.999386,2872344.000000,
2012-06-28,108.535247,108.572946,108.401887,108.572589,4680715.000000,
2012-06-29,107.816797,107.852122,107.688140,107.756685,1165893.000000,
2012-07-02,106.966452,107.029155,106.886679,106.975098,4310338.000000,
2012-07-03,108.236292,108.280698,108.235665,108.252054,2201648.000000,
2012-07-04,107.708766,107.755692,107.631917,107.719361,1549914.000000,
2012-07-05,107.745314,107.975764,107.744362,107.856475,4557504.000000,
2012-07-06,108.697715,108.802714,108.604368,108.765110,1564791.000000,
2012-07-09,109.467548,109.511669,109.385274,109.393183,3804732.000000,
2012-07-10,109.222567,109.319236,109.118240,109.130049,2017225.000000,
2012-07-11,108.624220,108.697841,108.518532,108.574952,4443747.000000,
2012-07-12,108.155438,108.196988,108.086095,108.115681,4072111.000000,
2012-07-13,107.114899,107.169076,106.945892,107.006010,4710445.000000,
2012-07-16,106.978944,107.030194,106.965529,107.005014,4564821.000000,
2012-07-17,106.274292,106.488300,106.266615,106.358457,1677638.000000,
2012-07-18,106.962873,107.084305,106.858867,106.895800,3506463.000000,
2012-07-19,107.195822,107.239728,107.140242,107.237944,4717834.000000,
2012-07-20,107.948421,107.966686,107.912629,107.927033,4643710.000000,
2012-07-23,108.604388,108.755974,108.518579,108.634993,3108266.000000,
2012-07-24,106.346669,106.379441,106.322317,106.355614,1201801.000000,
2012-07-25,105.585778,105.748682,105.540212,105.727876,4176832.000000,
2012-07-26,107.477071,107.539702,107.356582,107.442334,4598242.000000,
2012-07-27,105.700692,105.785375,105.543607,105.624121,2937657.000000,
2012-07-30,103.788068,103.891492,103.758147,103.798128,3616667.000000,
2012-07-31,105.903277,105.997865,105.757284,105.765575,2177775.000000,
2012-08-01,106.388397,106.491486,106.288980,106.334612,4260683.000000,
2012-08-02,106.176218,106.206701,106.045203,106.108304,4024623.000000,
2012-08-03,104.965873,105.040183,104.918578,104.987510,2997286.000000,
2012-08-06,104.170238,104.369040,104.077085,104.201752,4422189.000000,
2012-08-07,105.798024,105.914173,105.764198,105.894891,4212055.000000,
2012-08-08,105.762635,105.804002,105.619090,105.688888,1426512.000000,
2012-08-09,104.517630,104.563648,104.490919,104.548893,3893453.000000,
2012-08-10,105.595276,105.636245,105.365631,105.530581,3738964.000000,
2012-08-13,105.454981,105.504319,105.352614,105.393290,3652210.000000,
2012-08-14,104.058847,104.136365,103.958323,104.071330,3671531.000000,
2012-08-15,104.152693,104.310325,104.140984,104.162506,3421646.000000,
2012-08-16,105.460584,105.535176,105.401607,105.475861,3372742.000000,
2012-08-17,105.591133,105.689576,105.481974,105.570153,2219527.000000,
2012-08-20,105.745096,105.836226,105.644116,105.763344,4206147.000000,
2012-08-21,105.739377,105.812710,105.663256,105.701520,4582353.000000,
2012-08-22,105.489330,105.524461,105.428211,105.482595,3335145.000000,
2012-08-23,104.795947,104.857987,104.674257,104.781754,1794975.000000,
2012-08-24,104.807660,104.953878,104.731389,104.953396,2783666.000000,
2012-08-27,105.043210,105.106260,105.030928,105.082002,3952855.000000,
2012-08-28,105.861497,105.881270,105.842102,105.846598,3579820.000000,
2012-08-29,105.974166,106.038366,105.819885,105.922298,4389978.000000,
2012-08-30,105.315306,105.406276,105.282324,105.287301,1968947.000000,
2012-08-31,104.889777,105.068983,104.851892,104.909032,3587910.000000,
2012-09-03,104.496086,104.618955,104.396893,104.511180,2656582.000000,
2012-09-04,103.647784,103.784511,103.600659,103.647919,3238185.000000,
2012-09-05,102.384295,102.427495,102.369942,102.387760,3960131.000000,
2012-09-06,101.035100,101.067345,100.930664,101.036921,1328567.000000,
2012-09-07,101.139207,101.220565,101.030455,101.065444,2236515.000000,
2012-09-10,100.344538,100.444025,100.333141,100.372658,2082398.000000,
2012-09-11,98.316667,98.320708,98.174037,98.239358,2891909.000000,
2012-09-12,97.257718,97.307695,97.233445,97.279376,4696175.000000,
2012-09-13,97.196034,97.279220,97.034070,97.276868,1351711.000000,
2012-09-14,95.758197,95.876340,95.756115,95.796272,4144971.000000,
2012-09-17,94.017649,94.132934,93.911966,94.009994,4309265.000000,
2012-09-18,94.949632,95.036644,94.851951,94.991805,2164060.000000,
2012-09-19,94.297273,94.337617,94.193899,94.329088,1792975.000000,
2012-09-20,93.732352,93.772644,93.631525,93.712471,4978040.000000,
2012-09-21,94.667272,94.669360,94.563578,94.628277,2027844.000000,
2012-09-24,96.912788,96.973446,96.866468,96.945905,2849471.000000,
2012-09-25,97.034195,97.069752,97.025381,97.048486,4278122.000000,
2012-09-26,98.072599,98.128763,97.913367,98.067308,2418807.000000,
2012-09-27,98.402370,98.513939,98.359420,98.421399,2797921.000000,
2012-09-28,98.056522,98.082899,98.018876,98.077960,544795.000000,
2012-10-01,97.473208,97.497255,97.353967,97.385479,666132.000000,
2012-10-02,97.809201,97.860017,97.782929,97.838507,612371.000000,
2012-10-03,97.803146,97.930108,97.748429,97.836219,3398945.000000,
2012-10-04,98.226187,98.307994,98.136112,98.193040,1536400.000000,
2012-10-05,96.789310,96.866938,96.769825,96.838745,3467781.000000,
2012-10-08,96.314233,96.380800,96.133220,96.185185,1873806.000000,
2012-10-09,95.018526,95.155408,94.924792,95.098516,2474798.000000,
2012-10-10,94.973815,95.031877,94.965984,94.976387,2441754.000000,
2012-10-11,94.806153,94.864732,94.740332,94.810414,1104048.000000,
2012-10-12,93.644131,93.759274,93.626787,93.727082,2428181.000000,
2012-10-15,93.084383,93.121938,92.906432,92.946804,816650.000000,
2012-10-16,92.287593,92.346341,92.176701,92.221303,2371538.000000,
2012-10-17,91.838666,91.886359,91.690335,91.773094,1946376.000000,
2012-10-18,91.084313,91.135427,90.977690,91.078731,2093082.000000,
2012-10-19,91.331123,91.389165,91.315580,91.373261,2102811.000000,
2012-10-22,93.368258,93.437816,93.237893,93.383329,1194430.000000,
2012-10-23,91.652237,91.721715,91.551536,91.636643,1040919.000000,
2012-10-24,90.372072,90.500485,90.352614,90.455128,2087866.000000,
2012-10-25,90.195236,90.209718,90.085272,90.149848,2216824.000000,
2012-10-26,88.968109,88.983170,88.885976,88.894845,3416807.000000,
2012-10-29,87.527694,87.588906,87.441582,87.445725,3037577.000000,
2012-10-30,86.572266,86.609355,86.462688,86.513910,644834.000000,
2012-10-31,87.330686,87.361068,87.313074,87.353844,3196873.000000,
2012-11-01,87.266158,87.298065,87.196182,87.250979,3034260.000000,
2012-11-02,87.084040,87.120967,86.953455,86.999348,3658524.000000,
2012-11-05,87.925116,87.960390,87.772882,87.868791,586708.000000,
2012-11-06,87.339979,87.368008,87.240524,87.307476,4022224.000000,
2012-11-07,86.753374,86.837913,86.688026,86.727678,2890540.000000,
2012-11-08,86.883617,87.048405,86.708679,86.837511,690858.000000,
2012-11-09,85.323698,85.369856,85.276210,85.355451,2218647.000000,
2012-11-12,83.531304,83.723299,83.485519,83.576695,3783000.000000,
2012-11-13,84.262866,84.358882,84.199094,84.309209,3116525.000000,
2012-11-14,82.951883,83.046417,82.855386,82.915438,4149204.000000,
2012-11-15,84.411533,84.455741,84.385646,84.390458,3445228.000000,
2012-11-16,83.260507,83.304429,83.087735,83.144065,3089008.000000,
2012-11-19,82.827024,82.840543,82.758356,82.812486,1829356.000000,
2012-11-20,83.143915,83.198302,83.107711,83.169946,4530279.000000,
2012-11-21,82.051247,82.112923,81.981909,82.027033,4864077.000000,
2012-11-22,81.877072,81.887425,81.761739,81.822189,1495072.000000,
2012-11-23,80.489429,80.685426,80.457070,80.482995,3246334.000000,
2012-11-26,80.532806,80.607185,80.468107,80.504581,3334954.000000,
2012-11-27,81.013702,81.262616,80.987242,81.102032,2141529.000000,
2012-11-28,82.332863,82.436353,82.269143,82.351469,1153311.000000,
2012-11-29,81.876029,81.924304,81.794911,81.814932,1185282.000000,
2012-11-30,80.795932,80.826869,80.678865,80.740473,3745319.000000,
2012-12-03,81.527601,81.552709,81.391672,81.497845,4773390.000000,
2012-12-04,82.544886,82.581094,82.495210,82.533611,1977969.000000,
2012-12-05,82.565109,82.647729,82.507954,82.517666,3436278.000000,
2012-12-06,82.663089,82.731009,82.641094,82.714736,3482562.000000,
2012-12-07,81.802919,81.818473,81.656903,81.754283,3595344.000000,
2012-12-10,81.855779,81.914649,81.753294,81.898905,4352165.000000,
2012-12-11,81.301716,81.349688,81.185554,81.330924,930818.000000,
2012-12-12,82.800419,82.855003,82.743987,82.796390,2049259.000000,
2012-12-13,83.411439,83.472661,83.378828,83.416889,4883014.000000,
2012-12-14,81.633089,81.726452,81.611741,81.695469,4506928.000000,
2012-12-17,81.724680,81.788163,81.638678,81.660625,681020.000000,
2012-12-18,80.686933,80.730294,80.573012,80.698053,1551020.000000,
2012-12-19,81.939503,82.013940,81.737027,81.947754,3854019.000000,
2012-12-20,81.251822,81.299034,81.210943,81.274657,2157244.000000,
2012-12-21,83.102601,83.213895,83.058084,83.141361,4139657.000000,
2012-12-24,83.331403,83.342385,83.235740,83.262375,3260606.000000,
2012-12-25,83.138939,83.244423,83.073945,83.230983,1789372.000000,
2012-12-26,85.569160,85.624264,85.526010,85.547743,2977148.000000,
2012-12-27,84.602796,84.687303,84.572164,84.623144,1547132.000000,
2012-12-28,84.464334,84.505025,84.358081,84.496513,1192899.000000,
2012-12-31,84.998251,85.058665,84.776782,84.945027,2829878.000000,
2013-01-01,83.499029,83.576357,83.350605,83.419620,4576253.000000,
2013-01-02,82.572317,82.645127,82.468389,82.585772,1240157.000000,
2013-01-03,83.908555,83.950450,83.801835,83.825157,797968.000000,
2013-01-04,85.038894,85.163111,85.037972,85.116424,4780594.000000,
2013-01-07,85.787022,85.863611,85.592050,85.716652,3723679.000000,
2013-01-08,85.780153,85.823233,85.768077,85.794211,2587783.000000,
2013-01-09,86.170138,86.238510,86.112518,86.142977,1388220.000000,
2013-01-10,84.289474,84.355316,84.245837,84.320515,1278135.000000,
2013-01-11,83.471348,83.511423,83.410590,83.479458,2507032.000000,
2013-01-14,84.913905,84.920806,84.889402,84.915084,4025500.000000,
2013-01-15,85.486079,85.544984,85.311568,85.377934,4311575.000000,
2013-01-16,85.001724,85.005402,84.855140,84.936231,2950633.000000,
2013-01-17,84.965932,85.119531,84.965890,85.018483,4602063.000000,
2013-01-18,85.074493,85.108848,84.954165,85.027509,1568552.000000,
2013-01-21,84.777715,84.783364,84.697883,84.741635,3137079.000000,
2013-01-22,86.158775,86.217016,86.029841,86.116415,1392812.000000,
2013-01-23,87.242288,87.285334,87.225292,87.261320,4998598.000000,
2013-01-24,88.474630,88.607509,88.432102,88.489236,1651837.000000,
2013-01-25,88.717498,88.760000,88.671407,88.682796,1895923.000000,
2013-01-28,87.978014,88.011319,87.899596,87.983781,4797228.000000,
2013-01-29,88.949521,88.973722,88.937599,88.939033,1723947.000000,
2013-01-30,91.532013,91.617682,91.451056,91.490746,4208437.000000,
2013-01-31,91.769864,91.801999,91.693311,91.786357,2078833.000000,
2013-02-01,92.035440,92.232641,92.028442,92.076347,3101904.000000,
2013-02-04,92.655655,92.794237,92.599275,92.789949,3818550.000000,
2013-02-05,93.358776,93.372711,93.204678,93.328572,2984353.000000,
2013-02-06,92.755555,92.844832,92.564702,92.789974,3943103.000000,
2013-02-07,95.611595,95.672105,95.505218,95.611394,3233686.000000,
2013-02-08,95.778186,95.894381,95.706454,95.773928,2572430.000000,
2013-02-11,96.658811,96.781692,96.572806,96.599186,540885.000000,
2013-02-12,97.205552,97.226759,97.158596,97.176606,4857683.000000,
2013-02-13,96.287773,96.380550,96.233177,96.352580,4464740.000000,
2013-02-14,96.402611,96.582710,96.350133,96.432374,1648840.000000,
2013-02-15,97.701861,97.753616,97.632021,97.643644,584661.000000,
2013-02-18,99.248668,99.262100,99.191739,99.194334,3738600.000000,
2013-02-19,99.889374,100.031110,99.806089,99.943348,2204180.000000,
2013-02-20,99.299180,99.372364,99.248389,99.339278,2454375.000000,
2013-02-21,99.780698,99.795421,99.646587,99.756896,1048009.000000,
2013-02-22,99.123716,99.259883,99.060640,99.164624,3981842.000000,
2013-02-25,98.850498,98.869565,98.772811,98.840718,1358225.000000,
2013-02-26,99.904027,100.070335,99.694426,99.828304,781264.000000,
2013-02-27,99.406572,99.593257,99.395085,99.508962,2817946.000000,
2013-02-28,99.715910,99.782679,99.663748,99.750399,3694467.000000,
2013-03-01,98.665740,98.698154,98.585414,98.676194,4184410.000000,
2013-03-04,97.979453,98.009141,97.922738,97.933021,2871939.000000,
2013-03-05,97.252175,97.312482,97.165236,97.280704,2638982.000000,
2013-03-06,98.638917,98.759557,98.582555,98.685552,947704.000000,
2013-03-07,98.336827,98.537072,98.298914,98.473717,1797028.000000,
2013-03-08,97.966432,98.107477,97.826175,98.006808,3242600.000000,
2013-03-11,98.857252,98.912697,98.657483,98.752478,1630405.000000,
2013-03-12,98.838344,98.925399,98.713437,98.750165,999781.000000,
2013-03-13,97.395217,97.424247,97.308385,97.367860,1760184.000000,
2013-03-14,97.225102,97.433730,97.084418,97.297373,2948260.000000,
2013-03-15,96.271555,96.290937,96.205990,96.262390,2146628.000000,
2013-03-18,94.952708,95.016921,94.795640,94.976387,4704461.000000,
2013-03-19,95.720104,95.834597,95.690205,95.766540,4459186.000000,
2013-03-20,95.500811,95.539604,95.358046,95.518854,2334528.000000,
2013-03-21,95.551987,95.667078,95.470104,95.559461,3968512.000000,
2013-03-22,95.866893,95.932443,95.725352,95.820730,1527900.000000,
2013-03-25,95.038339,95.065146,94.942952,95.025626,1226944.000000,
2013-03-26,95.145829,95.187123,95.082857,95.126019,1042897.000000,
2013-03-27,95.745866,95.853682,95.715426,95.751975,1584579.000000,
2013-03-28,95.071986,95.108690,95.039684,95.088206,3838476.000000,
2013-03-29,95.611815,95.633447,95.549010,95.624872,3613784.000000,
2013-04-01,93.819596,93.915808,93.768744,93.876309,2468695.000000,
2013-04-02,94.292743,94.342371,94.175316,94.225114,1717347.000000,
2013-04-03,94.973866,94.988228,94.848315,94.905228,4285100.000000,
2013-04-04,94.291488,94.358280,94.130588,94.228283,522042.000000,
2013-04-05,95.048076,95.091555,94.929054,95.082431,3461622.000000,
2013-04-08,94.359250,94.415231,94.336627,94.374101,4945444.000000,
2013-04-09,94.325972,94.418088,94.201792,94.314477,4084637.000000,
2013-04-10,94.186586,94.221444,94.022800,94.109093,3152247.000000,
2013-04-11,94.931280,94.963270,94.909581,94.932134,3920976.000000,
2013-04-12,94.809262,94.889096,94.720288,94.823534,609495.000000,
2013-04-15,96.750350,96.846984,96.624371,96.666941,1612641.000000,
2013-04-16,96.319479,96.395295,96.276210,96.356461,3628917.000000,
2013-04-17,93.944291,93.955637,93.851067,93.926286,2231811.000000,
2013-04-18,93.560880,93.658429,93.527069,93.610866,1465573.000000,
2013-04-19,93.460519,93.677428,93.366217,93.504317,2744485.000000,
2013-04-22,93.672510,93.690587,93.633776,93.675315,2504863.000000,
2013-04-23,95.674111,95.717896,95.632422,95.709224,3710750.000000,
2013-04-24,97.333063,97.438530,97.222697,97.319611,762078.000000,
2013-04-25,98.256688,98.288569,98.149560,98.218342,4629277.000000,
2013-04-26,99.860096,99.912249,99.789508,99.888717,4108875.000000,
2013-04-29,100.042491,100.154133,99.985809,100.096712,3004951.000000,
2013-04-30,99.050793,99.190376,98.930788,99.046204,1531210.000000,
2013-05-01,99.789163,99.796447,99.526028,99.694100,4176943.000000,
2013-05-02,101.129817,101.210911,101.030903,101.074865,1665297.000000,
2013-05-03,101.987773,102.058324,101.789509,101.937120,2860653.000000,
2013-05-06,102.659054,102.677760,102.582847,102.598749,1604505.000000,
2013-05-07,103.335538,103.537417,103.151708,103.309697,2160232.000000,
2013-05-08,102.017949,102.067789,101.888857,101.990017,624803.000000,
2013-05-09,100.762998,100.847882,100.677661,100.700402,3367065.000000,
2013-05-10,100.357645,100.502466,100.237591,100.425192,3598780.000000,
2013-05-13,101.923484,102.037720,101.803273,101.881425,2678587.000000,
2013-05-14,101.554060,101.563561,101.544349,101.550507,2316939.000000,
2013-05-15,101.802635,102.048689,101.770336,101.801411,3288979.000000,
2013-05-16,101.391717,101.550548,101.333240,101.397038,922236.000000,
2013-05-17,100.612600,100.615848,100.489425,100.614498,1595944.000000,
2013-05-20,101.789853,101.990994,101.673555,101.894873,2818794.000000,
2013-05-21,100.514119,100.546311,100.457663,100.514548,3943930.000000,
2013-05-22,101.134488,101.280291,100.992526,101.127232,1615177.000000,
2013-05-23,100.952521,100.969719,100.790237,100.879792,1279226.000000,
2013-05-24,102.343123,102.385236,102.197925,102.215964,1890798.000000,
2013-05-27,102.669324,102.759580,102.594275,102.709165,3253117.000000,
2013-05-28,104.123139,104.212960,104.072407,104.095404,2448267.000000,
2013-05-29,105.893697,105.942466,105.875692,105.892437,3063920.000000,
2013-05-30,106.432992,106.443538,106.328183,106.421862,4628445.000000,
2013-05-31,107.264937,107.275274,107.150477,107.193688,695325.000000,
2013-06-03,108.587125,108.716084,108.460185,108.508002,2432890.000000,
2013-06-04,108.326635,108.390820,108.270172,108.275320,3156817.000000,
2013-06-05,109.577653,109.688575,109.544778,109.652301,2248483.000000,
2013-06-06,108.923565,108.983318,108.816465,108.818181,713648.000000,
2013-06-07,109.411583,109.458254,109.238728,109.304345,4714953.000000,
2013-06-10,108.466791,108.598271,108.331851,108.377629,1458208.000000,
2013-06-11,107.213241,107.309797,107.168661,107.245989,2360420.000000,
2013-06-12,108.792995,108.854871,108.788160,108.815641,1203108.000000,
2013-06-13,109.146655,109.179483,109.129779,109.172811,2883480.000000,
2013-06-14,109.420665,109.511471,109.256587,109.312252,1445057.000000,
2013-06-17,109.139929,109.198878,109.068414,109.165917,3314903.000000,
2013-06-18,109.400217,109.468819,109.271987,109.408260,2983070.000000,
2013-06-19,109.898004,109.970838,109.796169,109.935542,3616437.000000,
2013-06-20,109.148526,109.174222,109.141055,109.173736,3349693.000000,
2013-06-21,109.788586,109.882266,109.751320,109.832587,3456443.000000,
2013-06-24,110.549830,110.852738,110.517646,110.559395,3433771.000000,
2013-06-25,110.772261,110.773783,110.620220,110.759722,3059457.000000,
2013-06-26,110.844999,110.911882,110.615106,110.755892,4384157.000000,
2013-06-27,109.430814,109.517151,109.389352,109.506882,1237523.000000,
2013-06-28,111.454463,111.456679,111.367081,111.387047,3142399.000000,
2013-07-01,111.080838,111.268361,110.987271,111.198455,1124065.000000,
2013-07-02,110.059855,110.136928,109.968566,110.070130,688617.000000,
2013-07-03,110.624268,110.653123,110.528072,110.626388,817615.000000,
2013-07-04,110.774017,110.897618,110.540862,110.668850,1746726.000000,
2013-07-05,111.380445,111.459688,111.243087,111.410401,2983983.000000,
2013-07-08,112.489060,112.589444,112.425049,112.431603,4060747.000000,
2013-07-09,110.629507,110.829949,110.538742,110.621415,3183472.000000,
2013-07-10,109.151911,109.253361,109.116782,109.172201,1494231.000000,
2013-07-11,109.220065,109.391110,109.194939,109.299101,3455782.000000,
2013-07-12,108.115102,108.264438,108.065018,108.093517,3631788.000000,
2013-07-15,110.005378,110.092354,109.859919,109.975470,4100074.000000,
2013-07-16,109.822094,109.928862,109.670301,109.831756,1111224.000000,
2013-07-17,108.289400,108.410563,108.225291,108.277846,3384051.000000,
2013-07-18,109.546175,109.626961,109.452243,109.556918,4294666.000000,
2013-07-19,110.317829,110.334932,110.214183,110.268830,2143746.000000,
2013-07-22,109.734652,109.760652,109.658843,109.760151,1364289.000000,
2013-07-23,110.128705,110.139040,110.006316,110.115028,2273730.000000,
2013-07-24,108.967893,109.030009,108.939856,108.995167,4387514.000000,
2013-07-25,107.363372,107.549281,107.259752,107.442430,2884998.000000,
2013-07-26,107.573917,107.640921,107.560435,107.575086,4025717.000000,
2013-07-29,109.404938,109.482137,109.318610,109.480073,550434.000000,
2013-07-30,107.118305,107.228556,106.961267,107.057366,3862046.000000,
2013-07-31,108.300460,108.521827,108.183505,108.239421,1133688.000000,
2013-08-01,109.437664,109.535224,109.433941,109.532179,1503573.000000,
2013-08-02,110.918835,110.954178,110.904237,110.928008,3743715.000000,
2013-08-05,110.731486,110.807932,110.557227,110.722996,4658222.000000,
2013-08-06,110.223391,110.309154,110.129068,110.260993,1360538.000000,
2013-08-07,110.318276,110.349785,110.228891,110.304546,1560207.000000,
2013-08-08,111.158278,111.350430,111.069311,111.262319,4189554.000000,
2013-08-09,111.794497,111.804516,111.703435,111.733059,1891293.000000,
2013-08-12,112.992450,113.043192,112.884194,112.891691,4672182.000000,
2013-08-13,111.374789,111.504984,111.267371,111.342750,2676213.000000,
2013-08-14,109.664412,109.714562,109.646663,109.693819,2162297.000000,
2013-08-15,109.893080,109.999547,109.823485,109.944582,515339.000000,
2013-08-16,109.511597,109.553415,109.418695,109.484625,1319953.000000,
2013-08-19,109.735030,109.849240,109.505071,109.823347,2763487.000000,
2013-08-20,109.027416,109.142881,109.012799,109.041337,2400888.000000,
2013-08-21,107.797673,107.910962,107.766640,107.814411,4596197.000000,
2013-08-22,106.535163,106.728364,106.459078,106.662814,4693722.000000,
2013-08-23,106.112648,106.274885,106.072008,106.169206,4361713.000000,
2013-08-26,108.797437,108.865284,108.524550,108.662016,974687.000000,
2013-08-27,108.388405,108.446648,108.388332,108.430590,3433934.000000,
2013-08-28,108.986457,109.107959,108.933100,108.969885,3616054.000000,
2013-08-29,110.813387,110.977675,110.797534,110.864222,4131777.000000,
2013-08-30,111.789832,112.020265,111.691375,111.747032,3540731.000000,
2013-09-02,112.873936,112.950040,112.810688,112.918953,4474209.000000,
2013-09-03,115.487740,115.517912,115.483841,115.505900,3697241.000000,
2013-09-04,113.359221,113.381482,113.201471,113.257208,3451641.000000,
2013-09-05,112.522117,112.741765,112.507566,112.580938,1187826.000000,
2013-09-06,113.395540,113.592870,113.368315,113.448595,3266339.000000,
2013-09-09,115.011280,115.128674,114.996972,115.030715,3362671.000000,
2013-09-10,114.537209,114.549235,114.409878,114.439145,4232145.000000,
2013-09-11,112.356610,112.438550,112.327201,112.354502,629166.000000,
2013-09-12,114.447771,114.468736,114.424156,114.429401,791198.000000,
2013-09-13,115.143866,115.163984,115.097418,115.098002,2323577.000000,
2013-09-16,113.394841,113.438822,113.206520,113.365307,3448083.000000,
2013-09-17,113.578466,113.747923,113.499932,113.572611,4963311.000000,
2013-09-18,112.782211,112.882388,112.661158,112.867771,580718.000000,
2013-09-19,113.551487,113.637064,113.503357,113.585413,2051897.000000,
2013-09-20,112.950349,113.114888,112.945231,112.992541,2370224.000000,
2013-09-23,112.164372,112.321302,112.121980,112.187838,4442042.000000,
2013-09-24,112.229094,112.426166,112.208596,112.351090,4949246.000000,
2013-09-25,111.630711,111.727899,111.554075,111.590155,1677034.000000,
2013-09-26,111.227423,111.228479,110.790470,111.145642,3149667.000000,
2013-09-27,113.089833,113.094804,113.029859,113.092446,750820.000000,
2013-09-30,111.713794,111.788771,111.676290,111.748303,4861563.000000,
2013-10-01,112.383879,112.465452,112.318493,112.405865,1976923.000000,
2013-10-02,112.230122,112.334337,112.126070,112.137740,2654397.000000,
2013-10-03,111.026111,111.204956,110.972311,111.039902,4392945.000000,
2013-10-04,111.474483,111.581799,111.387334,111.516472,4826419.000000,
2013-10-07,110.183750,110.325552,109.970486,110.104235,897540.000000,
2013-10-08,109.076888,109.116554,108.904225,109.042390,3951408.000000,
2013-10-09,110.005006,110.081351,109.946657,110.022097,3002790.000000,
2013-10-10,108.884457,108.906202,108.809179,108.841903,3512259.000000,
2013-10-11,108.334529,108.388074,108.332556,108.349822,3967819.000000,
2013-10-14,108.014242,108.180887,107.985386,108.057090,2021969.000000,
2013-10-15,108.580365,108.610734,108.475106,108.553084,1481363.000000,
2013-10-16,109.818409,109.878969,109.694175,109.787689,4956180.000000,
2013-10-17,110.033496,110.069187,109.892903,109.984308,3025408.000000,
2013-10-18,111.214293,111.383955,111.155015,111.250120,2052245.000000,
2013-10-21,112.723547,112.877170,112.678468,112.777895,1937812.000000,
2013-10-22,113.122337,113.143151,113.056264,113.090331,1676548.000000,
2013-10-23,113.651319,113.753956,113.617098,113.649144,3980865.000000,
2013-10-24,111.786520,111.906861,111.611073,111.725594,3458472.000000,
2013-10-25,112.366966,112.378501,112.328703,112.352354,1957772.000000,
2013-10-28,113.975834,114.162916,113.873820,114.082855,4018255.000000,
2013-10-29,113.869199,113.955626,113.753512,113.876428,3641294.000000,
2013-10-30,114.862884,114.902390,114.849555,114.885652,3541964.000000,
2013-10-31,114.615268,114.617005,114.510498,114.548668,4191493.000000,
2013-11-01,116.201968,116.253379,116.003166,116.195197,2774668.000000,
2013-11-04,115.214013,115.232040,115.202191,115.217532,1096322.000000,
2013-11-05,114.487463,114.610679,114.445490,114.462056,1093814.000000,
2013-11-06,114.460312,114.495676,114.225307,114.385395,1139817.000000,
2013-11-07,113.308956,113.495802,113.273690,113.352282,3751329.000000,
2013-11-08,114.006779,114.037746,113.965617,114.030899,4405077.000000,
2013-11-11,115.006789,115.023128,114.959738,114.983482,1347612.000000,
2013-11-12,115.178348,115.220602,115.112444,115.145629,1473964.000000,
2013-11-13,113.655578,113.800755,113.608525,113.738346,4050397.000000,
2013-11-14,115.067954,115.254675,115.007994,115.097327,3331153.000000,
2013-11-15,115.814655,115.896094,115.761126,115.780261,3240699.000000,
2013-11-18,116.293703,116.317475,116.271507,116.305100,2445799.000000,
2013-11-19,119.201130,119.264336,119.037241,119.209635,2103960.000000,
2013-11-20,119.240239,119.306968,119.159252,119.294260,970278.000000,
2013-11-21,119.929191,120.054381,119.920393,119.966410,4218497.000000,
2013-11-22,119.621957,119.629282,119.466018,119.614438,1747900.000000,
2013-11-25,119.514722,119.521605,119.449853,119.487154,3533817.000000,
2013-11-26,120.576405,120.820955,120.537614,120.610556,4193149.000000,
2013-11-27,120.028493,120.044747,119.979897,119.992113,4892435.000000,
2013-11-28,119.163893,119.353189,119.127603,119.295256,4699901.000000,
2013-11-29,118.598238,118.677723,118.533742,118.572073,1310595.000000,
2013-12-02,119.265256,119.354224,119.020828,119.161293,2777672.000000,
2013-12-03,119.291083,119.331068,119.201054,119.284096,1670335.000000,
2013-12-04,119.084537,119.162896,119.010228,119.098241,2860359.000000,
2013-12-05,118.345099,118.442387,118.297671,118.398136,2137948.000000,
2013-12-06,118.871446,118.974698,118.753965,118.809536,4601902.000000,
2013-12-09,120.305831,120.334975,120.192504,120.299294,699687.000000,
2013-12-10,121.416014,121.439034,121.236261,121.250987,4027909.000000,
2013-12-11,121.243874,121.337931,121.224406,121.263593,3860720.000000,
2013-12-12,121.148049,121.346552,121.117091,121.251647,2538971.000000,
2013-12-13,119.055970,119.116584,118.875129,119.023247,1899280.000000,
2013-12-16,119.649652,119.677948,119.510571,119.588443,4677388.000000,
2013-12-17,119.785607,119.804217,119.687253,119.701043,4934297.000000,
2013-12-18,119.593399,119.611271,119.575357,119.581253,3653401.000000,
2013-12-19,118.560832,118.660957,118.492129,118.523374,1910838.000000,
2013-12-20,119.241455,119.373167,119.074043,119.129585,1554461.000000,
2013-12-23,120.655784,120.815804,120.613605,120.655191,4306889.000000,
2013-12-24,122.327181,122.487745,122.267171,122.329224,4225420.000000,
2013-12-25,120.516769,120.593689,120.500098,120.590301,723400.000000,
2013-12-26,119.348947,119.363205,119.269193,119.295468,1675392.000000,
2013-12-27,118.893206,118.948918,118.889981,118.911436,4777427.000000,
2013-12-30,118.198916,118.300779,117.976427,118.004463,1664657.000000,
2013-12-31,117.093891,117.137746,117.071394,117.128563,2327357.000000,
2014-01-01,116.807410,116.860055,116.607195,116.612469,828237.000000,
2014-01-02,115.687717,115.870610,115.633812,115.744733,799892.000000,
2014-01-03,116.449635,116.512311,116.218178,116.348218,1149107.000000,
2014-01-06,117.221189,117.250470,116.963945,117.206852,3935485.000000,
2014-01-07,115.419449,115.470273,115.329368,115.467927,2152120.000000,
2014-01-08,113.264714,113.364895,113.236462,113.259695,2900871.000000,
2014-01-09,111.609417,111.710435,111.419990,111.583834,1588256.000000,
2014-01-10,112.571714,112.680946,112.482591,112.630842,1417931.000000,
2014-01-13,111.864389,111.878993,111.743424,111.832854,4561754.000000,
2014-01-14,111.735325,111.824949,111.649647,111.773986,4665111.000000,
2014-01-15,112.103930,112.168987,112.077077,112.165384,4040780.000000,
2014-01-16,112.389628,112.411197,112.320254,112.389373,1981583.000000,
2014-01-17,111.558599,111.610770,111.451820,111.516135,4433932.000000,
2014-01-20,109.902545,109.926014,109.852739,109.904060,663536.000000,
2014-01-21,110.385257,110.487109,110.369241,110.435222,2106297.000000,
2014-01-22,109.062785,109.183928,109.039793,109.088296,3681591.000000,
2014-01-23,106.926446,106.972905,106.856848,106.942790,948686.000000,
2014-01-24,108.190735,108.267167,108.110021,108.121765,2115427.000000,
2014-01-27,108.498888,108.573600,108.467453,108.516121,1951535.000000,
2014-01-28,107.332315,107.411566,107.312723,107.315433,2012784.000000,
2014-01-29,107.826709,107.899514,107.555931,107.723584,3181675.000000,
2014-01-30,106.971771,107.064744,106.793977,106.981065,3030907.000000,
2014-01-31,108.034482,108.135243,107.792100,107.917932,4020675.000000,
2014-02-03,108.059541,108.103292,108.025834,108.052269,1788905.000000,
2014-02-04,108.020981,108.068683,107.996567,108.041841,4018647.000000,
2014-02-05,107.765795,107.876449,107.645169,107.676009,4253144.000000,
2014-02-06,106.656758,106.746102,106.599806,106.602710,2435457.000000,
2014-02-07,105.116192,105.300547,105.011753,105.219054,863576.000000,
2014-02-10,104.479532,104.659704,104.395366,104.476087,1280038.000000,
2014-02-11,105.042339,105.079794,105.018718,105.051219,3583534.000000,
2014-02-12,104.810535,104.842999,104.753114,104.834783,1066407.000000,
2014-02-13,103.453697,103.643581,103.432094,103.604947,2605761.000000,
2014-02-14,102.197085,102.227411,102.062705,102.122106,1818184.000000,
2014-02-17,103.283839,103.486791,103.175108,103.364624,711946.000000,
2014-02-18,101.757217,101.761001,101.670230,101.679671,1778601.000000,
2014-02-19,100.709627,100.742813,100.531113,100.735938,713141.000000,
2014-02-20,99.921910,99.988593,99.832921,99.888036,3568843.000000,
2014-02-21,101.625644,101.648361,101.495184,101.644617,1810779.000000,
2014-02-24,103.412327,103.510441,103.374073,103.404712,1562985.000000,
2014-02-25,103.013428,103.085497,102.790802,102.949970,2346335.000000,
2014-02-26,102.252669,102.259670,102.137566,102.232064,2376053.000000,
2014-02-27,103.062258,103.134688,103.034367,103.072843,1569205.000000,
2014-02-28,103.581144,103.663847,103.486124,103.542858,745918.000000,
2014-03-03,103.597459,103.600270,103.380018,103.539593,1061659.000000,
2014-03-04,104.945480,104.971798,104.853160,104.915127,3818441.000000,
2014-03-05,106.461317,106.497010,106.344720,106.434501,2279830.000000,
2014-03-06,107.012658,107.166135,106.986082,107.068370,838072.000000,
2014-03-07,104.112032,104.142179,104.028202,104.075335,2408780.000000,
2014-03-10,105.004064,105.056709,104.873853,105.038187,3591250.000000,
2014-03-11,105.056752,105.106565,105.031737,105.073764,4962819.000000,
2014-03-12,106.579934,106.693365,106.408912,106.520142,1144787.000000,
2014-03-13,107.458423,107.482179,107.320576,107.471475,1876829.000000,
2014-03-14,105.619082,105.686256,105.557637,105.650730,3444219.000000,
2014-03-17,105.688466,105.802508,105.560040,105.642462,2233722.000000,
2014-03-18,105.314473,105.420026,105.224490,105.295720,2793911.000000,
2014-03-19,105.273327,105.506620,105.271493,105.346544,1647298.000000,
2014-03-20,104.514727,104.609710,104.432558,104.574592,1011562.000000,
2014-03-21,106.044319,106.167089,105.997491,106.040556,3599251.000000,
2014-03-24,105.566882,105.630228,105.550538,105.602915,805107.000000,
2014-03-25,106.452289,106.506043,106.436916,106.494557,2284435.000000,
2014-03-26,106.682344,106.782886,106.600441,106.755590,1639361.000000,
2014-03-27,107.245368,107.327268,107.045652,107.214353,3694601.000000,
2014-03-28,107.725354,107.770937,107.582740,107.662314,567067.000000,
2014-03-31,105.699687,105.723346,105.623035,105.682093,3013027.000000,
2014-04-01,106.659394,106.773162,106.646754,106.688384,4091775.000000,
2014-04-02,106.197957,106.212748,106.049088,106.199606,2515960.000000,
2014-04-03,105.962191,106.034012,105.878559,105.936895,1621129.000000,
2014-04-04,106.991874,107.034120,106.887258,107.008186,2946106.000000,
2014-04-07,108.791667,108.801945,108.615024,108.736369,1354267.000000,
2014-04-08,107.661244,107.758738,107.587356,107.693121,3251243.000000,
2014-04-09,110.052590,110.151800,109.900486,110.024289,2279165.000000,
2014-04-10,111.198096,111.423120,111.116885,111.284434,2932651.000000,
2014-04-11,110.113709,110.181406,110.064364,110.147218,2607991.000000,
2014-04-14,113.155814,113.204925,113.033114,113.170967,3024581.000000,
2014-04-15,114.553485,114.647238,114.435279,114.457810,1065934.000000,
2014-04-16,114.559488,114.575049,114.433961,114.574090,1647037.000000,
2014-04-17,116.655629,116.754441,116.597385,116.645913,3169351.000000,
2014-04-18,115.877597,115.977668,115.800930,115.888328,2884161.000000,
2014-04-21,116.972346,117.029373,116.951115,116.954702,3546397.000000,
2014-04-22,116.495298,116.686232,116.466983,116.519030,1904125.000000,
2014-04-23,118.337755,118.384921,118.187172,118.276688,1285834.000000,
2014-04-24,117.589631,117.590884,117.494305,117.553621,4563049.000000,
2014-04-25,119.402369,119.435479,119.376464,119.406959,4510050.000000,
2014-04-28,120.342992,120.487362,120.297828,120.430787,1846230.000000,
2014-04-29,122.205339,122.270026,122.188644,122.216003,4763913.000000,
2014-04-30,124.192630,124.261872,124.088271,124.219680,4581836.000000,
2014-05-01,125.025321,125.125132,124.863337,124.954275,4982216.000000,
2014-05-02,123.871096,123.967331,123.825769,123.846259,3193619.000000,
2014-05-05,124.676780,124.836187,124.534893,124.790198,4193571.000000,
2014-05-06,124.575661,124.646622,124.368037,124.468157,2737176.000000,
2014-05-07,125.838883,125.871921,125.792649,125.826260,3755430.000000,
2014-05-08,126.064680,126.142127,126.064238,126.067978,1714443.000000,
2014-05-09,125.245924,125.269213,125.194761,125.257227,509654.000000,
2014-05-12,123.665298,123.831621,123.661074,123.816566,4392810.000000,
2014-05-13,125.452909,125.509619,125.325250,125.452731,1093118.000000,
2014-05-14,125.699882,125.774253,125.578561,125.751249,992711.000000,
2014-05-15,126.570236,126.631647,126.535413,126.602691,2534474.000000,
2014-05-16,127.128779,127.223642,126.993303,127.070609,4147231.000000,
2014-05-19,127.390459,127.517544,127.177981,127.371745,3321694.000000,
2014-05-20,127.275083,127.342283,127.111130,127.328446,1091304.000000,
2014-05-21,126.097680,126.259718,125.943007,126.015010,522206.000000,
2014-05-22,126.770901,126.846298,126.450604,126.582493,4891172.000000,
2014-05-23,124.665829,124.717842,124.574000,124.587663,1586699.000000,
2014-05-26,126.846062,126.858499,126.814097,126.850853,2575242.000000,
2014-05-27,127.382380,127.574346,127.356809,127.360874,4262257.000000,
2014-05-28,125.114712,125.192325,125.106612,125.144244,503870.000000,
2014-05-29,125.373713,125.566550,125.214363,125.311299,4896751.000000,
2014-05-30,124.913303,125.462469,124.892161,125.106181,4874636.000000,
2014-06-02,124.746159,124.909640,124.647639,124.889852,1589388.000000,
2014-06-03,126.881770,126.972984,126.814596,126.837400,4785422.000000,
2014-06-04,127.489668,127.545142,127.298769,127.453013,3867973.000000,
2014-06-05,127.777067,127.828499,127.770025,127.808078,3801795.000000,
2014-06-06,127.689610,127.774012,127.633691,127.642980,1493126.000000,
2014-06-09,128.249275,128.341519,128.200212,128.313954,3436874.000000,
2014-06-10,130.067540,130.230283,130.007461,130.157851,557452.000000,
2014-06-11,130.682717,130.691154,130.679002,130.690403,4855995.000000,
2014-06-12,131.712135,131.715489,131.477138,131.567723,3319249.000000,
2014-06-13,131.948722,132.046080,131.868967,131.982572,3152183.000000,
2014-06-16,132.822261,132.950753,132.790880,132.943722,4835139.000000,
2014-06-17,134.131526,134.174210,134.024326,134.125890,2140242.000000,
2014-06-18,134.367562,134.412235,134.290725,134.411025,909514.000000,
2014-06-19,135.774280,135.795520,135.670846,135.765566,2354874.000000,
2014-06-20,136.936120,136.976837,136.792554,136.944940,2020047.000000,
2014-06-23,136.897619,136.977840,136.633763,136.843774,4992113.000000,
2014-06-24,138.529511,138.769945,138.427302,138.597315,2272916.000000,
2014-06-25,137.934539,138.061859,137.831737,137.847345,1315669.000000,
2014-06-26,138.879795,138.902120,138.832293,138.849736,804170.000000,
2014-06-27,138.062968,138.118221,137.996314,138.095649,1995742.000000,
2014-06-30,139.567896,139.692205,139.493230,139.619291,4938417.000000,
2014-07-01,141.292262,141.456522,141.225072,141.291441,3457277.000000,
2014-07-02,140.421740,140.578622,140.308602,140.506280,3348277.000000,
2014-07-03,141.014949,141.159364,140.984339,141.103460,4519015.000000,
2014-07-04,141.624752,141.668143,141.426757,141.498462,2020644.000000,
2014-07-07,141.111043,141.226275,141.050045,141.104271,3348386.000000,
2014-07-08,143.955309,144.028745,143.888583,144.005504,2654489.000000,
2014-07-09,145.626937,145.809839,145.430656,145.585237,4502993.000000,
2014-07-10,143.582917,143.671445,143.562296,143.646899,1718546.000000,
2014-07-11,145.869686,145.928944,145.715860,145.877490,2395955.000000,
2014-07-14,147.769566,147.773887,147.698388,147.766227,4237831.000000,
2014-07-15,146.780055,146.837021,146.668876,146.673447,2182398.000000,
2014-07-16,145.473186,145.620365,145.346836,145.494047,2266296.000000,
2014-07-17,145.190585,145.209881,144.999598,145.100412,1436096.000000,
2014-07-18,144.650076,144.807867,144.467100,144.748189,4819152.000000,
2014-07-21,147.891410,147.925242,147.606325,147.650628,3743745.000000,
2014-07-22,147.572244,147.643579,147.518409,147.533893,4045457.000000,
2014-07-23,148.779448,148.871319,148.758655,148.848354,3157538.000000,
2014-07-24,148.597234,148.711527,148.434781,148.614992,4569355.000000,
2014-07-25,147.935347,148.026273,147.773804,147.953732,825224.000000,
2014-07-28,150.669045,150.835571,150.513551,150.735392,2359229.000000,
2014-07-29,152.778131,152.845357,152.724553,152.758803,1275924.000000,
2014-07-30,152.507968,152.670541,152.351728,152.633943,973668.000000,
2014-07-31,151.194097,151.472964,151.091426,151.271100,3032058.000000,
2014-08-01,153.388179,153.428572,153.317393,153.340027,3099293.000000,
2014-08-04,153.128300,153.184990,153.117035,153.177694,3534732.000000,
2014-08-05,152.893845,153.088184,152.745336,153.016761,3662605.000000,
2014-08-06,156.358183,156.434706,156.358165,156.408938,4116899.000000,
2014-08-07,152.485040,152.647033,152.330148,152.618253,1669629.000000,
2014-08-08,153.439335,153.472750,153.336019,153.458597,1552252.000000,
2014-08-11,153.267305,153.322580,153.193958,153.232231,4770659.000000,
2014-08-12,154.501722,154.609296,154.440322,154.508025,568562.000000,
2014-08-13,157.926581,157.992588,157.766869,157.848813,1799209.000000,
2014-08-14,156.931587,157.000990,156.808645,156.875990,4940544.000000,
2014-08-15,157.303219,157.335766,157.240880,157.316300,3344648.000000,
2014-08-18,155.796020,155.880234,155.671695,155.732174,3034946.000000,
2014-08-19,157.113582,157.177424,157.032404,157.123881,3736007.000000,
2014-08-20,156.038018,156.219059,155.951440,156.074408,3448253.000000,
2014-08-21,159.740910,159.823068,159.629571,159.715290,1550887.000000,
2014-08-22,162.140195,162.219958,162.097077,162.098275,1401320.000000,
2014-08-25,164.838550,165.097139,164.669826,164.933375,1230058.000000,
2014-08-26,167.550005,167.587077,167.435129,167.546814,3815511.000000,
2014-08-27,167.154840,167.169483,167.048023,167.152380,585334.000000,
2014-08-28,167.677897,167.856178,167.555595,167.686480,4999331.000000,
2014-08-29,168.111049,168.503042,167.952284,168.205876,2672406.000000,
2014-09-01,169.689969,169.828854,169.630600,169.682940,4140066.000000,
2014-09-02,170.030469,170.243952,169.717197,169.996663,643213.000000,
2014-09-03,167.868360,167.983979,167.828442,167.980228,1572649.000000,
2014-09-04,167.527885,167.566079,167.310686,167.395861,1733707.000000,
2014-09-05,165.305393,165.498348,165.242860,165.409007,845955.000000,
2014-09-08,164.630821,164.872414,164.424855,164.549671,1338253.000000,
2014-09-09,162.343810,162.358516,162.206023,162.322887,1292337.000000,
2014-09-10,160.708836,160.889724,160.547320,160.669273,853071.000000,
2014-09-11,160.702748,160.826743,160.700231,160.777922,3555763.000000,
2014-09-12,161.322372,161.438652,161.095611,161.173283,4182256.000000,
2014-09-15,162.288117,162.436783,162.208584,162.331726,2784149.000000,
2014-09-16,159.872938,159.965106,159.532951,159.838706,3157805.000000,
2014-09-17,160.244157,160.537610,160.243342,160.315811,1845608.000000,
2014-09-18,160.521721,160.623600,160.255260,160.335898,2475010.000000,
2014-09-19,160.601397,160.938610,160.252563,160.701622,2062337.000000,
2014-09-22,163.366869,163.530756,163.241177,163.312603,3348706.000000,
2014-09-23,164.078671,164.082043,163.966263,164.014305,4088537.000000,
2014-09-24,162.038065,162.039879,161.935263,162.008505,1086198.000000,
2014-09-25,158.371434,158.484302,158.223059,158.277738,1761887.000000,
2014-09-26,156.307028,156.466039,156.195568,156.377274,3849928.000000,
2014-09-29,156.478772,156.508728,156.250221,156.356380,3957680.000000,
2014-09-30,156.912122,156.992341,156.804890,156.805810,4411996.000000,
2014-10-01,158.859119,158.888154,158.832317,158.857327,3579782.000000,
2014-10-02,158.473259,158.542723,158.247592,158.517995,3436463.000000,
2014-10-03,158.637628,158.650049,158.470757,158.621404,2697394.000000,
2014-10-06,158.976322,159.125434,158.871071,159.080373,2344849.000000,
2014-10-07,159.963331,160.070603,159.876932,159.972339,4395592.000000,
2014-10-08,158.745006,158.997755,158.632644,158.814535,4088951.000000,
2014-10-09,159.296886,159.432169,159.056151,159.216185,2330576.000000,
2014-10-10,158.082839,158.415303,158.010661,158.183768,1274123.000000,
2014-10-13,155.741353,155.801409,155.638970,155.746265,4004648.000000,
2014-10-14,156.734507,156.855486,156.668452,156.780338,1940612.000000,
2014-10-15,156.983703,157.024052,156.964888,156.966612,4378715.000000,
2014-10-16,155.930210,156.039128,155.857647,155.879272,3101354.000000,
2014-10-17,153.596908,153.611944,153.442090,153.582399,1189747.000000,
2014-10-20,153.664984,153.765405,153.550382,153.760204,1731759.000000,
2014-10-21,149.597485,149.610227,149.492679,149.521185,1914963.000000,
2014-10-22,146.507300,146.575027,146.481018,146.501450,2497997.000000,
2014-10-23,143.943606,144.008423,143.763044,143.783325,770960.000000,
2014-10-24,146.748552,146.844202,146.511008,146.775527,764121.000000,
2014-10-27,145.173771,145.350488,145.124504,145.197502,4662034.000000,
2014-10-28,145.602404,145.869026,145.545099,145.777603,528024.000000,
2014-10-29,145.753409,145.867540,145.689333,145.709684,2977151.000000,
2014-10-30,145.697404,145.702724,145.498576,145.602011,2923727.000000,
2014-10-31,148.434712,148.543774,148.431792,148.507912,4632798.000000,
2014-11-03,149.035716,149.051465,149.030169,149.046764,763711.000000,
2014-11-04,147.771845,147.975366,147.658808,147.736562,1662828.000000,
2014-11-05,142.301564,142.312822,142.046646,142.231487,2794217.000000,
2014-11-06,141.668611,141.852572,141.646200,141.716643,532978.000000,
2014-11-07,141.908964,142.001756,141.744714,141.771200,3964230.000000,
2014-11-10,143.266973,143.329408,142.938268,143.069438,4368127.000000,
2014-11-11,147.825764,147.973874,147.698083,147.815879,2455959.000000,
2014-11-12,146.878992,146.970139,146.821333,146.842251,3043057.000000,
2014-11-13,145.117131,145.153568,145.004695,145.070073,2721513.000000,
2014-11-14,145.601197,145.750269,145.515434,145.626976,2561754.000000,
2014-11-17,147.330147,147.429733,147.247454,147.421704,2346681.000000,
2014-11-18,149.097056,149.184339,148.906524,149.026170,2663564.000000,
2014-11-19,147.135499,147.216305,147.111536,147.176465,2135483.000000,
2014-11-20,143.208277,143.351258,143.201172,143.291966,1232201.000000,
2014-11-21,143.788526,143.955519,143.702052,143.750928,716903.000000,
2014-11-24,145.638386,145.730653,145.534013,145.677346,544063.000000,
2014-11-25,147.149996,147.300814,147.013556,147.096350,2877741.000000,
2014-11-26,144.673296,144.757305,144.578975,144.600812,2611396.000000,
2014-11-27,144.577622,144.642579,144.392165,144.530958,1161398.000000,
2014-11-28,144.692656,144.848846,144.531875,144.793910,3138966.000000,
2014-12-01,144.708112,144.882985,144.580982,144.639850,3932554.000000,
2014-12-02,144.137794,144.248880,144.121802,144.146941,4071733.000000,
2014-12-03,140.685886,140.726759,140.544191,140.642337,1895140.000000,
2014-12-04,142.340421,142.462123,142.276834,142.343226,4432766.000000,
2014-12-05,142.677500,142.746517,142.442167,142.635061,2039049.000000,
2014-12-08,144.380521,144.429991,144.176437,144.221936,4646587.000000,
2014-12-09,143.961344,144.030007,143.807399,143.914730,4438079.000000,
2014-12-10,143.382583,143.473063,143.260255,143.360471,4799612.000000,
2014-12-11,141.621707,141.907964,141.541938,141.682775,1861216.000000,
2014-12-12,143.701625,143.792340,143.573217,143.708811,3352800.000000,
2014-12-15,143.275643,143.524349,143.143619,143.403001,4740284.000000,
2014-12-16,142.239695,142.523657,142.123230,142.288801,2978863.000000,
2014-12-17,134.541361,134.597634,134.414342,134.527000,3192208.000000,
2014-12-18,128.694967,128.750002,128.598213,128.690304,506737.000000,
2014-12-19,129.702974,129.785535,129.675055,129.722536,1938030.000000,
2014-12-22,127.352791,127.528310,127.323304,127.452529,2274233.000000,
2014-12-23,133.133997,133.307874,133.056048,133.220825,688770.000000,
2014-12-24,131.080090,131.105740,130.924297,131.010848,2357261.000000,
2014-12-25,130.996911,131.107972,130.988673,131.020443,2015729.000000,
2014-12-26,132.299014,132.393981,132.180454,132.202994,3110338.000000,
2014-12-29,131.696420,131.708621,131.529689,131.644058,4733690.000000,
2014-12-30,133.090128,133.146307,133.053383,133.086996,4955583.000000,
2014-12-31,131.735111,131.795305,131.600152,131.747802,4628249.000000,
2015-01-01,130.074367,130.281106,129.985675,130.182570,2398607.000000,
2015-01-02,132.147041,132.400771,132.031014,132.225459,2464656.000000,
2015-01-05,127.301204,127.396081,127.167987,127.287635,3064500.000000,
2015-01-06,127.231379,127.257222,127.145746,127.167535,4192058.000000,
2015-01-07,125.449093,125.723305,125.426427,125.496433,1979724.000000,
2015-01-08,127.078521,127.340844,126.934320,127.207988,2876948.000000,
2015-01-09,128.477205,128.495573,128.179914,128.354373,4010413.000000,
2015-01-12,126.989976,127.051089,126.753037,126.908772,755506.000000,
2015-01-13,129.135866,129.250322,129.104816,129.182176,4284140.000000,
2015-01-14,129.661777,129.732573,129.560777,129.720638,3083105.000000,
2015-01-15,129.591132,129.685577,129.510300,129.554507,4820171.000000,
2015-01-16,129.062640,129.357074,128.971955,129.018542,4699517.000000,
2015-01-19,128.934220,128.949024,128.835544,128.891077,2368997.000000,
2015-01-20,130.923061,131.061582,130.705122,130.836877,2558965.000000,
2015-01-21,131.197335,131.203999,131.001619,131.153444,3939503.000000,
2015-01-22,129.531353,129.550253,129.459918,129.472995,4343313.000000,
2015-01-23,133.401869,133.624782,133.310740,133.350064,1598805.000000,
2015-01-26,132.776596,132.943955,132.644837,132.717593,561767.000000,
2015-01-27,130.470227,130.591109,130.465642,130.547733,3953628.000000,
2015-01-28,131.724017,131.742731,131.544552,131.627502,4349643.000000,
2015-01-29,132.398937,132.593382,132.349217,132.545328,1271825.000000,
2015-01-30,134.433644,134.471794,134.285305,134.388722,2068997.000000,
2015-02-02,133.334633,133.442982,133.286996,133.403320,2961690.000000,
2015-02-03,133.497246,133.592007,133.458879,133.545496,4829212.000000,
2015-02-04,134.342398,134.360798,134.272493,134.295598,1774906.000000,
2015-02-05,134.549664,134.627101,134.435251,134.536448,4626364.000000,
2015-02-06,135.059133,135.147529,134.905565,135.058354,2258754.000000,
2015-02-09,137.238390,137.405024,137.121351,137.303950,3511998.000000,
2015-02-10,142.042366,142.220938,141.886161,142.006105,2953655.000000,
2015-02-11,140.180179,140.358551,140.131705,140.230583,2896161.000000,
2015-02-12,141.772683,141.845812,141.767722,141.781802,690661.000000,
2015-02-13,142.639351,142.738577,142.427653,142.630355,3524580.000000,
2015-02-16,141.885409,142.117532,141.750330,141.926945,1726489.000000,
2015-02-17,141.355587,141.540777,141.328656,141.433708,3468334.000000,
2015-02-18,143.133151,143.376989,143.100525,143.166077,3288164.000000,
2015-02-19,144.908161,145.098449,144.834581,144.944123,2479459.000000,
2015-02-20,149.098882,149.158703,148.999080,149.088743,1377543.000000,
2015-02-23,151.557481,151.665532,151.530691,151.566491,537256.000000,
2015-02-24,152.684599,152.755288,152.613393,152.727533,644771.000000,
2015-02-25,153.725855,153.967340,153.677340,153.916318,2770920.000000,
2015-02-26,152.246161,152.487611,152.144574,152.366106,4463152.000000,
2015-02-27,151.689910,151.910636,151.399107,151.666261,4557493.000000,
2015-03-02,152.538399,152.581517,152.478761,152.490345,3096347.000000,
2015-03-03,153.765092,153.832179,153.658301,153.724780,754304.000000,
2015-03-04,152.660683,152.722982,152.516983,152.666543,3042009.000000,
2015-03-05,153.531887,153.572565,153.269612,153.495440,2182510.000000,
2015-03-06,153.729607,153.997456,153.535878,153.694702,2030565.000000,
2015-03-09,158.918644,159.029839,158.825986,158.959871,2914954.000000,
2015-03-10,159.727645,159.835363,159.594826,159.787853,1555645.000000,
2015-03-11,161.851702,161.907705,161.662732,161.769054,2641546.000000,
2015-03-12,160.943121,161.050823,160.903519,160.999579,3987498.000000,
2015-03-13,162.563194,162.795005,162.563081,162.609107,3318129.000000,
2015-03-16,162.888946,162.979803,162.803947,162.830500,1711818.000000,
2015-03-17,164.884654,164.909905,164.692731,164.716662,4212529.000000,
2015-03-18,162.725211,162.794223,162.582644,162.793983,4101265.000000,
2015-03-19,173.010834,173.110234,172.991286,173.084110,1007040.000000,
2015-03-20,179.717422,179.729277,179.601127,179.705132,3309181.000000,
2015-03-23,173.725490,173.803795,173.544963,173.662380,635463.000000,
2015-03-24,182.172915,182.173725,182.075876,182.129273,4399611.000000,
2015-03-25,178.763673,178.891432,178.590441,178.664394,1380351.000000,
2015-03-26,181.727483,181.831269,181.611825,181.682413,4534515.000000,
2015-03-27,176.047213,176.237032,175.879170,175.901137,2177275.000000,
2015-03-30,177.744246,177.944081,177.380366,177.592684,1855442.000000,
2015-03-31,167.610190,167.726271,167.546101,167.612326,4936198.000000,
2015-04-01,170.060948,170.295897,169.736060,170.177554,4415862.000000,
2015-04-02,167.723055,167.775789,167.625871,167.654168,3931806.000000,
2015-04-03,171.897695,172.074816,171.647475,171.846387,694815.000000,
2015-04-06,172.111933,172.188414,171.958143,172.048236,4862593.000000,
2015-04-07,177.675750,177.771628,177.520935,177.574345,2771127.000000,
2015-04-08,179.321974,179.409672,179.261199,179.349952,3890845.000000,
2015-04-09,176.685739,176.705910,176.619077,176.655656,1536378.000000,
2015-04-10,176.364819,176.464618,176.132558,176.460938,2260796.000000,
2015-04-13,176.617225,176.762963,176.302704,176.643104,2532571.000000,
2015-04-14,177.005682,177.162057,176.868042,176.901442,4218249.000000,
2015-04-15,177.832639,177.966683,177.832029,177.890730,2722533.000000,
2015-04-16,176.546066,176.788197,176.288200,176.461052,1603803.000000,
2015-04-17,177.890462,177.927788,177.761485,177.846043,3124901.000000,
2015-04-20,176.947334,177.076290,176.771567,177.028237,3121809.000000,
2015-04-21,173.548720,173.675240,173.511943,173.556974,710572.000000,
2015-04-22,176.381658,176.647547,176.367403,176.463768,2662338.000000,
2015-04-23,173.358340,173.359552,173.238222,173.310940,4891399.000000,
2015-04-24,177.452007,177.558781,177.003280,177.350257,1731009.000000,
2015-04-27,176.891195,176.985928,176.671398,176.786989,1031602.000000,
2015-04-28,179.293500,179.382836,179.005073,179.193464,2174085.000000,
2015-04-29,175.118618,175.159656,175.072688,175.144210,1758345.000000,
2015-04-30,177.485822,177.632598,177.434835,177.456317,3881725.000000,
2015-05-01,181.342010,181.370626,181.086557,181.228027,4449879.000000,
2015-05-04,182.612154,182.718143,182.511417,182.646828,832462.000000,
2015-05-05,184.906407,184.931434,184.598360,184.772346,552745.000000,
2015-05-06,188.194381,188.298773,188.112893,188.247644,1085005.000000,
2015-05-07,186.265630,186.575541,186.218248,186.243524,3660606.000000,
2015-05-08,189.466666,189.758904,189.338137,189.506941,3657786.000000,
2015-05-11,191.288652,191.412009,190.976659,191.327790,2772024.000000,
2015-05-12,190.344206,190.400938,190.291187,190.305302,4768829.000000,
2015-05-13,186.339513,186.364301,186.171337,186.179744,3146974.000000,
2015-05-14,185.949767,186.104117,185.733620,186.033578,3846829.000000,
2015-05-15,187.340735,187.460702,186.936270,187.403469,2592647.000000,
2015-05-18,186.028305,186.078420,185.973549,185.977200,1286860.000000,
2015-05-19,186.404881,186.567048,186.340690,186.422569,3350477.000000,
2015-05-20,186.859774,187.066917,186.610512,186.928050,3330741.000000,
2015-05-21,186.304137,186.469689,185.988285,186.011746,4928830.000000,
2015-05-22,184.391023,184.430393,184.362542,184.399242,4572576.000000,
2015-05-25,183.917717,183.940023,183.802785,183.931309,879889.000000,
2015-05-26,186.169994,186.248169,185.898229,186.168316,2338463.000000,
2015-05-27,184.897859,184.903319,184.249263,184.727985,3433511.000000,
2015-05-28,187.211687,187.305581,187.053963,187.198265,1100623.000000,
2015-05-29,187.142129,187.331423,187.080756,187.179616,515797.000000,
2015-06-01,186.581367,186.745550,186.455689,186.574795,2365983.000000,
2015-06-02,185.519996,185.686918,185.448973,185.552854,771773.000000,
2015-06-03,185.704343,186.095936,185.513589,185.829448,1586754.000000,
2015-06-04,186.912107,186.951502,186.743834,186.830694,1143389.000000,
2015-06-05,183.293429,183.297125,182.936170,183.193207,4638961.000000,
2015-06-08,186.950304,187.149301,186.821560,186.967576,970666.000000,
2015-06-09,188.980173,189.157524,188.809740,188.969154,1962818.000000,
2015-06-10,186.898924,186.960343,186.803140,186.915095,2019886.000000,
2015-06-11,187.725714,187.984327,187.582431,187.822567,2784017.000000,
2015-06-12,185.805604,185.970956,185.733143,185.842541,4567593.000000,
2015-06-15,187.754457,187.812721,187.540209,187.738082,659435.000000,
2015-06-16,187.019036,187.158442,186.918204,187.020511,782906.000000,
2015-06-17,186.730812,186.872625,186.650168,186.764043,4341513.000000,
2015-06-18,186.680224,186.767112,186.565752,186.653565,1300988.000000,
2015-06-19,189.113360,189.455270,189.002001,189.209418,1665268.000000,
2015-06-22,191.533212,191.910021,191.348169,191.681026,4327253.000000,
2015-06-23,191.206357,191.214110,191.080355,191.147686,2247502.000000,
2015-06-24,188.874968,188.906498,188.527381,188.692853,2166353.000000,
2015-06-25,187.692875,187.799022,187.606908,187.718292,2376294.000000,
2015-06-26,190.997926,191.124424,190.667894,190.977844,4167580.000000,
2015-06-29,194.008243,194.296310,193.986842,194.222568,4813464.000000,
2015-06-30,193.791257,193.999033,193.508080,193.854825,2505376.000000,
2015-07-01,191.901512,191.925569,191.834232,191.901079,3716689.000000,
2015-07-02,192.616280,192.836604,192.433465,192.535670,3944428.000000,
2015-07-03,191.593717,191.672684,191.048076,191.289324,3160688.000000,
2015-07-06,195.326596,195.401316,195.031239,195.188473,2776436.000000,
2015-07-07,195.389352,195.469485,195.324427,195.390633,3602413.000000,
2015-07-08,195.311937,195.494920,195.100496,195.449076,4695933.000000,
2015-07-09,194.728443,194.861972,194.585917,194.655275,4358334.000000,
2015-07-10,195.636843,195.970659,195.324891,195.804819,3572296.000000,
2015-07-13,195.374973,195.743714,195.285168,195.386641,853403.000000,
2015-07-14,193.839964,194.042449,193.839324,193.888408,2947704.000000,
2015-07-15,192.172310,192.234420,191.933140,192.068116,2799507.000000,
2015-07-16,190.466845,190.571299,190.414832,190.531691,2601145.000000,
2015-07-17,192.113185,192.390806,191.740445,192.006912,4493825.000000,
2015-07-20,192.969753,193.110787,192.490649,192.802770,2709893.000000,
2015-07-21,193.148586,193.269598,192.892291,193.055441,1025560.000000,
2015-07-22,194.607428,194.713812,194.520726,194.554977,1181875.000000,
2015-07-23,195.091144,195.177528,194.821630,195.078005,1693630.000000,
2015-07-24,196.120392,196.360045,195.888745,195.944977,2871539.000000,
2015-07-27,194.903656,194.984877,194.726832,194.932500,2908241.000000,
2015-07-28,198.006003,198.246496,197.846687,198.058774,2023011.000000,
2015-07-29,200.647065,200.864269,200.425436,200.626202,3625120.000000,
2015-07-30,200.301972,200.587229,200.182615,200.388454,3599379.000000,
2015-07-31,198.771029,198.813825,198.600101,198.682592,4662733.000000,
2015-08-03,198.801623,198.993216,198.661419,198.879274,1369319.000000,
2015-08-04,199.448493,199.617999,199.354099,199.547931,1454278.000000,
2015-08-05,196.233976,196.283308,196.022848,196.175719,3205506.000000,
2015-08-06,195.043102,195.137228,194.791621,195.131020,3039473.000000,
2015-08-07,196.435536,196.504323,196.294853,196.451091,3253809.000000,
2015-08-10,196.483673,196.680914,196.348318,196.351761,3026912.000000,
2015-08-11,197.688098,197.860323,197.355025,197.621768,4465296.000000,
2015-08-12,196.932185,197.184405,196.834125,196.974255,928659.000000,
2015-08-13,194.208850,194.285377,193.949728,193.994597,2140687.000000,
2015-08-14,190.301215,190.392105,190.194085,190.256949,3198912.000000,
2015-08-17,190.405719,190.689765,190.251996,190.447697,4417926.000000,
2015-08-18,192.804907,192.952506,192.721437,192.726995,1880224.000000,
2015-08-19,191.111549,191.177293,190.953333,191.063806,1389742.000000,
2015-08-20,190.348189,190.444130,190.320814,190.323629,3495131.000000,
2015-08-21,188.028073,188.199549,187.961124,188.188456,4231825.000000,
2015-08-24,190.281741,190.354043,190.152955,190.190284,517666.000000,
2015-08-25,191.209092,191.300205,191.204431,191.236929,2814894.000000,
2015-08-26,191.798575,191.899891,191.731055,191.837556,1602785.000000,
2015-08-27,191.860399,191.861959,191.713618,191.812444,4670783.000000,
2015-08-28,191.919756,191.959037,191.790686,191.868302,3931450.000000,
2015-08-31,190.664083,190.809848,190.616989,190.694966,4282436.000000,
2015-09-01,191.477811,191.502156,191.216982,191.397259,4043823.000000,
2015-09-02,191.455920,191.599500,191.416088,191.490336,1605160.000000,
2015-09-03,189.788027,189.931459,189.637093,189.890653,1565239.000000,
2015-09-04,193.175082,193.627501,193.097711,193.303187,1587908.000000,
2015-09-07,192.492067,192.637658,192.390015,192.525249,3192380.000000,
2015-09-08,190.304314,190.432179,190.116467,190.158837,2309058.000000,
2015-09-09,189.582472,190.130714,189.476133,189.805730,2900928.000000,
2015-09-10,190.485650,190.676822,190.440085,190.527652,1344823.000000,
2015-09-11,189.085959,189.090025,188.937802,189.069404,2986364.000000,
2015-09-14,190.635365,190.676767,190.511748,190.585969,2170315.000000,
2015-09-15,190.961410,191.150996,190.659991,190.843772,1458699.000000,
2015-09-16,193.403499,193.642367,193.397480,193.401665,2371776.000000,
2015-09-17,192.693142,192.796124,192.452029,192.716320,2032127.000000,
2015-09-18,192.700933,193.055988,192.547819,192.837883,2589098.000000,
2015-09-21,189.950857,190.054306,189.516908,189.735398,1061409.000000,
2015-09-22,191.364345,191.481516,191.304536,191.397540,2995999.000000,
2015-09-23,190.189377,190.201043,190.102789,190.186312,4465213.000000,
2015-09-24,192.750334,192.897113,192.477299,192.876606,988369.000000,
2015-09-25,192.805897,192.994611,192.773083,192.779241,4945202.000000,
2015-09-28,197.794018,197.923924,197.774414,197.904680,4016728.000000,
2015-09-29,198.238625,198.248397,198.090906,198.157376,1004658.000000,
2015-09-30,197.090188,197.224915,196.936968,197.210146,2054593.000000,
2015-10-01,200.331742,200.568305,200.139338,200.142932,1650550.000000,
2015-10-02,198.087197,198.357202,197.824245,198.278940,3483976.000000,
2015-10-05,196.278126,196.288642,196.236244,196.266463,2178713.000000,
2015-10-06,197.915370,198.298177,197.675555,198.032080,4782679.000000,
2015-10-07,196.263646,196.481563,196.221318,196.388001,729575.000000,
2015-10-08,195.397477,195.587004,195.233658,195.444279,3029646.000000,
2015-10-09,192.765440,193.083852,192.632878,192.934690,1985652.000000,
2015-10-12,190.770326,191.118389,190.723952,190.862816,3244526.000000,
2015-10-13,194.665982,194.750392,194.612712,194.655434,590141.000000,
2015-10-14,197.036452,197.117316,196.795557,196.923917,1962988.000000,
2015-10-15,196.239187,196.344052,196.196207,196.339872,742695.000000,
2015-10-16,197.112167,197.379425,196.946223,197.141968,1393361.000000,
2015-10-19,199.593089,199.850727,199.500571,199.651974,4621455.000000,
2015-10-20,197.652590,197.697516,197.571867,197.579511,4101749.000000,
2015-10-21,197.831192,197.865602,197.719805,197.826870,4703564.000000,
2015-10-22,197.954208,197.995711,197.435257,197.726199,1233888.000000,
2015-10-23,198.147999,198.318335,197.945558,198.149452,2878506.000000,
2015-10-26,198.364116,198.389837,198.159938,198.310479,3057347.000000,
2015-10-27,196.326035,196.429053,196.167746,196.174419,2215056.000000,
2015-10-28,195.673848,195.853409,195.387071,195.664450,1954077.000000,
2015-10-29,198.268266,198.459919,198.151662,198.335724,1242171.000000,
2015-10-30,195.680457,195.923615,195.483340,195.886218,2699330.000000,
2015-11-02,196.115977,196.125389,196.036031,196.117223,4569325.000000,
2015-11-03,193.407378,193.558231,193.216328,193.305867,1899148.000000,
2015-11-04,193.136987,193.154089,193.055577,193.131795,4654008.000000,
2015-11-05,195.182703,195.268338,195.162930,195.250600,1825587.000000,
2015-11-06,198.695886,198.709452,198.484646,198.587423,2726231.000000,
2015-11-09,198.588413,198.887052,198.497568,198.703650,1862729.000000,
2015-11-10,197.931805,198.144713,197.673423,197.845918,3729853.000000,
2015-11-11,200.576814,200.638354,200.427645,200.460844,1875575.000000,
2015-11-12,200.991198,201.200637,200.894803,200.998475,4850267.000000,
2015-11-13,199.090497,199.101149,199.033459,199.069349,4111607.000000,
2015-11-16,196.352325,196.506480,196.258597,196.264897,2849044.000000,
2015-11-17,195.462693,195.802275,195.307033,195.381116,994987.000000,
2015-11-18,205.773162,205.999814,205.646055,205.778233,3997167.000000,
2015-11-19,208.533670,208.919561,208.493956,208.683477,2559573.000000,
2015-11-20,207.710416,207.814609,207.388318,207.480917,4757173.000000,
2015-11-23,200.722553,200.835473,200.670049,200.778368,2015742.000000,
2015-11-24,213.653677,213.748143,213.385909,213.632552,4121744.000000,
2015-11-25,207.574485,207.859721,207.205872,207.344079,4897568.000000,
2015-11-26,223.354492,223.462310,223.090945,223.148827,2586866.000000,
2015-11-27,219.836449,219.938104,219.698058,219.824232,1664129.000000,
2015-11-30,220.529287,220.558892,220.070149,220.163119,1460563.000000,
2015-12-01,232.534240,232.772496,232.485902,232.697782,1137595.000000,
2015-12-02,217.080034,217.510078,216.917819,217.256610,4391375.000000,
2015-12-03,217.805343,218.068887,217.701677,217.830686,4838398.000000,
2015-12-04,211.760229,211.824373,211.667768,211.794592,4061218.000000,
2015-12-07,215.364079,215.666688,215.310711,215.520007,4607782.000000,
2015-12-08,224.963846,225.156946,224.656122,224.876344,3331614.000000,
2015-12-09,227.670236,227.912974,227.325172,227.495681,4330308.000000,
2015-12-10,218.517724,218.540202,218.408977,218.411578,4376207.000000,
2015-12-11,229.357053,229.478014,229.210920,229.294136,3463123.000000,
2015-12-14,233.649460,233.820302,233.052705,233.584682,2368152.000000,
2015-12-15,222.212013,222.780272,222.024778,222.543207,2441576.000000,
2015-12-16,221.237521,221.266834,221.120141,221.154704,4310701.000000,
2015-12-17,216.121032,216.411143,215.584716,216.005961,2660670.000000,
2015-12-18,221.138724,221.315192,221.073932,221.105968,542932.000000,
2015-12-21,224.309657,224.535800,224.034370,224.253311,1919132.000000,
2015-12-22,229.487873,229.730022,229.319537,229.459002,3505457.000000,
2015-12-23,228.386010,228.517935,228.187549,228.386572,733654.000000,
2015-12-24,221.910017,222.159229,221.894470,222.155481,1939888.000000,
2015-12-25,217.459150,217.780805,217.318316,217.487160,2923678.000000,
2015-12-28,219.383172,219.516625,219.117327,219.266439,2746992.000000,
2015-12-29,231.967657,232.186244,231.795935,232.053110,2745957.000000,
2015-12-30,235.294822,235.368094,235.232801,235.289349,1277918.000000,
2015-12-31,230.565397,230.638183,230.515220,230.532833,718860.000000,
2016-01-01,235.955047,236.047460,235.640737,235.982499,1069504.000000,
2016-01-04,235.208368,235.282693,234.918206,235.140179,3646328.000000,
2016-01-05,245.326686,245.447365,245.033296,245.187511,1317070.000000,
2016-01-06,243.647380,243.658295,243.558759,243.588363,968458.000000,
2016-01-07,240.834594,240.863987,240.714138,240.784141,3705038.000000,
2016-01-08,245.728898,245.996208,245.658063,245.970238,3843719.000000,
2016-01-11,238.148378,238.402495,237.811900,238.226349,3230522.000000,
2016-01-12,238.725575,239.114977,238.468919,238.855822,1992730.000000,
2016-01-13,238.822279,239.148639,238.779448,239.084785,4682681.000000,
2016-01-14,236.549510,236.569969,236.379778,236.485492,3129444.000000,
2016-01-15,233.553586,234.032813,233.478053,233.805444,3422632.000000,
2016-01-18,232.696008,232.976512,232.563952,232.796844,1530178.000000,
2016-01-19,234.171577,234.383716,234.056485,234.133873,2692309.000000,
2016-01-20,233.222054,233.326158,232.939910,233.292690,4362117.000000,
2016-01-21,230.800064,230.927712,230.771988,230.806130,2331028.000000,
2016-01-22,228.596459,228.758541,228.497169,228.656198,3708887.000000,
2016-01-25,227.536707,227.659137,227.063816,227.402990,2914622.000000,
2016-01-26,226.331854,226.645324,226.123511,226.425174,4108318.000000,
2016-01-27,219.349124,219.440547,219.205593,219.244962,4233142.000000,
2016-01-28,222.032857,222.073043,221.979257,222.042127,2476722.000000,
2016-01-29,220.530621,220.614083,220.337555,220.520774,1284721.000000,
2016-02-01,217.723697,218.080568,217.555873,217.821025,829316.000000,
2016-02-02,217.584589,217.584732,217.485525,217.534951,2734734.000000,
2016-02-03,215.751510,215.989513,215.732641,215.854754,1873839.000000,
2016-02-04,214.117534,214.140436,213.841356,213.995665,3615646.000000,
2016-02-05,213.064713,213.284541,212.690528,212.909228,2139769.000000,
2016-02-08,209.432936,209.476886,209.374364,209.419527,4381170.000000,
2016-02-09,207.874394,207.979790,207.721321,207.864868,4973378.000000,
2016-02-10,206.781521,206.890868,206.780192,206.856424,4622200.000000,
2016-02-11,203.731039,203.806625,203.564928,203.575821,2932617.000000,
2016-02-12,205.408442,205.435034,205.317694,205.372016,3635175.000000,
2016-02-15,206.008521,206.150075,205.901199,206.084354,1304445.000000,
2016-02-16,199.628830,199.672924,199.484300,199.670161,2625429.000000,
2016-02-17,200.327159,200.552845,200.160600,200.462353,3260475.000000,
2016-02-18,200.331698,200.408527,200.218278,200.389072,3526636.000000,
2016-02-19,198.976969,199.098476,198.899350,198.905507,1233937.000000,
2016-02-22,194.991940,195.205919,194.732173,194.851163,4642496.000000,
2016-02-23,189.912536,189.932267,189.820448,189.880428,3735130.000000,
2016-02-24,188.674593,188.700283,188.169952,188.526717,2793323.000000,
2016-02-25,184.260232,184.318058,183.985446,184.162158,2995879.000000,
2016-02-26,178.084340,178.420565,177.910225,178.180340,4940973.000000,
2016-02-29,178.116083,178.267717,177.986706,178.091682,1302472.000000,
2016-03-01,180.134278,180.308650,179.931560,180.148182,1516835.000000,
2016-03-02,178.549328,178.551978,178.336145,178.416599,3755842.000000,
2016-03-03,177.942281,178.259887,177.926728,178.004922,2926480.000000,
2016-03-04,178.229179,178.324469,178.178922,178.322897,3026651.000000,
2016-03-07,185.397431,186.011636,185.334853,185.638051,2290870.000000,
2016-03-08,183.008817,183.156945,182.818982,183.113985,1165905.000000,
2016-03-09,188.360172,188.480276,188.205484,188.312470,3347394.000000,
2016-03-10,182.738293,182.857353,182.440886,182.660318,4644968.000000,
2016-03-11,188.877179,189.110161,188.792077,188.980230,3645497.000000,
2016-03-14,187.732571,187.796068,187.527400,187.582256,1008549.000000,
2016-03-15,184.800359,184.819207,184.746124,184.772471,2000786.000000,
2016-03-16,181.738779,181.830577,181.698365,181.718934,3069321.000000,
2016-03-17,179.767558,180.009149,179.740895,179.928996,3702635.000000,
2016-03-18,178.039285,178.138036,177.943747,178.078072,1751401.000000,
2016-03-21,177.104981,177.213003,176.825593,177.038309,1874621.000000,
2016-03-22,177.260077,177.355702,177.156237,177.257090,2493487.000000,
2016-03-23,174.947146,175.037717,174.893774,174.914110,3617313.000000,
2016-03-24,174.449674,174.613872,174.249706,174.501907,1458010.000000,
2016-03-25,174.316152,174.433450,174.227847,174.276816,4466626.000000,
2016-03-28,173.829838,174.058688,173.727930,173.999472,3116183.000000,
2016-03-29,173.671505,173.810406,173.615981,173.779105,1878129.000000,
2016-03-30,174.091604,174.298107,173.953789,174.172946,2438049.000000,
2016-03-31,175.517214,175.588940,175.439020,175.452201,4923476.000000,
2016-04-01,172.387672,172.419639,172.282923,172.288512,4286638.000000,
2016-04-04,175.083425,175.150165,174.877769,175.104551,4095710.000000,
2016-04-05,176.022959,176.102002,175.758939,176.020044,1372710.000000,
2016-04-06,174.790501,174.892791,174.672690,174.836208,836933.000000,
2016-04-07,175.545806,175.564048,175.495899,175.536884,4556029.000000,
2016-04-08,176.254976,176.463555,176.227347,176.251203,1234802.000000,
2016-04-11,179.145321,179.179194,179.065882,179.079569,2464911.000000,
2016-04-12,176.047252,176.135764,175.998133,176.049745,4401419.000000,
2016-04-13,180.366612,180.557161,180.217028,180.259758,1802674.000000,
2016-04-14,176.783680,177.206813,176.649476,176.854717,2150177.000000,
2016-04-15,178.934480,178.982861,178.824116,178.888099,2981304.000000,
2016-04-18,180.409793,180.574481,180.131601,180.344550,3908155.000000,
2016-04-19,182.222321,182.317692,182.210666,182.309609,4660335.000000,
2016-04-20,177.771652,178.088033,177.676940,177.757464,4522318.000000,
2016-04-21,175.747450,175.909576,175.580476,175.830400,523384.000000,
2016-04-22,177.063472,177.106060,176.985915,176.996549,3948952.000000,
2016-04-25,175.970793,176.188815,175.733965,175.999067,2368486.000000,
2016-04-26,177.639318,177.756346,177.505252,177.510677,3567030.000000,
2016-04-27,179.252898,179.629989,179.229739,179.442529,3638547.000000,
2016-04-28,178.193544,178.203747,177.602862,178.053780,2905802.000000,
2016-04-29,179.755165,180.021628,179.668938,179.703291,3737892.000000,
2016-05-02,179.124462,179.361877,179.054186,179.279286,937174.000000,
2016-05-03,182.039982,182.042426,181.873684,182.029046,1109689.000000,
2016-05-04,181.441584,181.556825,181.441501,181.512895,3954880.000000,
2016-05-05,184.837510,184.990875,184.736399,184.759430,3509776.000000,
2016-05-06,185.450638,185.519578,185.319645,185.368687,4902492.000000,
2016-05-09,184.980065,185.233076,184.932231,185.171714,4647667.000000,
2016-05-10,181.674695,181.790186,181.376273,181.496447,2383789.000000,
2016-05-11,181.848062,181.863292,181.685701,181.849005,2706012.000000,
2016-05-12,179.352082,179.479362,179.331187,179.443035,1603522.000000,
2016-05-13,179.694718,179.940430,179.429578,179.644353,4227308.000000,
2016-05-16,180.314109,180.364815,179.960208,180.054127,2249699.000000,
2016-05-17,181.179881,181.464420,181.035517,181.189936,4928810.000000,
2016-05-18,184.402400,184.770110,184.322585,184.433820,3276639.000000,
2016-05-19,188.066231,188.111082,187.956468,187.999231,724341.000000,
2016-05-20,186.246220,186.553539,186.173536,186.468860,2226429.000000,
2016-05-23,184.424476,184.519714,184.341990,184.494383,1159255.000000,
2016-05-24,183.433425,183.604745,183.424779,183.488521,2233810.000000,
2016-05-25,182.578924,182.738626,182.402040,182.584225,4730443.000000,
2016-05-26,184.442947,184.542057,184.312309,184.512351,1762292.000000,
2016-05-27,181.159738,181.340877,181.017970,181.308237,4821566.000000,
2016-05-30,180.960845,181.082063,180.852016,180.873197,3528284.000000,
2016-05-31,181.609127,181.764228,181.518757,181.634799,3647810.000000,
2016-06-01,183.479617,183.640248,183.340524,183.470663,4845398.000000,
2016-06-02,183.506876,183.559436,183.130806,183.270254,4105990.000000,
2016-06-03,180.586242,180.638924,180.501847,180.509572,676990.000000,
2016-06-06,183.732671,183.783232,183.357262,183.650029,4382499.000000,
2016-06-07,183.809911,183.890763,183.578981,183.766628,1881780.000000,
2016-06-08,183.329386,183.751480,183.154129,183.443513,2071089.000000,
2016-06-09,184.980005,185.050290,184.883059,185.042039,2954153.000000,
2016-06-10,185.116514,185.234305,184.893731,185.151508,3494052.000000,
2016-06-13,185.031652,185.203738,184.966606,185.017295,3672695.000000,
2016-06-14,187.187266,187.205381,187.148875,187.198345,4770160.000000,
2016-06-15,189.203112,189.456325,189.201437,189.265066,2216795.000000,
2016-06-16,190.606767,190.713352,190.464617,190.653098,3318898.000000,
2016-06-17,193.419510,193.810515,193.381068,193.500811,2609017.000000,
2016-06-20,188.494214,188.605101,188.482506,188.595751,4111480.000000,
2016-06-21,186.330447,186.367143,186.216006,186.311226,3115569.000000,
2016-06-22,187.230006,187.397294,187.054261,187.359780,4050616.000000,
2016-06-23,186.681306,186.890449,186.520395,186.852875,3128604.000000,
2016-06-24,183.496932,183.759436,183.423552,183.623712,4573932.000000,
2016-06-27,180.974238,181.256526,180.925743,181.147760,4314030.000000,
2016-06-28,181.451539,181.531523,181.351091,181.451522,2110263.000000,
2016-06-29,180.059152,180.141905,180.054573,180.128261,4630621.000000,
2016-06-30,182.668237,182.749434,182.637722,182.727639,4869340.000000,
2016-07-01,177.729998,177.962450,177.528154,177.956405,1312465.000000,
2016-07-04,175.646675,175.657723,175.510176,175.580489,1750741.000000,
2016-07-05,173.608676,173.661021,173.449914,173.650316,4666819.000000,
2016-07-06,172.190799,172.307877,172.023560,172.140202,4825641.000000,
2016-07-07,174.253967,174.789693,174.105418,174.496699,886396.000000,
2016-07-08,176.058327,176.335496,175.859161,176.031112,4409177.000000,
2016-07-11,172.598958,172.784135,172.453924,172.503052,4425050.000000,
2016-07-12,171.581443,171.637681,171.419557,171.510734,3370885.000000,
2016-07-13,167.653694,167.685910,167.603325,167.663720,3596120.000000,
2016-07-14,167.869182,167.899022,167.660528,167.732574,2561900.000000,
2016-07-15,163.805453,163.935076,163.664080,163.833802,2090682.000000,
2016-07-18,164.524201,164.536355,164.140847,164.475576,1880253.000000,
2016-07-19,163.468876,163.580115,163.412352,163.503092,936132.000000,
2016-07-20,162.851167,162.872773,162.749919,162.807110,3570885.000000,
2016-07-21,162.427551,162.558725,162.355191,162.516764,3388521.000000,
2016-07-22,164.582344,164.692227,164.236164,164.525628,4870951.000000,
2016-07-25,164.281565,164.483100,164.280896,164.448932,4534999.000000,
2016-07-26,164.059246,164.109568,163.886728,164.039478,2255957.000000,
2016-07-27,161.536782,161.714566,161.510403,161.636735,3823136.000000,
2016-07-28,164.083597,164.119465,164.010868,164.098425,2069867.000000,
2016-07-29,163.059297,163.325267,162.931935,163.213390,1363860.000000,
2016-08-01,163.196673,163.290096,163.140829,163.200956,2738811.000000,
2016-08-02,163.528991,163.568185,163.436185,163.489006,1408401.000000,
2016-08-03,166.487659,166.509073,166.352523,166.455623,663887.000000,
2016-08-04,167.016331,167.140706,166.925142,167.115513,1798759.000000,
2016-08-05,167.934624,167.997093,167.715568,167.917109,4673815.000000,
2016-08-08,170.669323,170.773692,170.488257,170.659982,2910593.000000,
2016-08-09,170.174631,170.302615,169.714373,170.068853,4271945.000000,
2016-08-10,169.320646,169.545771,169.176118,169.239775,2749165.000000,
2016-08-11,167.831786,168.020686,167.763270,167.778379,2377602.000000,
2016-08-12,166.539295,166.659487,166.499592,166.634239,915909.000000,
2016-08-15,168.883997,168.885562,168.739293,168.774561,1552711.000000,
2016-08-16,168.415261,168.767315,168.365853,168.485367,4622396.000000,
2016-08-17,165.647460,165.740288,165.560922,165.642054,3740985.000000,
2016-08-18,161.868446,162.109533,161.762414,161.838896,2335983.000000,
2016-08-19,164.642287,164.771805,164.561113,164.742165,807746.000000,
2016-08-22,165.753420,166.005077,165.735043,165.808576,4916538.000000,
2016-08-23,166.046534,166.397712,165.825330,166.069891,2529003.000000,
2016-08-24,166.586354,166.747020,166.463449,166.639742,2803072.000000,
2016-08-25,165.603254,165.796001,165.423114,165.539331,771269.000000,
2016-08-26,165.656452,165.726166,165.602292,165.699579,2165906.000000,
2016-08-29,165.728149,165.745081,165.472740,165.565876,2524572.000000,
2016-08-30,166.559130,166.583374,166.345095,166.556868,4567135.000000,
2016-08-31,165.686203,165.698438,165.455980,165.477203,1407363.000000,
2016-09-01,165.233730,165.239427,165.019418,165.146800,3546833.000000,
2016-09-02,166.342057,166.451336,166.193071,166.356318,2212690.000000,
2016-09-05,166.588645,166.813016,166.460661,166.545518,957485.000000,
2016-09-06,167.268484,167.362746,166.986712,167.180509,1419631.000000,
2016-09-07,167.234765,167.460633,167.225454,167.289703,2249593.000000,
2016-09-08,166.889337,166.977302,166.829042,166.840342,4004409.000000,
2016-09-09,165.942585,166.117580,165.847262,165.941229,1999601.000000,
2016-09-12,165.736730,165.854590,165.645238,165.729723,2793924.000000,
2016-09-13,166.412371,166.461170,166.325106,166.393377,3532404.000000,
2016-09-14,166.993538,167.028797,166.934049,166.940539,2707377.000000,
2016-09-15,163.661362,163.902701,163.604700,163.759261,2564356.000000,
2016-09-16,165.218030,165.426827,165.166372,165.394319,2560368.000000,
2016-09-19,164.082743,164.482527,164.061797,164.161256,4538456.000000,
2016-09-20,165.607270,165.835368,165.490791,165.717128,2759213.000000,
2016-09-21,167.549279,167.680687,167.494842,167.583562,687273.000000,
2016-09-22,167.059796,167.328829,166.807272,166.985006,1068329.000000,
2016-09-23,169.923784,170.038483,169.736591,169.917780,3424839.000000,
2016-09-26,173.408450,173.652839,173.402490,173.478713,3096250.000000,
2016-09-27,174.874396,174.915999,174.525533,174.866830,829595.000000,
2016-09-28,176.057603,176.185667,176.024773,176.078434,618823.000000,
2016-09-29,179.653168,179.658649,179.292207,179.594440,4617982.000000,
2016-09-30,177.238138,177.254380,177.153221,177.250908,1834384.000000,
2016-10-03,180.366309,180.551957,180.255484,180.484470,1889000.000000,
2016-10-04,183.685087,183.883723,183.602206,183.674650,1683495.000000,
2016-10-05,180.832182,180.966639,180.807754,180.957295,4421372.000000,
2016-10-06,180.883981,180.889852,180.615642,180.867305,2641711.000000,
2016-10-07,176.071641,176.151702,175.961792,176.001596,4984730.000000,
2016-10-10,176.231617,176.247258,176.123692,176.186635,4602907.000000,
2016-10-11,175.954281,176.094293,175.924194,175.930781,4019824.000000,
2016-10-12,176.255315,176.427463,176.205991,176.310641,4901524.000000,
2016-10-13,177.356848,177.562900,177.323890,177.339359,3966543.000000,
2016-10-14,181.160957,181.257310,180.980030,181.059810,4470030.000000,
2016-10-17,181.407083,181.474236,181.406139,181.446282,3512660.000000,
2016-10-18,181.693805,182.058850,181.430599,181.747389,1288437.000000,
2016-10-19,179.805756,180.103746,179.799032,179.823050,1361676.000000,
2016-10-20,182.885447,183.067563,182.788391,182.824377,4870346.000000,
2016-10-21,182.859147,182.978230,182.672846,182.821479,4994937.000000,
2016-10-24,180.596851,180.810069,180.531624,180.604293,4359480.000000,
2016-10-25,180.227169,180.261086,179.896247,180.032700,2958280.000000,
2016-10-26,179.770437,179.904223,179.712782,179.833253,3549957.000000,
2016-10-27,180.262729,180.309196,180.162220,180.201302,1043681.000000,
2016-10-28,176.495437,176.825950,176.122742,176.684934,1294645.000000,
2016-10-31,179.818164,179.916837,179.681772,179.834608,4868677.000000,
2016-11-01,181.854990,181.932013,181.697685,181.746031,4300459.000000,
2016-11-02,183.021207,183.164739,182.916770,183.004722,961937.000000,
2016-11-03,184.057547,184.343197,184.014214,184.135445,4280168.000000,
2016-11-04,184.699647,184.871278,184.471244,184.746628,3309598.000000,
2016-11-07,183.555821,183.693455,183.523029,183.599657,3282231.000000,
2016-11-08,181.565380,181.723665,181.476012,181.692971,2383597.000000,
2016-11-09,180.801512,180.964550,180.391506,180.675124,3472040.000000,
2016-11-10,182.367776,182.439652,182.057468,182.370754,1942320.000000,
2016-11-11,183.970229,184.113398,183.949604,184.106879,851022.000000,
2016-11-14,184.551379,184.614292,184.455225,184.496492,2281862.000000,
2016-11-15,182.193434,182.376745,181.895545,182.147014,2030802.000000,
2016-11-16,183.582556,183.584311,183.273069,183.327809,2294699.000000,
2016-11-17,184.549121,184.559775,184.361267,184.495386,4808989.000000,
2016-11-18,184.007261,184.145513,183.929038,184.082482,1131474.000000,
2016-11-21,181.361902,181.379959,181.341910,181.345680,778161.000000,
2016-11-22,183.087968,183.090949,182.957212,183.060263,1317507.000000,
2016-11-23,181.813767,181.849951,181.558150,181.808402,3542561.000000,
2016-11-24,180.514179,180.814530,180.400397,180.486992,1229645.000000,
2016-11-25,179.514856,179.525732,179.284823,179.338985,4473442.000000,
2016-11-28,178.119349,178.254099,177.928549,178.119874,562419.000000,
2016-11-29,178.826447,179.012131,178.542341,178.653218,3040735.000000,
2016-11-30,175.184833,175.247155,175.046156,175.217405,3436442.000000,
2016-12-01,177.953617,178.050767,177.893739,177.928153,1459432.000000,
2016-12-02,178.697679,178.766363,178.633188,178.672502,3394753.000000,
2016-12-05,178.726212,178.894848,178.694057,178.752730,2648907.000000,
2016-12-06,179.404247,179.498046,179.354084,179.356718,4676451.000000,
2016-12-07,181.412084,181.616797,181.187598,181.438979,2765999.000000,
2016-12-08,182.816360,182.850414,182.781227,182.815426,850662.000000,
2016-12-09,181.456869,181.581707,181.441233,181.512933,3781678.000000,
2016-12-12,183.826649,183.877147,183.771402,183.865014,2258549.000000,
2016-12-13,182.703029,182.991863,182.535766,182.769262,522282.000000,
2016-12-14,183.048781,183.150603,182.902224,183.065083,3607658.000000,
2016-12-15,186.476070,186.514336,186.326679,186.355883,4278700.000000,
2016-12-16,185.014535,185.101874,184.961794,184.972140,2124364.000000,
2016-12-19,187.294337,187.295654,187.113674,187.131010,1727248.000000,
2016-12-20,186.710205,186.816312,186.488786,186.504786,4746296.000000,
2016-12-21,182.507746,182.760249,182.242494,182.477541,4007399.000000,
2016-12-22,183.760075,183.835961,183.681584,183.818016,1839178.000000,
2016-12-23,183.194933,183.361381,183.053805,183.173380,789602.000000,
2016-12-26,186.110139,186.275502,185.955581,186.102780,3694612.000000,
2016-12-27,185.836988,185.879284,185.652846,185.705617,4195829.000000,
2016-12-28,185.903660,186.017622,185.759529,185.819179,1016980.000000,
2016-12-29,186.373693,186.517700,186.126324,186.447833,3773184.000000,
2016-12-30,185.404533,185.540031,185.262781,185.488832,1466064.000000,
2017-01-02,184.514413,184.539334,184.460738,184.485001,535059.000000,
2017-01-03,184.965122,185.021760,184.805898,184.825911,1865710.000000,
2017-01-04,183.388156,183.533125,183.324578,183.362282,4209027.000000,
2017-01-05,186.245673,186.396405,186.160352,186.393252,3104557.000000,
2017-01-06,182.100423,182.134151,181.783298,181.868216,2202080.000000,
2017-01-09,180.588509,180.675247,180.491235,180.543592,2373672.000000,
2017-01-10,178.625730,178.664105,178.453283,178.639641,3754085.000000,
2017-01-11,181.068743,181.102331,180.883224,180.946577,3468692.000000,
2017-01-12,180.622331,180.904820,180.479723,180.604560,2447661.000000,
2017-01-13,178.287374,178.411510,178.282378,178.297917,3252573.000000,
2017-01-16,178.097891,178.269265,177.785308,178.057161,623316.000000,
2017-01-17,178.626835,178.787387,178.572824,178.623243,1131842.000000,
2017-01-18,177.856416,178.202384,177.714847,177.980486,4404991.000000,
2017-01-19,178.904957,179.003498,178.851097,178.885843,1763767.000000,
2017-01-20,176.191391,176.208951,176.172796,176.175507,4675321.000000,
2017-01-23,174.733626,174.774424,174.636513,174.696451,1623717.000000,
2017-01-24,176.062895,176.322366,175.889861,176.146182,4563245.000000,
2017-01-25,178.552484,178.719511,178.359025,178.624349,3848819.000000,
2017-01-26,176.160522,176.309924,176.158172,176.163504,1888325.000000,
2017-01-27,175.212244,175.520843,175.197598,175.293077,1712725.000000,
2017-01-30,176.950263,176.950995,176.731936,176.754104,2980326.000000,
2017-01-31,174.842016,175.095804,174.764529,174.815499,3931022.000000,
2017-02-01,175.009679,175.191041,174.931139,175.157559,2395950.000000,
2017-02-02,175.495425,175.627633,175.392318,175.574875,2469366.000000,
2017-02-03,176.660408,176.790518,176.584121,176.769706,3692628.000000,
2017-02-06,177.390092,177.456984,177.277454,177.392867,4235743.000000,
2017-02-07,178.941388,179.156878,178.783142,178.846913,2961569.000000,
2017-02-08,180.271145,180.377802,180.144722,180.302940,1764281.000000,
2017-02-09,178.870589,178.926155,178.673732,178.819422,1109522.000000,
2017-02-10,179.081326,179.224513,178.920476,178.964910,1727310.000000,
2017-02-13,184.809945,184.974245,184.400040,184.734626,4353643.000000,
2017-02-14,177.270153,177.282078,177.205474,177.267146,2620881.000000,
2017-02-15,174.503107,174.532882,174.461337,174.475020,1274566.000000,
2017-02-16,176.363888,176.586682,176.239971,176.400101,1947414.000000,
2017-02-17,181.773420,181.918712,181.693230,181.704697,1897099.000000,
2017-02-20,176.556993,176.716317,176.435067,176.443946,1250476.000000,
2017-02-21,172.831917,172.982234,172.763693,172.928230,1700818.000000,
2017-02-22,168.079849,168.102258,167.997728,168.003017,1868017.000000,
2017-02-23,175.316262,175.379525,175.220043,175.254490,603473.000000,
2017-02-24,172.280842,172.409135,172.186227,172.281208,2046842.000000,
2017-02-27,175.371199,175.443128,175.361422,175.372870,4834539.000000,
2017-02-28,178.347368,178.394038,178.079377,178.169679,1837431.000000,
2017-03-01,177.109833,177.168273,176.736470,176.953639,4076068.000000,
2017-03-02,173.284463,173.370311,173.222022,173.273875,3133634.000000,
2017-03-03,168.475421,168.716807,168.421034,168.552301,1633643.000000,
2017-03-06,169.657059,169.838356,169.461224,169.717550,2367852.000000,
2017-03-07,170.805997,171.006159,170.754169,170.784473,1509681.000000,
2017-03-08,166.795703,167.099218,166.765984,166.803987,1012564.000000,
2017-03-09,162.255903,162.309931,162.085795,162.169463,4213465.000000,
2017-03-10,161.968342,162.040899,161.828159,161.998896,4138749.000000,
2017-03-13,160.949074,161.070212,160.469143,160.810851,805027.000000,
2017-03-14,168.107700,168.298968,167.973990,168.149251,3343720.000000,
2017-03-15,171.349583,171.357374,171.340099,171.341668,3187216.000000,
2017-03-16,168.479954,168.620369,168.440851,168.476904,4847339.000000,
2017-03-17,169.351668,169.479219,169.171112,169.466775,3741441.000000,
2017-03-20,173.609804,173.625917,173.412407,173.495425,1475046.000000,
2017-03-21,175.485886,175.620565,175.219673,175.359993,2093360.000000,
2017-03-22,180.348184,180.449361,180.336969,180.346617,2559525.000000,
2017-03-23,179.503095,179.611483,179.468278,179.592357,2369121.000000,
2017-03-24,181.286721,181.448234,181.119327,181.390523,1944181.000000,
2017-03-27,184.783164,185.110677,184.726830,184.939231,4178981.000000,
2017-03-28,187.964005,188.023405,187.899046,187.950684,936495.000000,
2017-03-29,185.780914,185.896522,185.595709,185.661004,4760915.000000,
2017-03-30,186.430067,186.547292,186.158668,186.460254,2430568.000000,
2017-03-31,182.309492,182.545129,182.072615,182.538678,2009747.000000,
2017-04-03,179.102981,179.237726,179.005831,179.217386,2191271.000000,
2017-04-04,176.642324,176.818028,176.416837,176.676107,1870728.000000,
2017-04-05,176.404532,176.514625,176.359303,176.429856,3348401.000000,
2017-04-06,176.805298,177.052417,176.531588,176.670601,3598743.000000,
2017-04-07,178.381697,178.557703,178.145604,178.264909,1505883.000000,
2017-04-10,179.499791,179.625423,179.343078,179.475493,895332.000000,
2017-04-11,176.356159,176.502712,176.096790,176.332258,4640916.000000,
2017-04-12,174.050587,174.335292,174.011691,174.173082,4337914.000000,
2017-04-13,175.404010,175.420642,175.247526,175.389533,4205714.000000,
2017-04-14,175.796110,175.884054,175.725179,175.876360,3084981.000000,
2017-04-17,181.680121,181.716500,181.409124,181.623221,1850255.000000,
2017-04-18,182.138358,182.273745,182.031677,182.104597,981605.000000,
2017-04-19,181.059511,181.275842,180.719233,181.119592,1878027.000000,
2017-04-20,181.855102,182.002283,181.762305,181.966587,1338115.000000,
2017-04-21,178.599272,178.704169,178.577445,178.584939,1300370.000000,
2017-04-24,176.954451,177.080397,176.817990,176.943606,1970106.000000,
2017-04-25,179.200213,179.449520,179.106226,179.308722,1749650.000000,
2017-04-26,179.622298,179.705375,179.583601,179.649582,1062983.000000,
2017-04-27,182.270762,182.422910,182.181094,182.392713,1118664.000000,
2017-04-28,179.039235,179.155331,178.858342,178.982646,2159880.000000,
2017-05-01,177.602831,177.650355,177.588591,177.641666,2944562.000000,
2017-05-02,174.620179,174.686877,174.537125,174.629858,1258942.000000,
2017-05-03,172.525997,172.681564,172.354780,172.513625,880195.000000,
2017-05-04,168.505325,168.510840,168.481066,168.498063,4649624.000000,
2017-05-05,167.715415,168.009210,167.699701,167.828937,621616.000000,
2017-05-08,166.734325,166.798007,166.519537,166.522777,2623363.000000,
2017-05-09,167.563056,167.641572,167.420640,167.496460,4130470.000000,
2017-05-10,166.553413,166.741607,166.390503,166.627041,2159462.000000,
2017-05-11,167.610918,167.837980,167.463982,167.735482,3491520.000000,
2017-05-12,166.966229,167.086706,166.760545,166.944034,4711392.000000,
2017-05-15,169.607342,169.650953,169.499668,169.584498,3853535.000000,
2017-05-16,169.379730,169.511008,169.163260,169.289540,1364864.000000,
2017-05-17,168.768658,168.906832,168.561999,168.804352,1595714.000000,
2017-05-18,169.143598,169.218754,169.100423,169.123564,643500.000000,
2017-05-19,170.195067,170.339574,170.154981,170.211711,4777045.000000,
2017-05-22,172.081267,172.335916,172.041085,172.230758,1894260.000000,
2017-05-23,174.449337,174.693670,174.327208,174.344225,1098588.000000,
2017-05-24,171.439374,171.500484,171.295756,171.372331,1682711.000000,
2017-05-25,174.724831,174.875890,174.655663,174.765952,2776108.000000,
2017-05-26,177.284812,177.509424,177.221227,177.412424,2819976.000000,
2017-05-29,179.478776,179.583282,179.288970,179.527654,3109017.000000,
2017-05-30,182.027448,182.158555,182.008031,182.132123,4952430.000000,
2017-05-31,181.571967,181.716050,181.560263,181.673728,4652906.000000,
2017-06-01,178.153689,178.221425,178.047212,178.077908,1519537.000000,
2017-06-02,178.283872,178.332875,178.137327,178.246596,919308.000000,
2017-06-05,179.290804,179.358128,179.187272,179.210355,4690322.000000,
2017-06-06,179.390996,179.582326,179.321096,179.455364,4539722.000000,
2017-06-07,177.881133,178.015135,177.638781,177.768048,2966379.000000,
2017-06-08,176.888659,176.890625,176.687413,176.867398,1274311.000000,
2017-06-09,176.776987,176.960276,176.716703,176.747209,1164292.000000,
2017-06-12,179.148577,179.310711,179.091023,179.206028,1362381.000000,
2017-06-13,179.355821,179.428780,179.266923,179.282183,614592.000000,
2017-06-14,180.816635,181.150554,180.794058,180.940517,3068443.000000,
2017-06-15,182.966496,183.156321,182.927678,183.000157,629126.000000,
2017-06-16,182.219832,182.332884,182.064814,182.331285,1669823.000000,
2017-06-19,183.654472,183.663283,183.427590,183.554462,2549396.000000,
2017-06-20,185.058335,185.224666,184.978514,185.080009,3913450.000000,
2017-06-21,183.954097,183.980307,183.876551,183.946415,3294963.000000,
2017-06-22,185.980853,186.136108,185.850365,185.988084,4322576.000000,
2017-06-23,185.973444,186.252647,185.834532,186.224171,3359106.000000,
2017-06-26,185.661372,185.902519,185.515194,185.579917,3462351.000000,
2017-06-27,187.431580,187.759824,187.341292,187.457297,1888735.000000,
2017-06-28,186.880110,186.895559,186.347824,186.619077,2847049.000000,
2017-06-29,187.851405,187.977015,187.649681,187.749504,2017835.000000,
2017-06-30,186.739726,186.847585,186.615290,186.791798,868218.000000,
2017-07-03,190.003177,190.118640,189.885485,189.925291,3213666.000000,
2017-07-04,190.559367,190.707475,190.308046,190.448894,4587696.000000,
2017-07-05,189.738230,189.781676,189.627141,189.729924,4109464.000000,
2017-07-06,188.347996,188.490794,188.335757,188.368794,4922620.000000,
2017-07-07,186.553929,186.743369,186.417034,186.601996,2042504.000000,
2017-07-10,183.527486,183.687926,183.491152,183.660163,776240.000000,
2017-07-11,185.884217,186.098689,185.667466,185.691166,3042029.000000,
2017-07-12,188.936670,189.035568,188.762924,188.886587,4576080.000000,
2017-07-13,187.727017,187.829268,187.675837,187.681911,3732428.000000,
2017-07-14,187.892812,188.013577,187.638165,187.772612,4817240.000000,
2017-07-17,190.407520,190.461945,190.332896,190.390549,4842489.000000,
2017-07-18,187.277458,187.327878,187.194666,187.293106,3614102.000000,
2017-07-19,188.093768,188.142827,187.735944,188.099385,1589060.000000,
2017-07-20,188.428182,188.674089,188.405978,188.599752,4018460.000000,
2017-07-21,189.276918,189.291701,189.110930,189.276435,3681935.000000,
2017-07-24,190.932020,191.033242,190.743465,190.800565,2173900.000000,
2017-07-25,191.471440,191.562533,191.126812,191.267915,4282020.000000,
2017-07-26,191.133596,191.265909,190.766345,190.965069,4796107.000000,
2017-07-27,191.169091,191.218762,191.119084,191.183339,3421654.000000,
2017-07-28,193.232992,193.238452,193.024398,193.147456,2001572.000000,
2017-07-31,192.078331,192.380936,191.840528,192.178007,2708616.000000,
2017-08-01,191.337243,191.496324,191.260601,191.365538,4173390.000000,
2017-08-02,192.150775,192.235524,192.062851,192.072705,3056028.000000,
2017-08-03,190.487531,190.633560,190.397505,190.623253,2571409.000000,
2017-08-04,191.783788,191.830816,191.588213,191.799985,1667001.000000,
2017-08-07,190.865735,190.984379,190.488663,190.964875,707818.000000,
2017-08-08,191.595824,191.691175,191.537658,191.655260,4135016.000000,
2017-08-09,189.961264,190.002882,189.876131,189.975583,940663.000000,
2017-08-10,189.777148,189.944325,189.564357,189.677085,4151790.000000,
2017-08-11,187.205075,187.296594,187.069825,187.288717,3578405.000000,
2017-08-14,187.913596,188.149131,187.898255,188.118859,3226450.000000,
2017-08-15,188.295404,188.561801,188.086352,188.241062,1620374.000000,
2017-08-16,188.157874,188.235635,188.139208,188.173157,1202329.000000,
2017-08-17,185.842111,185.952239,185.661517,185.745462,4734444.000000,
2017-08-18,188.419207,188.693755,188.314067,188.564444,964360.000000,
2017-08-21,190.264865,190.510328,190.111127,190.485113,1272252.000000,
2017-08-22,189.385956,189.474083,189.189737,189.216360,1709377.000000,
2017-08-23,190.232166,190.303265,190.072200,190.288113,1864841.000000,
2017-08-24,190.806749,190.870124,190.727519,190.826132,1417206.000000,
2017-08-25,191.887877,191.895810,191.846527,191.886269,1621798.000000,
2017-08-28,189.857964,190.086012,189.665461,189.826874,1712836.000000,
2017-08-29,190.376383,190.434113,190.261768,190.333216,2052876.000000,
2017-08-30,191.964361,192.035577,191.788038,191.951034,4134819.000000,
2017-08-31,195.728022,195.760340,195.319362,195.617429,1173635.000000,
2017-09-01,194.120435,194.354645,193.843863,193.871326,3617676.000000,
2017-09-04,194.779628,194.929642,194.772613,194.777861,2541338.000000,
2017-09-05,196.517915,196.795049,196.380397,196.631107,2506250.000000,
2017-09-06,199.896857,199.952711,199.557435,199.822933,2280982.000000,
2017-09-07,198.322786,198.586518,198.135711,198.337090,4663282.000000,
2017-09-08,202.111308,202.318367,201.815407,201.944344,1095544.000000,
2017-09-11,199.037716,199.137293,198.800644,199.127101,4249714.000000,
2017-09-12,202.043288,202.313737,201.920883,201.975614,3165038.000000,
2017-09-13,204.343569,204.359890,204.020677,204.346824,2158960.000000,
2017-09-14,202.212189,202.381222,202.197496,202.275190,3414494.000000,
2017-09-15,206.923105,207.395636,206.812764,207.123831,1561601.000000,
2017-09-18,204.943855,205.238852,204.900167,205.116981,1264944.000000,
2017-09-19,203.494453,203.647299,203.410162,203.436091,3159511.000000,
2017-09-20,203.330804,203.468109,203.170194,203.250022,2383776.000000,
2017-09-21,203.082380,203.266408,202.742887,203.088409,4866819.000000,
2017-09-22,203.589028,203.747290,203.376628,203.559636,1685871.000000,
2017-09-25,201.609774,201.941723,201.267403,201.626340,3958359.000000,
2017-09-26,199.374413,199.379502,199.166495,199.316003,4842924.000000,
2017-09-27,199.596814,199.706627,199.439592,199.643177,2116186.000000,
2017-09-28,197.561578,197.678591,197.510735,197.630500,2048751.000000,
2017-09-29,198.161924,198.362533,197.991330,198.183591,2876284.000000,
2017-10-02,196.184421,196.277763,196.089636,196.244555,2984180.000000,
2017-10-03,196.451059,196.642802,196.354920,196.527156,4157119.000000,
2017-10-04,198.172466,198.459598,198.168027,198.282598,1551182.000000,
2017-10-05,196.952920,197.082510,196.630767,196.858623,1294631.000000,
2017-10-06,196.374140,196.445541,196.347015,196.347823,4325737.000000,
2017-10-09,196.742909,197.119824,196.669742,196.818235,3754357.000000,
2017-10-10,197.468139,197.545873,197.346981,197.458607,2797176.000000,
2017-10-11,198.026907,198.107693,197.940932,198.070014,618020.000000,
2017-10-12,195.158895,195.361712,194.925382,195.099016,4818976.000000,
2017-10-13,197.351666,197.462431,197.334326,197.361715,3500423.000000,
2017-10-16,199.740604,199.878304,199.548760,199.775980,1322403.000000,
2017-10-17,200.250181,200.409286,200.099263,200.276553,4962842.000000,
2017-10-18,197.712169,197.968423,197.515103,197.748583,1133889.000000,
2017-10-19,201.819454,201.913637,201.559391,201.760885,1727804.000000,
2017-10-20,202.092750,202.255446,202.087431,202.153388,3776990.000000,
2017-10-23,199.169271,199.256856,199.006790,199.216759,590894.000000,
2017-10-24,197.022547,197.281485,196.866602,196.936986,1636878.000000,
2017-10-25,197.454459,197.606078,197.350334,197.517800,3435690.000000,
2017-10-26,199.106226,199.279869,198.955787,199.086212,1717735.000000,
2017-10-27,198.403228,198.519698,198.216980,198.227266,4003531.000000,
2017-10-30,200.705474,200.836128,200.291736,200.670122,2049768.000000,
2017-10-31,201.653076,202.189409,201.577012,201.899660,1032833.000000,
2017-11-01,202.946924,203.073250,202.815606,203.043227,4806031.000000,
2017-11-02,200.819749,201.089291,200.621426,200.860802,4915861.000000,
2017-11-03,200.748535,200.914773,200.747977,200.880564,3523147.000000,
2017-11-06,197.139466,197.291216,197.061148,197.208453,1952300.000000,
2017-11-07,199.556333,199.716905,199.526362,199.605212,2473558.000000,
2017-11-08,200.185592,200.299607,200.073398,200.096222,2426197.000000,
2017-11-09,200.125069,200.191444,199.805752,199.998954,2754736.000000,
2017-11-10,200.411338,200.552448,200.218928,200.461545,4519285.000000,
2017-11-13,200.227391,200.604101,200.106074,200.335012,3688290.000000,
2017-11-14,200.549681,200.660858,200.357068,200.476603,1677249.000000,
2017-11-15,201.620427,201.836696,201.535528,201.684483,2561703.000000,
2017-11-16,203.158213,203.189358,203.138328,203.162965,1276204.000000,
2017-11-17,202.138860,202.362444,201.879193,202.077366,2810324.000000,
2017-11-20,203.377061,203.447561,203.262278,203.430962,673486.000000,
2017-11-21,203.076377,203.102476,203.071165,203.077805,749670.000000,
2017-11-22,206.028708,206.358045,205.949688,206.021803,3250571.000000,
2017-11-23,202.753334,202.982206,202.581358,202.730890,1594144.000000,
2017-11-24,202.706034,202.930936,202.302726,202.545087,2289033.000000,
2017-11-27,204.684755,204.813177,204.393787,204.720149,700776.000000,
2017-11-28,203.293448,203.529359,203.093083,203.349807,3338478.000000,
2017-11-29,203.147084,203.304859,202.827012,203.284373,583575.000000,
2017-11-30,204.824850,204.892625,204.491257,204.670064,2764409.000000,
2017-12-01,203.446165,203.595522,203.065274,203.359007,3763133.000000,
2017-12-04,209.901813,210.026490,209.758646,209.861153,3779834.000000,
2017-12-05,213.474893,213.516054,213.164863,213.352428,1448052.000000,
2017-12-06,210.941931,211.157455,210.618495,210.952070,3218521.000000,
2017-12-07,209.562263,209.645968,209.238959,209.481286,2714984.000000,
2017-12-08,204.952552,205.257957,204.808424,205.109623,3740046.000000,
2017-12-11,204.389178,204.558572,204.247083,204.301521,748514.000000,
2017-12-12,208.388329,208.595750,208.093288,208.270983,2032064.000000,
2017-12-13,203.329523,203.615815,202.854079,203.062900,4394186.000000,
2017-12-14,204.261983,204.335946,204.144216,204.295145,3825522.000000,
2017-12-15,206.370179,206.445606,206.246882,206.338929,4014573.000000,
2017-12-18,208.872995,209.294665,208.701402,209.011125,4313269.000000,
2017-12-19,209.605742,209.926645,209.405170,209.756064,1932077.000000,
2017-12-20,207.625308,207.759470,207.537028,207.725535,4070193.000000,
2017-12-21,207.606979,207.830083,207.466214,207.470673,2765769.000000,
2017-12-22,211.182586,211.491758,211.029028,211.282057,673174.000000,
2017-12-25,208.977213,209.170553,208.772529,208.836223,1737879.000000,
2017-12-26,202.823346,202.947391,202.701808,202.866572,852221.000000,
2017-12-27,198.600678,198.647584,198.334526,198.622489,1320271.000000,
2017-12-28,199.049799,199.369166,198.867876,199.014970,2165597.000000,
2017-12-29,199.101253,199.133929,198.965497,199.044112,3507616.000000,
2018-01-01,195.353414,195.512122,195.269039,195.427751,1488046.000000,
2018-01-02,203.337953,203.583380,202.979619,203.241456,3768479.000000,
2018-01-03,203.540100,203.685097,203.380164,203.584362,3398473.000000,
2018-01-04,204.541199,204.560693,204.465189,204.531673,805512.000000,
2018-01-05,204.595908,204.861165,204.515623,204.720934,4718961.000000,
2018-01-08,206.308752,206.378082,206.175098,206.307811,707404.000000,
2018-01-09,207.297019,207.433048,206.909357,207.203818,4199237.000000,
2018-01-10,205.145430,205.428247,204.961878,205.268704,1163193.000000,
2018-01-11,205.563677,205.825665,205.168972,205.723669,556782.000000,
2018-01-12,202.547625,202.612105,202.484425,202.606646,1516901.000000,
2018-01-15,208.241401,208.560447,208.224144,208.431445,3492982.000000,
2018-01-16,209.026766,209.188092,208.728310,209.093732,3037058.000000,
2018-01-17,210.551705,210.809990,210.320559,210.597037,2943543.000000,
2018-01-18,211.050539,211.333365,210.764184,211.084583,869133.000000,
2018-01-19,214.580787,214.731424,214.472662,214.628537,1387315.000000,
2018-01-22,212.858427,213.068467,212.820102,213.052479,2792807.000000,
2018-01-23,211.859268,211.886205,211.622509,211.737374,2176625.000000,
2018-01-24,210.696486,210.735022,210.624635,210.702729,2221629.000000,
2018-01-25,208.613201,208.692146,208.487612,208.552529,2703559.000000,
2018-01-26,207.924305,208.186614,207.843163,208.118066,1103598.000000,
2018-01-29,210.106236,210.232654,210.022913,210.180281,2881483.000000,
2018-01-30,213.709825,213.777741,213.550301,213.687116,1635958.000000,
2018-01-31,216.159607,216.460774,215.907634,216.302913,3382293.000000,
2018-02-01,214.587207,214.599847,214.419202,214.503654,2726493.000000,
2018-02-02,214.017314,214.429091,213.975079,214.031295,3739592.000000,
2018-02-05,216.220515,216.253417,216.000872,216.176702,1721915.000000,
2018-02-06,218.460740,218.549582,218.001832,218.479144,2795145.000000,
2018-02-07,218.178662,218.403125,218.008490,218.170892,2452248.000000,
2018-02-08,212.560667,212.762217,212.308989,212.670155,2047179.000000,
2018-02-09,217.802911,218.032788,217.787077,218.009429,964699.000000,
2018-02-12,219.744933,219.989409,219.578391,219.775846,4880809.000000,
2018-02-13,224.118707,224.291959,224.069630,224.131537,2476603.000000,
2018-02-14,223.000069,223.019952,222.506834,222.930713,1265445.000000,
2018-02-15,219.336278,219.534996,219.181749,219.441034,646421.000000,
2018-02-16,218.167831,218.417551,217.944879,218.208724,4922167.000000,
2018-02-19,222.550157,222.605831,221.966125,222.311317,4787725.000000,
2018-02-20,219.773524,219.805652,219.669994,219.805443,4717456.000000,
2018-02-21,217.240988,217.583916,216.969005,217.059575,4138138.000000,
2018-02-22,215.910432,216.061995,215.542976,215.861310,3455541.000000,
2018-02-23,216.774435,216.968020,216.654145,216.832795,2304005.000000,
2018-02-26,216.916012,216.918855,216.735667,216.890542,2133969.000000,
2018-02-27,215.871077,216.011998,215.470925,215.973542,4546478.000000,
2018-02-28,219.145989,219.255928,219.109757,219.251435,1039266.000000,
2018-03-01,217.165218,217.358291,217.078342,217.268551,3305503.000000,
2018-03-02,215.735046,215.798649,215.649116,215.773670,2882654.000000,
2018-03-05,212.709048,213.032577,212.703108,212.863902,1478163.000000,
2018-03-06,212.959384,213.040343,212.751238,212.924563,4568439.000000,
2018-03-07,214.126084,214.160685,213.871341,213.989513,2028372.000000,
2018-03-08,216.878483,216.897933,216.811784,216.842222,3376507.000000,
2018-03-09,217.277532,217.395846,217.139582,217.217840,2893655.000000,
2018-03-12,219.575455,219.681559,219.368956,219.473769,4223714.000000,
2018-03-13,220.826367,220.859221,220.617949,220.757930,1962127.000000,
2018-03-14,223.356573,223.603958,223.335613,223.393891,3683546.000000,
2018-03-15,222.047397,222.303369,221.927631,222.117493,3845932.000000,
2018-03-16,222.765752,222.906750,222.728844,222.861898,2949957.000000,
2018-03-19,222.284630,222.467362,222.192411,222.449427,4541538.000000,
2018-03-20,217.863604,217.901325,217.824007,217.829490,4982498.000000,
2018-03-21,220.414862,220.489197,220.223415,220.436400,4614264.000000,
2018-03-22,219.369091,219.599092,219.040777,219.396530,526285.000000,
2018-03-23,224.021466,224.069472,223.943227,223.984069,3085242.000000,
2018-03-26,226.477726,226.655721,226.311495,226.583687,1519678.000000,
2018-03-27,227.778375,227.967918,227.486031,227.905219,3820345.000000,
2018-03-28,224.498204,224.658149,224.390393,224.592351,888362.000000,
2018-03-29,225.610919,225.937253,225.587994,225.668734,1192131.000000,
2018-03-30,228.673193,228.884363,228.402665,228.609327,3760622.000000,
2018-04-02,230.442788,230.449263,230.193053,230.378954,4676911.000000,
2018-04-03,236.124501,236.373253,235.664474,236.213215,2076429.000000,
2018-04-04,234.546834,234.618972,234.125001,234.471476,2265871.000000,
2018-04-05,234.879708,235.267747,234.710589,234.950949,1505070.000000,
2018-04-06,236.356964,236.538551,235.928711,236.325523,1821144.000000,
2018-04-09,235.660087,235.701277,235.417894,235.526233,4863265.000000,
2018-04-10,234.774956,234.892768,234.298527,234.676510,1546218.000000,
2018-04-11,236.616130,236.640603,236.287328,236.476313,1895241.000000,
2018-04-12,234.814576,234.891506,234.511254,234.668391,4880457.000000,
2018-04-13,236.137208,236.351593,235.888506,236.233084,3494706.000000,
2018-04-16,235.512592,235.700005,235.402959,235.513659,2367181.000000,
2018-04-17,237.055086,237.113037,236.930896,237.080218,2451556.000000,
2018-04-18,235.409881,235.580301,235.178029,235.436655,1008652.000000,
2018-04-19,235.428381,235.491009,235.348217,235.452655,1619061.000000,
2018-04-20,234.026376,234.195104,233.771410,233.876214,589187.000000,
2018-04-23,234.003295,234.107147,233.810942,233.824688,4458078.000000,
2018-04-24,236.305790,236.492262,236.182589,236.344327,2546602.000000,
2018-04-25,235.029509,235.172737,234.868293,234.938032,2424099.000000,
2018-04-26,237.176977,237.372592,237.018641,237.053227,2124022.000000,
2018-04-27,238.668052,238.733758,238.445301,238.623944,3317782.000000,
2018-04-30,239.643195,239.952496,239.227187,239.686835,682993.000000,
2018-05-01,242.714402,243.056152,242.504551,242.652636,3325700.000000,
2018-05-02,247.065223,247.128320,246.436008,246.821732,3910594.000000,
2018-05-03,246.274590,246.337845,246.114542,246.332574,4293949.000000,
2018-05-04,250.717663,251.002781,250.643878,250.753730,4831862.000000,
2018-05-07,254.144646,254.549227,254.032053,254.398198,1585564.000000,
2018-05-08,252.723297,252.931948,252.606254,252.768682,996734.000000,
2018-05-09,254.184737,254.324792,254.022959,254.166562,2826026.000000,
2018-05-10,250.000687,250.468595,249.808771,250.108726,4143411.000000,
2018-05-11,249.542366,249.709819,249.527072,249.538025,1696461.000000,
2018-05-14,250.275658,250.752952,250.013026,250.212261,1232286.000000,
2018-05-15,252.798705,252.829837,252.573962,252.613380,4259802.000000,
2018-05-16,250.435895,250.721024,250.105584,250.419751,2577275.000000,
2018-05-17,252.633873,252.887780,252.604994,252.644115,2703615.000000,
2018-05-18,256.461272,256.970882,256.453231,256.677165,1478342.000000,
2018-05-21,252.998229,253.117625,252.818182,253.036612,4971851.000000,
2018-05-22,252.886787,253.257303,252.710723,253.226984,3151992.000000,
2018-05-23,253.621300,253.719556,253.467706,253.654345,4419493.000000,
2018-05-24,252.989347,253.066338,252.943061,253.028998,4554597.000000,
2018-05-25,251.550482,251.779231,251.235707,251.417935,4551481.000000,
2018-05-28,249.077253,249.122567,249.012829,249.068713,3285296.000000,
2018-05-29,249.506687,249.816808,249.266668,249.451746,3659009.000000,
2018-05-30,248.923594,249.123143,248.850173,248.911411,2252713.000000,
2018-05-31,247.246042,247.275769,247.003056,247.238954,500953.000000,
2018-06-01,248.731374,248.915326,248.400060,248.767959,3255927.000000,
2018-06-04,248.369736,248.476022,248.193037,248.314806,4935048.000000,
2018-06-05,250.870238,251.036427,250.675305,250.779582,2508994.000000,
2018-06-06,250.243320,250.383975,250.218592,250.342175,527379.000000,
2018-06-07,248.823854,248.894139,248.463735,248.711754,1856269.000000,
2018-06-08,249.411532,249.632826,249.016632,249.288334,3221224.000000,
2018-06-11,250.946501,251.085107,250.810014,250.910787,3273447.000000,
2018-06-12,250.114070,250.172072,249.862219,250.085444,542372.000000,
2018-06-13,253.603017,253.875468,253.559527,253.673803,815318.000000,
2018-06-14,248.616032,248.744400,248.425660,248.710335,1225106.000000,
2018-06-15,246.417903,247.000374,246.230623,246.733301,4157149.000000,
2018-06-18,250.038031,250.290394,249.948535,250.243372,2018175.000000,
2018-06-19,250.602639,250.627422,250.260816,250.545234,1310090.000000,
2018-06-20,249.894277,249.945060,249.684412,249.874019,893598.000000,
2018-06-21,249.600410,249.797404,249.393027,249.510341,3190210.000000,
2018-06-22,250.913897,251.429473,250.747478,251.018131,4974212.000000,
2018-06-25,249.626524,250.165899,249.560422,249.976392,4489644.000000,
2018-06-26,247.901181,248.405044,247.822009,247.944411,3174066.000000,
2018-06-27,249.823702,249.854847,249.526178,249.533269,3952631.000000,
2018-06-28,250.770147,250.989959,250.580070,250.957941,1926865.000000,
2018-06-29,253.475196,253.528163,253.279843,253.469675,4272325.000000,
2018-07-02,257.364187,257.434941,257.351251,257.360506,2335980.000000,
2018-07-03,258.423045,258.905044,258.174503,258.337606,1389186.000000,
2018-07-04,262.050384,262.295870,261.566349,261.884660,4078345.000000,
2018-07-05,265.026889,265.236468,264.690791,265.123221,3041100.000000,
2018-07-06,261.268116,261.595675,260.837714,261.337522,3414437.000000,
2018-07-09,264.688372,264.895224,264.344023,264.544577,958467.000000,
2018-07-10,267.316895,267.576534,267.111736,267.270267,2853337.000000,
2018-07-11,270.802578,271.119636,270.618037,270.757869,4367772.000000,
2018-07-12,268.386888,268.607614,268.167012,268.473003,4430030.000000,
2018-07-13,270.576593,270.673971,270.516502,270.662250,804532.000000,
2018-07-16,268.033881,268.111919,267.929258,268.090405,3997067.000000,
2018-07-17,267.315347,267.488150,267.191056,267.487688,3108984.000000,
2018-07-18,268.442833,268.895693,268.331771,268.379423,1203953.000000,
2018-07-19,272.900208,273.139751,272.480044,273.030310,1745355.000000,
2018-07-20,270.736497,270.937323,270.706218,270.818501,1436297.000000,
2018-07-23,273.890727,273.946741,273.498566,273.753952,1358034.000000,
2018-07-24,274.261017,274.332905,274.018755,274.298811,1831868.000000,
2018-07-25,275.697734,276.026171,275.517533,275.675630,960287.000000,
2018-07-26,275.980645,276.121296,275.705118,276.083157,1411613.000000,
2018-07-27,277.378146,277.674398,276.951706,277.202294,4617248.000000,
2018-07-30,277.191012,277.301412,276.709289,276.957302,3861775.000000,
2018-07-31,273.633984,273.854121,273.499721,273.775618,2999380.000000,
2018-08-01,268.242500,268.352083,268.235584,268.318818,1855432.000000,
2018-08-02,264.907778,265.066235,264.697834,264.885814,4785774.000000,
2018-08-03,269.374898,269.746807,269.358039,269.369168,4429137.000000,
2018-08-06,266.296299,266.341271,266.037460,266.151538,2903905.000000,
2018-08-07,264.686372,264.923252,264.633126,264.665738,3013586.000000,
2018-08-08,269.496031,269.872288,269.325431,269.749684,2587563.000000,
2018-08-09,267.014186,267.380522,266.919758,266.921913,2781583.000000,
2018-08-10,265.207703,265.501974,265.201552,265.269789,4639198.000000,
2018-08-13,265.438740,265.615463,265.369231,265.385791,3874050.000000,
2018-08-14,264.555079,264.617975,264.436425,264.509963,3509256.000000,
2018-08-15,263.868759,263.958361,263.428168,263.764068,4280328.000000,
2018-08-16,264.422207,264.651080,264.231781,264.299179,2678921.000000,
2018-08-17,264.161822,264.310095,264.025381,264.159870,2248715.000000,
2018-08-20,264.497071,264.598044,264.311838,264.418377,2476637.000000,
2018-08-21,265.064309,265.596876,264.999652,265.131643,1539814.000000,
2018-08-22,264.123513,264.193887,264.018143,264.187476,4753103.000000,
2018-08-23,260.344657,260.803127,260.212082,260.522745,3934097.000000,
2018-08-24,261.844505,262.366217,261.467730,262.038567,2966161.000000,
2018-08-27,264.357595,264.572678,264.268867,264.407960,1369703.000000,
2018-08-28,265.924161,266.126894,265.717687,265.919512,2296224.000000,
2018-08-29,272.580252,272.957977,272.545297,272.569971,4695152.000000,
2018-08-30,273.804646,273.848259,273.247309,273.606018,4361971.000000,
2018-08-31,272.206351,272.846676,271.908833,272.100632,3475283.000000,
2018-09-03,272.049327,272.188029,271.591123,271.973168,770148.000000,
2018-09-04,272.597154,272.721866,272.586314,272.685031,2877331.000000,
2018-09-05,278.389549,278.607952,278.125640,278.468939,2618856.000000,
2018-09-06,265.141842,265.410798,264.989025,265.229747,1499184.000000,
2018-09-07,254.551301,254.713692,254.310259,254.461409,981423.000000,
2018-09-10,259.653214,259.960841,259.614398,259.712495,2217870.000000,
2018-09-11,247.053315,247.370656,246.476792,246.816559,2662152.000000,
2018-09-12,243.575529,243.681191,243.494913,243.532711,1412371.000000,
2018-09-13,246.088436,246.387290,245.876777,246.045183,4921950.000000,
2018-09-14,243.633272,243.729502,243.563262,243.607931,1255890.000000,
2018-09-17,238.237575,238.334753,238.101920,238.138600,2514145.000000,
2018-09-18,233.261221,233.353199,232.976422,233.142140,4136302.000000,
2018-09-19,234.955513,235.254483,234.929361,235.011934,4365638.000000,
2018-09-20,230.730668,231.044044,230.538125,230.688240,2220733.000000,
2018-09-21,231.445298,231.565658,231.336584,231.555410,3792692.000000,
2018-09-24,237.624140,237.901232,237.496394,237.530192,716497.000000,
2018-09-25,236.570929,236.891372,236.505625,236.550424,1075170.000000,
2018-09-26,235.512160,235.806528,235.424370,235.613408,2135586.000000,
2018-09-27,229.310778,229.367513,229.228363,229.325633,1404041.000000,
2018-09-28,226.740320,226.965921,226.394220,226.766561,4153137.000000,
2018-10-01,225.943236,225.961385,225.702207,225.892201,1640689.000000,
2018-10-02,228.582117,228.751443,228.531549,228.555860,4223900.000000,
2018-10-03,229.295688,229.430629,228.987061,229.387379,2117882.000000,
2018-10-04,226.143619,226.327080,226.085064,226.241631,4999421.000000,
2018-10-05,227.700543,227.795499,227.521596,227.780738,3459369.000000,
2018-10-08,231.681931,231.824645,231.665311,231.797962,1547259.000000,
2018-10-09,228.835634,228.936311,228.561437,228.892853,754790.000000,
2018-10-10,236.868974,237.078365,236.737662,236.879416,3371834.000000,
2018-10-11,238.590575,239.069549,238.567740,238.603242,3047979.000000,
2018-10-12,237.725765,237.928130,237.379593,237.467931,909626.000000,
2018-10-15,242.503686,242.814354,242.413318,242.662487,3571042.000000,
2018-10-16,249.112275,249.208011,248.510076,248.806552,885305.000000,
2018-10-17,248.209835,248.242851,247.976683,248.076759,1079483.000000,
2018-10-18,250.132784,250.482194,249.934509,250.093532,3285961.000000,
2018-10-19,243.151360,243.325719,242.779966,242.952519,4807198.000000,
2018-10-22,238.857365,238.897969,238.851767,238.891161,1264367.000000,
2018-10-23,243.665747,243.875110,243.621889,243.709376,1206943.000000,
2018-10-24,247.798593,248.224128,247.767512,248.046598,3110985.000000,
2018-10-25,250.952544,251.077311,250.782165,250.915314,1209392.000000,
2018-10-26,245.311236,245.559571,245.222403,245.395934,1059185.000000,
2018-10-29,250.982244,251.347527,250.773059,251.218496,4736145.000000,
2018-10-30,250.556666,250.699203,250.347144,250.350271,2135780.000000,
2018-10-31,250.199729,250.304810,250.128589,250.145675,4622860.000000,
2018-11-01,254.358131,254.508604,254.224196,254.237345,2087221.000000,
2018-11-02,249.898925,250.068178,249.692508,250.028931,4489510.000000,
2018-11-05,247.905505,247.984027,247.694976,247.738524,4632199.000000,
2018-11-06,247.300558,247.462194,247.082501,247.292236,1946281.000000,
2018-11-07,248.579414,248.742823,248.411714,248.444246,2521692.000000,
2018-11-08,253.453263,253.479857,253.260341,253.452361,2197596.000000,
2018-11-09,253.029537,253.537036,252.958574,253.171957,4353536.000000,
2018-11-12,252.066080,252.133190,252.049676,252.116408,521098.000000,
2018-11-13,255.229742,255.364873,255.219140,255.259183,647675.000000,
2018-11-14,265.384230,265.394867,265.157320,265.166936,1897524.000000,
2018-11-15,265.507266,265.635089,265.155952,265.473274,525555.000000,
2018-11-16,265.903594,265.997846,265.722409,265.771000,830786.000000,
2018-11-19,267.771241,267.847902,267.540188,267.619529,1976701.000000,
2018-11-20,265.442174,265.701610,265.056280,265.645769,4133060.000000,
2018-11-21,268.465538,268.795034,268.408707,268.589294,3986373.000000,
2018-11-22,265.537724,265.624490,265.382701,265.417626,3940689.000000,
2018-11-23,270.846020,271.468951,270.570930,271.119006,3623993.000000,
2018-11-26,268.729373,268.994106,268.594120,268.928409,1215791.000000,
2018-11-27,271.630938,271.852693,271.487988,271.606631,1738963.000000,
2018-11-28,272.837510,273.129027,272.446086,272.794223,794734.000000,
2018-11-29,271.936847,271.962318,271.603062,271.912981,2859805.000000,
2018-11-30,271.946714,272.112501,271.844670,271.866486,2748702.000000,
2018-12-03,273.796362,274.013683,273.672227,273.889384,1793483.000000,
2018-12-04,271.810537,271.995235,271.722075,271.866761,3008905.000000,
2018-12-05,274.757644,275.321427,274.557385,275.168448,1997593.000000,
2018-12-06,281.896732,282.566005,281.891790,282.011866,4925924.000000,
2018-12-07,284.514158,284.621360,284.404115,284.487530,3759312.000000,
2018-12-10,281.435055,281.562655,281.384349,281.508409,2826822.000000,
2018-12-11,283.772350,284.055976,283.390723,283.891262,3756468.000000,
2018-12-12,287.914633,288.021761,287.642701,287.881101,3535526.000000,
2018-12-13,289.950929,290.191451,289.850550,290.010567,874968.000000,
2018-12-14,287.580829,287.719490,287.433167,287.521168,1469655.000000,
2018-12-17,282.125848,282.369757,281.851131,281.957594,4231828.000000,
2018-12-18,282.254128,282.358191,282.105289,282.350146,3978201.000000,
2018-12-19,274.378335,274.653701,274.085903,274.558041,4475335.000000,
2018-12-20,281.956301,282.465003,281.834332,281.842775,2048643.000000,
2018-12-21,280.183571,280.224763,279.934148,279.961344,2506576.000000,
2018-12-24,281.617775,281.794173,281.360443,281.666251,1087811.000000,
2018-12-25,281.212527,281.363128,281.071137,281.342703,723553.000000,
2018-12-26,284.261674,284.695846,284.204326,284.424810,2838604.000000,
2018-12-27,286.023059,286.275072,285.863769,286.019160,753148.000000,
2018-12-28,294.784767,295.185893,294.565263,294.722874,970562.000000,
2018-12-31,294.244293,294.336245,293.942788,293.969716,820840.000000,
2019-01-01,297.580309,298.323525,297.351377,297.642514,1320325.000000,
2019-01-02,293.843048,294.173632,293.761057,294.009358,2988825.000000,
2019-01-03,295.257776,295.741903,295.250632,295.271978,1493381.000000,
2019-01-04,300.491062,300.830167,300.304111,300.316250,1202576.000000,
2019-01-07,294.179611,294.848402,293.541497,293.697327,1936138.000000,
2019-01-08,293.900903,294.086919,293.447263,293.869566,2889875.000000,
2019-01-09,293.316015,293.499678,293.195127,293.201046,3614201.000000,
2019-01-10,293.593706,293.723393,293.323891,293.429744,3404524.000000,
2019-01-11,296.544917,296.700534,296.257110,296.365429,1453809.000000,
2019-01-14,297.621436,297.782541,297.415118,297.418816,3499878.000000,
2019-01-15,294.694325,294.884229,294.321143,294.842551,1891813.000000,
2019-01-16,293.386519,293.467748,293.222466,293.393869,743721.000000,
2019-01-17,290.933406,291.161213,290.626458,290.890770,2914705.000000,
2019-01-18,290.746708,291.088954,290.525982,290.830416,3917950.000000,
2019-01-21,292.690498,292.826713,292.512574,292.776895,928405.000000,
2019-01-22,292.701033,292.883897,292.527477,292.754645,3127265.000000,
2019-01-23,291.447325,291.547172,291.400959,291.427592,4614562.000000,
2019-01-24,289.008122,289.136023,288.746506,288.914374,2485230.000000,
2019-01-25,289.457643,290.139410,289.234597,290.049387,2667963.000000,
2019-01-28,286.307014,286.823007,286.109369,286.551605,1917969.000000,
2019-01-29,287.306247,287.678035,287.031813,287.196205,1969060.000000,
2019-01-30,283.368017,283.605632,283.158332,283.440892,3142932.000000,
2019-01-31,284.387213,284.894953,284.380252,284.526549,2365896.000000,
2019-02-01,286.874383,286.992123,286.700433,286.807410,3057416.000000,
2019-02-04,284.098311,284.220863,283.681453,283.851973,3763517.000000,
2019-02-05,281.467344,281.895830,281.357272,281.611227,2286232.000000,
2019-02-06,294.988137,295.310452,294.976261,295.097555,4874365.000000,
2019-02-07,296.637241,297.121700,296.473034,296.922494,1482808.000000,
2019-02-08,303.278143,303.633869,303.027473,303.193727,3384789.000000,
2019-02-11,308.655232,308.987919,308.326732,308.497697,3184056.000000,
2019-02-12,319.943185,320.141311,319.611310,320.083128,3476206.000000,
2019-02-13,314.257231,314.400872,313.790546,314.339266,1004501.000000,
2019-02-14,311.707069,311.718464,311.377530,311.450638,2851875.000000,
2019-02-15,309.199523,309.687927,308.892766,309.446055,4620818.000000,
2019-02-18,308.550773,308.693722,308.219731,308.335360,990166.000000,
2019-02-19,309.080140,309.425024,309.067646,309.086902,4308381.000000,
2019-02-20,300.930102,301.054060,300.623816,300.904855,4643553.000000,
2019-02-21,292.764712,292.859399,292.411208,292.690643,4560493.000000,
2019-02-22,294.316510,294.594201,294.302899,294.486509,4633695.000000,
2019-02-25,292.441586,292.815764,292.173407,292.512775,900136.000000,
2019-02-26,293.364440,293.422121,293.138362,293.224331,4482658.000000,
2019-02-27,295.389837,295.436114,295.093093,295.245578,2205082.000000,
2019-02-28,288.812663,289.125991,288.602170,289.002000,4595960.000000,
2019-03-01,290.030670,290.201759,289.918767,290.054645,4413256.000000,
2019-03-04,294.839406,294.968088,294.563612,294.788701,2248899.000000,
2019-03-05,293.445514,293.615158,293.406335,293.562921,4083344.000000,
2019-03-06,293.781992,293.870173,293.659136,293.691706,4820223.000000,
2019-03-07,290.961662,291.021934,290.782240,290.915808,4137782.000000,
2019-03-08,293.675378,293.797654,293.451418,293.561163,4087986.000000,
2019-03-11,291.137171,291.210810,290.899476,291.017538,2755595.000000,
2019-03-12,295.832289,295.999368,295.543266,295.794874,3453411.000000,
2019-03-13,291.203119,291.487967,290.968347,291.089764,3172315.000000,
2019-03-14,287.954767,288.081882,287.875594,288.048361,2030687.000000,
2019-03-15,283.156055,283.304292,282.793966,283.024868,2403318.000000,
2019-03-18,278.570757,278.828686,278.268325,278.515585,3693439.000000,
2019-03-19,276.417002,276.598571,276.307989,276.433729,2138082.000000,
2019-03-20,275.225815,275.301659,274.590633,275.201488,1393533.000000,
2019-03-21,275.331298,275.366286,275.303962,275.311089,3686716.000000,
2019-03-22,276.360582,276.410939,276.014576,276.267097,2193261.000000,
2019-03-25,271.977658,272.420213,271.501023,272.137158,2371466.000000,
2019-03-26,272.734079,272.840241,272.260652,272.640370,1825885.000000,
2019-03-27,272.903257,273.160163,272.740998,272.828702,2186842.000000,
2019-03-28,267.546637,267.851865,267.471310,267.742502,505810.000000,
2019-03-29,268.764326,269.224388,268.542769,268.734026,1364911.000000,
2019-04-01,269.494271,269.771144,269.412126,269.456007,1316058.000000,
2019-04-02,271.351414,271.530539,271.244758,271.425146,2821013.000000,
2019-04-03,268.763704,269.087423,268.664459,268.924033,4400823.000000,
2019-04-04,270.267766,270.531560,270.015159,270.111424,1534996.000000,
2019-04-05,268.154535,268.162352,267.926715,268.047990,3793276.000000,
2019-04-08,269.721050,269.815804,269.263239,269.756242,3003493.000000,
2019-04-09,270.987100,271.284085,270.917966,271.210548,2832303.000000,
2019-04-10,271.738639,271.767304,271.181856,271.720684,3366218.000000,
2019-04-11,275.525534,276.041084,275.391263,275.747349,3590579.000000,
2019-04-12,271.017645,271.266880,270.889743,271.261339,2576379.000000,
2019-04-15,272.302698,272.391178,272.241390,272.257244,3409055.000000,
2019-04-16,272.395095,272.542416,272.360441,272.465404,2154438.000000,
2019-04-17,274.110899,274.492693,273.827743,274.180157,2205454.000000,
2019-04-18,276.458192,276.593809,276.202715,276.394886,4096892.000000,
2019-04-19,275.200023,275.297712,275.098843,275.198495,4156428.000000,
2019-04-22,271.348258,271.479767,270.941534,271.340468,1910214.000000,
2019-04-23,270.820803,270.979821,270.546918,270.603738,1186613.000000,
2019-04-24,269.925858,269.956439,269.502040,269.901477,1426532.000000,
2019-04-25,266.741206,267.082501,266.486792,266.849476,2062740.000000,
2019-04-26,271.251830,271.644751,270.766104,271.235610,1214967.000000,
2019-04-29,271.573783,271.797484,271.220389,271.338535,3276146.000000,
2019-04-30,268.898009,268.918464,268.737520,268.756641,3084889.000000,
2019-05-01,271.265563,271.372349,271.035941,271.091073,1752249.000000,
2019-05-02,276.022157,276.093214,275.696605,276.076510,1186336.000000,
2019-05-03,271.016530,271.147982,270.500432,270.884156,1749049.000000,
2019-05-06,270.277374,270.422301,270.066362,270.298042,2505791.000000,
2019-05-07,272.012746,272.076767,271.817863,271.957466,988167.000000,
2019-05-08,275.519570,275.628779,275.450424,275.535350,2089199.000000,
2019-05-09,278.605476,278.837149,278.429386,278.773741,904919.000000,
2019-05-10,278.033999,278.392790,277.847133,277.910027,4725802.000000,
2019-05-13,280.056760,280.298190,279.979783,279.981599,4415615.000000,
2019-05-14,282.336900,282.411490,281.877867,282.240551,4171822.000000,
2019-05-15,282.217485,282.365862,281.875210,282.118800,2814995.000000,
2019-05-16,291.278530,291.431132,291.086354,291.173995,2308548.000000,
2019-05-17,295.805546,296.231828,295.632972,296.114800,2979720.000000,
2019-05-20,294.877303,295.030106,294.712622,294.780105,1773079.000000,
2019-05-21,294.005739,294.034455,293.788938,293.851584,898234.000000,
2019-05-22,293.192327,293.736649,293.062697,293.392812,4315564.000000,
2019-05-23,291.594821,291.806551,291.363380,291.690215,4848802.000000,
2019-05-24,294.781965,294.821584,294.534095,294.686055,2260518.000000,
2019-05-27,296.438009,296.468563,296.121514,296.353536,2726407.000000,
2019-05-28,302.051163,302.372670,301.811079,301.837065,504666.000000,
2019-05-29,301.381124,301.766541,301.153778,301.433187,2683427.000000,
2019-05-30,297.572169,297.827299,297.113255,297.687769,4146360.000000,
2019-05-31,298.833822,299.107171,298.537929,298.726606,3583300.000000,
2019-06-03,300.496751,300.735306,300.416412,300.726254,4345543.000000,
2019-06-04,299.858619,299.993490,299.734717,299.906123,1478719.000000,
2019-06-05,298.714699,298.897039,298.262507,298.815680,1353298.000000,
2019-06-06,297.064377,297.257653,296.986008,297.053331,647658.000000,
2019-06-07,300.122053,300.377308,300.069486,300.291003,2172131.000000,
2019-06-10,300.336989,300.466580,300.100584,300.422634,4831330.000000,
2019-06-11,305.283578,305.398400,304.957959,305.040447,3266138.000000,
2019-06-12,302.776394,303.354262,302.593873,302.789812,2892581.000000,
2019-06-13,305.336471,305.551106,304.881425,305.399053,1303146.000000,
2019-06-14,306.478791,306.655382,306.211102,306.380700,4868787.000000,
2019-06-17,316.070987,316.225128,315.476090,315.772160,2773769.000000,
2019-06-18,316.042144,316.102438,315.874405,316.013473,3629845.000000,
2019-06-19,322.376888,322.463856,322.193112,322.390491,2322304.000000,
2019-06-20,320.137176,320.418353,319.949903,320.034980,4866896.000000,
2019-06-21,320.348687,320.466738,320.039777,320.239310,1259463.000000,
2019-06-24,315.474123,315.612309,315.375808,315.598870,851512.000000,
2019-06-25,311.901655,312.229858,311.471784,311.907589,4501300.000000,
2019-06-26,309.013173,309.671694,308.997097,309.325107,3402430.000000,
2019-06-27,310.728567,310.821504,310.464951,310.799103,4314892.000000,
2019-06-28,313.305159,313.380508,312.971384,313.315821,4341760.000000,
2019-07-01,311.892694,311.981485,311.717048,311.946045,4107238.000000,
2019-07-02,317.745100,317.887302,317.705249,317.731872,2692472.000000,
2019-07-03,320.217763,320.257926,319.789230,319.819046,3704434.000000,
2019-07-04,320.165893,320.293368,320.108549,320.290404,3818912.000000,
2019-07-05,318.440725,318.482234,318.282704,318.362526,2616485.000000,
2019-07-08,325.804036,326.219473,325.462049,325.678953,4703840.000000,
2019-07-09,327.707691,327.853087,327.566512,327.807510,4044438.000000,
2019-07-10,330.787702,331.039157,330.332924,330.593536,653813.000000,
2019-07-11,336.216245,336.571894,335.648158,336.090286,1646512.000000,
2019-07-12,343.085751,343.327727,342.764122,343.324294,936814.000000,
2019-07-15,341.325425,341.416787,341.260289,341.360109,3856355.000000,
2019-07-16,339.357452,339.776521,339.050686,339.409333,2206077.000000,
2019-07-17,344.222008,344.231165,344.014301,344.149434,3630329.000000,
2019-07-18,344.468281,344.742449,344.121311,344.605265,812070.000000,
2019-07-19,345.861174,346.231410,345.833948,345.860770,867434.000000,
2019-07-22,352.039295,352.424665,351.862006,352.182797,4591502.000000,
2019-07-23,357.345624,357.617901,356.846326,357.346974,2578621.000000,
2019-07-24,361.567079,361.734622,361.213174,361.667059,4824427.000000,
2019-07-25,366.535287,366.815039,366.315565,366.351137,3416486.000000,
2019-07-26,367.841551,367.887868,367.530901,367.754087,3255559.000000,
2019-07-29,364.128948,364.399429,363.465602,363.974030,4214478.000000,
2019-07-30,362.673112,363.248767,362.415572,362.742660,2205567.000000,
2019-07-31,357.538899,357.578986,357.160440,357.337949,4707454.000000,
2019-08-01,359.606831,360.228661,359.574834,359.735754,3162144.000000,
2019-08-02,358.628110,359.137827,358.597827,358.735675,4528357.000000,
2019-08-05,362.976739,363.075247,362.709758,363.040927,4649285.000000,
2019-08-06,369.761579,369.853502,369.384550,369.829181,4558262.000000,
2019-08-07,366.824438,367.364942,366.492755,366.596167,4614146.000000,
2019-08-08,367.852470,368.309884,367.787684,368.201188,1395905.000000,
2019-08-09,373.214914,373.499037,372.997205,373.223032,3178831.000000,
2019-08-12,372.262392,373.109698,372.222864,372.602129,1189111.000000,
2019-08-13,378.119752,378.483482,377.846016,377.956818,3280057.000000,
2019-08-14,378.761759,378.927348,378.417293,378.916896,4326706.000000,
2019-08-15,382.464685,382.692188,382.334838,382.622398,2545248.000000,
2019-08-16,386.358521,387.024440,386.120910,386.533986,1680985.000000,
2019-08-19,384.835763,385.109930,384.659978,384.875994,649530.000000,
2019-08-20,385.274624,385.392788,384.676049,385.146666,1281189.000000,
2019-08-21,386.704745,387.022649,386.492609,386.578494,4958921.000000,
2019-08-22,388.533924,388.730141,388.248132,388.335271,3230945.000000,
2019-08-23,388.183816,388.524832,387.841773,388.225858,1220076.000000,
2019-08-26,389.128367,389.607986,388.955969,389.198600,1986011.000000,
2019-08-27,380.735991,381.044753,380.185063,380.698602,967728.000000,
2019-08-28,382.594383,383.020616,382.418255,382.569371,4625106.000000,
2019-08-29,384.788043,384.838732,384.046390,384.547006,4979014.000000,
2019-08-30,383.573771,383.716774,383.179911,383.638114,4102263.000000,
2019-09-02,387.733435,388.329906,387.442633,387.868471,1132569.000000,
2019-09-03,384.008389,384.210897,383.934683,384.143181,3063984.000000,
2019-09-04,385.326561,385.586627,385.267543,385.357922,3092002.000000,
2019-09-05,384.726502,384.869882,384.495091,384.707380,3622298.000000,
2019-09-06,379.311154,380.113391,379.090366,379.377238,4592526.000000,
2019-09-09,382.925684,383.382101,382.653080,383.124102,3210346.000000,
2019-09-10,379.380825,379.789135,379.029246,379.639227,4948030.000000,
2019-09-11,377.174322,377.850243,377.021351,377.315897,2134078.000000,
2019-09-12,379.254650,379.395796,378.942904,379.087059,3969047.000000,
2019-09-13,377.875063,378.267456,377.788931,377.801230,3719494.000000,
2019-09-16,380.633567,380.901853,380.170748,380.612268,2187263.000000,
2019-09-17,388.253532,388.805802,388.153018,388.505256,1242636.000000,
2019-09-18,381.640003,382.154261,381.297554,382.005155,1320272.000000,
2019-09-19,385.737327,385.861414,385.641129,385.733629,3941600.000000,
2019-09-20,387.845160,388.405240,387.575501,387.835478,2760054.000000,
2019-09-23,389.956820,390.689280,389.800082,390.287896,1284854.000000,
2019-09-24,390.711039,390.807347,390.005437,390.575252,3982454.000000,
2019-09-25,389.806159,390.084453,389.771432,389.990822,2297281.000000,
2019-09-26,390.489050,390.821874,390.345200,390.552035,1676335.000000,
2019-09-27,393.903162,393.928342,393.561856,393.846738,3961686.000000,
2019-09-30,400.335912,400.628278,399.881429,399.909757,633152.000000,
2019-10-01,398.509943,398.667630,398.402376,398.413446,3088445.000000,
2019-10-02,395.876009,396.005764,395.853441,395.867546,2767212.000000,
2019-10-03,395.500289,395.707805,395.373443,395.491820,783920.000000,
2019-10-04,398.647000,398.817468,398.132602,398.750798,2738439.000000,
2019-10-07,399.087863,399.594075,398.710795,399.210850,3464714.000000,
2019-10-08,396.860281,397.263196,396.430914,396.892557,4433679.000000,
2019-10-09,395.929476,396.590635,395.364081,395.608745,4719060.000000,
2019-10-10,392.959790,393.387524,392.750443,392.760564,1286657.000000,
2019-10-11,390.956187,391.108250,390.811634,390.910917,2728935.000000,
2019-10-14,403.757505,403.826841,403.570370,403.825519,2188206.000000,
2019-10-15,384.324140,384.701393,384.248486,384.288130,1147142.000000,
2019-10-16,381.754108,381.926544,381.574564,381.785057,1698369.000000,
2019-10-17,393.974397,394.106843,393.757203,393.924949,2774866.000000,
2019-10-18,396.557943,396.817530,396.274716,396.284522,1179174.000000,
2019-10-21,395.604883,395.858639,395.324902,395.584321,4566405.000000,
2019-10-22,404.000237,404.794265,403.945000,403.977341,1369771.000000,
2019-10-23,408.630739,409.035003,408.617246,408.831666,3822350.000000,
2019-10-24,416.242362,416.949317,416.102760,416.535376,1137631.000000,
2019-10-25,418.601120,418.932192,418.443322,418.608552,3749599.000000,
2019-10-28,416.866613,417.483429,416.648969,416.976636,3926173.000000,
2019-10-29,416.775577,417.622169,416.665474,416.740821,1887117.000000,
2019-10-30,425.199480,425.370469,424.598108,425.197423,3606076.000000,
2019-10-31,433.291139,433.914039,433.129244,433.478735,1019604.000000,
2019-11-01,428.122587,428.393086,428.074620,428.302720,4321078.000000,
2019-11-04,445.426536,445.460061,444.998264,445.323030,3082328.000000,
2019-11-05,438.894722,439.475285,438.603413,438.871147,2234402.000000,
2019-11-06,440.716763,441.254487,440.005804,441.171192,4263007.000000,
2019-11-07,444.793483,444.942712,444.730302,444.737135,1754088.000000,
2019-11-08,440.882395,440.974214,440.478788,440.732356,3143573.000000,
2019-11-11,447.601471,447.749151,447.225865,447.464075,3768641.000000,
2019-11-12,435.235998,435.402554,435.230807,435.250656,956871.000000,
2019-11-13,430.338999,430.658896,430.208934,430.619563,3436212.000000,
2019-11-14,424.149072,424.445764,423.750459,424.064858,1313635.000000,
2019-11-15,434.375017,434.745377,433.490527,434.264110,3861174.000000,
2019-11-18,443.203843,443.624990,442.855614,443.436907,2236888.000000,
2019-11-19,445.961164,446.229764,445.733820,445.979280,4028158.000000,
2019-11-20,450.668160,450.877546,450.242422,450.712636,3438683.000000,
2019-11-21,458.021979,458.120981,457.684839,457.895996,4835119.000000,
2019-11-22,460.998873,461.728699,460.750877,460.823294,4108361.000000,
2019-11-25,458.191170,459.135905,458.081476,458.594730,3875604.000000,
2019-11-26,464.433590,465.204312,463.887536,464.212034,4389737.000000,
2019-11-27,470.103725,470.354863,469.532956,469.970188,1086176.000000,
2019-11-28,471.824249,472.326528,471.708231,472.251639,2967901.000000,
2019-11-29,468.111980,468.903707,468.013292,468.424027,3964604.000000,
2019-12-02,472.319551,472.662986,471.380462,471.928647,4452986.000000,
2019-12-03,481.629006,482.310918,481.189186,481.853940,1743690.000000,
2019-12-04,478.948917,479.257988,478.293581,479.061840,1142833.000000,
2019-12-05,472.415551,473.159477,472.002870,472.280062,3763019.000000,
2019-12-06,479.181651,479.337152,478.621005,479.184004,972432.000000,
2019-12-09,488.393407,488.730066,488.252580,488.337611,4206104.000000,
2019-12-10,498.837167,499.159094,498.753135,498.870726,1690080.000000,
2019-12-11,501.586894,501.780631,501.339221,501.597874,4626484.000000,
2019-12-12,510.533206,510.748863,509.790861,510.310119,3785328.000000,
2019-12-13,517.473920,518.210786,517.075067,517.705569,1088990.000000,
2019-12-16,518.057049,518.466893,517.437755,517.825325,4193242.000000,
2019-12-17,515.768792,515.918039,515.243264,515.534501,4393533.000000,
2019-12-18,510.403976,510.697732,510.369797,510.528732,2819773.000000,
2019-12-19,507.202066,507.749117,506.865041,507.251395,1503898.000000,
