date,open,high,low,close,volume
2010-01-01,99.474067,99.622557,99.376427,99.541158,4048924.000000
2010-01-04,99.775005,99.791840,99.745910,99.754987,4563036.000000
2010-01-05,101.560344,101.680032,101.401458,101.429403,1833705.000000
2010-01-06,101.067600,101.103232,101.061326,101.066852,4200063.000000
2010-01-07,101.017772,101.087430,100.926780,100.995929,4709501.000000
2010-01-08,101.004129,101.016297,100.903903,100.998315,2529925.000000
2010-01-11,99.563590,99.632518,99.551304,99.581035,4453389.000000
2010-01-12,99.673601,99.705664,99.591931,99.665124,1948678.000000
2010-01-13,98.435570,98.438806,98.388925,98.423855,4347440.000000
2010-01-14,99.588780,99.603852,99.529189,99.581120,2615017.000000
2010-01-15,98.359878,98.441402,98.355789,98.390780,3223707.000000
2010-01-18,98.355815,98.444515,98.348451,98.388423,2662002.000000
2010-01-19,98.183053,98.249870,98.113673,98.237552,3671479.000000
2010-01-20,98.541694,98.655482,98.486515,98.540469,1405733.000000
2010-01-21,98.979249,99.077265,98.969118,99.029182,3644950.000000
2010-01-22,98.159400,98.164809,98.100762,98.151005,3766100.000000
2010-01-25,98.380771,98.393622,98.296568,98.366455,1017445.000000
2010-01-26,97.750594,97.753607,97.682780,97.729852,3333079.000000
2010-01-27,98.292284,98.423276,98.145068,98.235601,1086746.000000
2010-01-28,97.087467,97.087509,97.010676,97.062940,2153427.000000
2010-01-29,96.035809,96.053962,95.899956,96.045663,4228548.000000
2010-02-01,95.749759,95.810177,95.734859,95.752856,3914318.000000
2010-02-02,96.273744,96.388825,96.242918,96.372220,1827330.000000
2010-02-03,96.146815,96.284971,96.103032,96.117797,3156283.000000
2010-02-04,95.881976,96.041257,95.869912,95.882568,646110.000000
2010-02-05,97.154040,97.195312,97.062714,97.159936,709358.000000
2010-02-08,98.100377,98.270970,98.005346,98.055883,4519246.000000
2010-02-09,98.188765,98.216526,98.108073,98.143777,3763209.000000
2010-02-10,97.434407,97.538364,97.407779,97.528922,4078168.000000
2010-02-11,96.681121,96.799752,96.609745,96.737027,2858643.000000
2010-02-12,96.137940,96.201632,96.073101,96.088201,1840271.000000
2010-02-15,95.146058,95.185156,94.965811,95.110485,1781198.000000
2010-02-16,95.183629,95.334549,95.116808,95.211136,883128.000000
2010-02-17,95.706270,95.816127,95.694763,95.723722,2923145.000000
2010-02-18,96.595157,96.708478,96.403532,96.520409,2401878.000000
2010-02-19,95.712606,95.793725,95.594739,95.646731,2047678.000000
2010-02-22,95.325298,95.390393,95.201275,95.349874,4549867.000000
2010-02-23,94.715024,94.785515,94.624632,94.705942,4958298.000000
2010-02-24,96.464467,96.497155,96.348367,96.471762,3398602.000000
2010-02-25,97.908243,97.941929,97.820322,97.822705,2868201.000000
2010-02-26,96.456617,96.563481,96.372377,96.413413,1476238.000000
2010-03-01,97.265122,97.274143,97.172230,97.239489,4335036.000000
2010-03-02,98.277777,98.316749,98.204927,98.215295,4058235.000000
2010-03-03,98.512620,98.644390,98.489558,98.581530,728099.000000
2010-03-04,99.639648,99.646764,99.558773,99.597467,3857187.000000
2010-03-05,100.771379,100.843906,100.697106,100.793819,3752320.000000
2010-03-08,100.963612,100.983077,100.879230,100.957404,4740220.000000
2010-03-09,101.607256,101.661188,101.490187,101.577061,4764111.000000
2010-03-10,101.275583,101.386431,101.179301,101.199422,2835865.000000
2010-03-11,100.931677,101.033329,100.819731,100.975063,3215821.000000
2010-03-12,100.919084,101.139041,100.845155,100.953165,616963.000000
2010-03-15,101.547144,101.601768,101.453059,101.514325,824494.000000
2010-03-16,101.578402,101.600933,101.480001,101.497184,2985932.000000
2010-03-17,101.398014,101.546876,101.394036,101.445062,2340558.000000
2010-03-18,101.764471,101.822808,101.731053,101.768516,2654566.000000
2010-03-19,100.333745,100.334130,100.234787,100.306607,4395647.000000
2010-03-22,100.399341,100.474036,100.236394,100.297935,4187882.000000
2010-03-23,101.164456,101.241203,101.081504,101.136619,3637719.000000
2010-03-24,102.206625,102.226935,102.206097,102.223299,1730180.000000
2010-03-25,103.009622,103.071050,103.007182,103.018156,1993521.000000
2010-03-26,102.453538,102.488319,102.364054,102.419300,2843949.000000
2010-03-29,102.868488,102.978372,102.829935,102.877769,4276808.000000
2010-03-30,103.817090,103.975596,103.752658,103.835586,997116.000000
2010-03-31,104.485219,104.496365,104.469259,104.491761,4372488.000000
2010-04-01,104.030363,104.107464,103.895911,104.041242,3433940.000000
2010-04-02,104.261016,104.508508,104.235458,104.344708,4764910.000000
2010-04-05,103.761065,103.767392,103.713758,103.755228,2192910.000000
2010-04-06,102.589757,102.651286,102.498886,102.639176,4983501.000000
2010-04-07,103.231130,103.314759,103.148267,103.188980,2276843.000000
2010-04-08,103.839771,103.863574,103.791075,103.808140,2281223.000000
2010-04-09,105.420529,105.462212,105.344815,105.384290,905277.000000
2010-04-12,107.036657,107.154762,106.933797,107.058081,4725831.000000
2010-04-13,106.788031,106.806897,106.743275,106.747463,2651423.000000
2010-04-14,106.377354,106.379445,106.178697,106.288950,2442448.000000
2010-04-15,107.700109,107.734600,107.599037,107.701676,4039860.000000
2010-04-16,106.834004,106.920365,106.799962,106.886600,552361.000000
2010-04-19,107.034775,107.166876,106.955439,107.073946,2538918.000000
2010-04-20,106.548208,106.667726,106.428793,106.581885,1315237.000000
2010-04-21,105.788272,105.832225,105.739301,105.773071,1640613.000000
2010-04-22,105.597993,105.700126,105.544995,105.653310,1842342.000000
2010-04-23,106.588929,106.743293,106.537221,106.683661,3207621.000000
2010-04-26,106.834413,106.944780,106.675581,106.869678,2045704.000000
2010-04-27,106.654307,106.839169,106.587815,106.737858,4167513.000000
2010-04-28,105.914599,105.923378,105.657397,105.833334,1496183.000000
2010-04-29,105.160803,105.273375,105.092559,105.190056,3297176.000000
2010-04-30,104.964061,105.099280,104.953976,105.003297,4793164.000000
2010-05-03,104.872259,105.019588,104.719880,104.778972,1296937.000000
2010-05-04,106.468597,106.489967,106.273504,106.438760,2660858.000000
2010-05-05,106.351265,106.484903,106.237052,106.285612,3531041.000000
2010-05-06,107.263212,107.349821,107.247313,107.307920,4355293.000000
2010-05-07,106.468356,106.507324,106.370681,106.381097,1616182.000000
2010-05-10,105.836364,105.876778,105.577480,105.834766,2675810.000000
2010-05-11,103.929676,104.131660,103.843965,104.018086,3460919.000000
2010-05-12,103.932672,104.111180,103.907098,103.947410,2277299.000000
2010-05-13,102.766086,102.782764,102.705280,102.718417,1149731.000000
2010-05-14,103.504098,103.523682,103.462433,103.465213,938525.000000
2010-05-17,102.783833,102.805739,102.768321,102.770446,4929455.000000
2010-05-18,103.314652,103.386060,103.160197,103.231391,1452861.000000
2010-05-19,104.114245,104.148241,104.062161,104.082578,1592045.000000
2010-05-20,103.442019,103.501383,103.433730,103.449112,4565977.000000
2010-05-21,102.094978,102.190332,102.009191,102.121977,4046665.000000
2010-05-24,101.212925,101.323228,101.174249,101.231212,4975533.000000
2010-05-25,100.676627,100.712933,100.639394,100.642576,3851677.000000
2010-05-26,100.552878,100.578403,100.465600,100.504884,2963938.000000
2010-05-27,101.532499,101.586914,101.386392,101.555274,3570433.000000
2010-05-28,101.968252,102.020494,101.906438,101.987879,3426048.000000
2010-05-31,101.196904,101.297835,101.175194,101.265636,1312379.000000
2010-06-01,99.643577,99.692676,99.636392,99.647143,993618.000000
2010-06-02,99.182777,99.268001,99.029434,99.116036,4233925.000000
2010-06-03,97.766222,97.940699,97.732727,97.860928,2640237.000000
2010-06-04,97.609696,97.678618,97.481482,97.514236,4973500.000000
2010-06-07,96.813444,96.877794,96.773711,96.785869,3553365.000000
2010-06-08,95.812517,95.913270,95.663598,95.772049,3432066.000000
2010-06-09,95.863631,96.036914,95.836923,95.874756,4219124.000000
2010-06-10,96.362461,96.435159,96.290295,96.333881,4327993.000000
2010-06-11,95.646132,95.739376,95.597390,95.697112,3393651.000000
2010-06-14,94.460323,94.519997,94.359006,94.493010,949284.000000
2010-06-15,94.966820,95.104115,94.952340,95.073285,4164247.000000
2010-06-16,95.104303,95.138300,95.103760,95.126559,2905101.000000
2010-06-17,95.959453,95.983397,95.951727,95.957434,557357.000000
2010-06-18,95.555691,95.627978,95.508881,95.548525,3061248.000000
2010-06-21,95.198309,95.303366,95.155269,95.212526,2674700.000000
2010-06-22,95.736959,95.780584,95.694220,95.743437,1410000.000000
2010-06-23,97.829744,97.877704,97.741765,97.784642,2019392.000000
2010-06-24,98.526039,98.660748,98.402254,98.545224,4099598.000000
2010-06-25,99.330372,99.435706,99.169456,99.253987,742974.000000
2010-06-28,98.389299,98.416215,98.380763,98.393569,4358742.000000
2010-06-29,98.440850,98.557867,98.352409,98.503216,1327226.000000
2010-06-30,98.566522,98.596418,98.433788,98.499148,1700607.000000
2010-07-01,97.560943,97.637914,97.540687,97.568491,3469780.000000
2010-07-02,98.308108,98.313679,98.284788,98.311656,740353.000000
2010-07-05,98.744274,98.908663,98.700163,98.764333,3984842.000000
2010-07-06,99.478136,99.560689,99.389224,99.545919,1391935.000000
2010-07-07,98.888414,98.916165,98.825645,98.834194,2582365.000000
2010-07-08,99.151199,99.201337,99.105999,99.165803,1600723.000000
2010-07-09,98.645619,98.837083,98.570236,98.768685,2923957.000000
2010-07-12,100.078234,100.124052,99.906408,99.996123,927700.000000
2010-07-13,99.280251,99.353001,99.223491,99.352573,4371655.000000
2010-07-14,99.102945,99.106104,98.999533,99.039143,2641469.000000
2010-07-15,98.994146,99.030708,98.843977,98.933649,3771682.000000
2010-07-16,97.911951,97.991237,97.833256,97.937261,3474792.000000
2010-07-19,97.752487,97.835329,97.682158,97.734583,3127015.000000
2010-07-20,98.108484,98.197482,98.099785,98.129062,2917829.000000
2010-07-21,98.940277,99.053559,98.915423,98.932347,4278860.000000
2010-07-22,98.522431,98.525583,98.465254,98.510536,4220108.000000
2010-07-23,98.634413,98.665756,98.594657,98.595007,4944413.000000
2010-07-26,98.502912,98.577318,98.388216,98.522677,961313.000000
2010-07-27,99.447232,99.513917,99.447153,99.480687,2967452.000000
2010-07-28,100.148961,100.163873,100.129439,100.157946,3437080.000000
2010-07-29,99.477289,99.587534,99.400954,99.442225,1896837.000000
2010-07-30,98.197962,98.249957,98.121016,98.198354,1899955.000000
2010-08-02,98.586434,98.679713,98.392005,98.498649,1895933.000000
2010-08-03,99.362664,99.436879,99.354559,99.382272,2123026.000000
2010-08-04,99.902974,100.036070,99.886278,99.931774,4575818.000000
2010-08-05,100.280217,100.394487,100.158429,100.238083,4556838.000000
2010-08-06,101.807505,101.893729,101.800391,101.885571,3365950.000000
2010-08-09,103.141510,103.166640,103.082003,103.138816,3756527.000000
2010-08-10,102.554988,102.693091,102.539109,102.613901,1370801.000000
2010-08-11,101.483629,101.492640,101.376745,101.427593,3813334.000000
2010-08-12,100.013037,100.150371,99.989085,100.038283,4214632.000000
2010-08-13,99.890006,100.037863,99.873708,100.007615,1003106.000000
2010-08-16,99.617462,99.744435,99.464076,99.642153,553375.000000
2010-08-17,98.904642,98.958753,98.753498,98.931565,1037624.000000
2010-08-18,98.757554,98.776709,98.654817,98.686345,2477940.000000
2010-08-19,97.493311,97.575216,97.311261,97.437867,4881086.000000
2010-08-20,96.084785,96.141039,96.065381,96.125664,1341130.000000
2010-08-23,96.729277,96.811471,96.649139,96.723530,4992072.000000
2010-08-24,97.608729,97.641966,97.560898,97.617130,2276984.000000
2010-08-25,98.333441,98.339146,98.113953,98.308124,938278.000000
2010-08-26,96.935601,97.130906,96.767728,96.961301,4909520.000000
2010-08-27,97.673845,97.674304,97.606076,97.608956,2003224.000000
2010-08-30,95.999642,96.025261,95.936722,95.992314,3645913.000000
2010-08-31,94.574853,94.613118,94.437961,94.483780,1943272.000000
2010-09-01,93.816042,94.006607,93.788734,93.806004,4569945.000000
2010-09-02,92.607376,92.784911,92.592002,92.675247,1167864.000000
2010-09-03,91.906643,91.987775,91.849638,91.986321,4115594.000000
2010-09-06,91.175779,91.182674,91.129796,91.139748,3676413.000000
2010-09-07,89.733300,89.826240,89.681436,89.711772,1595353.000000
2010-09-08,90.073427,90.173947,90.050508,90.132086,3002510.000000
2010-09-09,89.440598,89.466523,89.319338,89.412317,4435769.000000
2010-09-10,90.158618,90.311169,90.147288,90.206708,521209.000000
2010-09-13,90.707667,90.707809,90.672048,90.675545,3945401.000000
2010-09-14,91.518945,91.589844,91.414310,91.554066,2079642.000000
2010-09-15,91.013889,91.124535,90.964848,91.086040,1236179.000000
2010-09-16,90.862706,90.903246,90.745105,90.818034,988306.000000
2010-09-17,91.871209,92.010984,91.804554,91.924806,1829616.000000
2010-09-20,90.769599,90.849377,90.683060,90.788657,2722413.000000
2010-09-21,89.395026,89.551417,89.275408,89.364317,2563315.000000
2010-09-22,90.310327,90.319287,90.217732,90.277792,3332352.000000
2010-09-23,91.660414,91.665740,91.594225,91.650352,1671613.000000
2010-09-24,91.096055,91.115120,91.040284,91.066374,4990119.000000
2010-09-27,92.346346,92.413055,92.159299,92.272756,3538061.000000
2010-09-28,91.894548,91.952745,91.861687,91.947092,4449634.000000
2010-09-29,91.429657,91.553270,91.370649,91.414425,1618157.000000
2010-09-30,91.700100,91.760370,91.632885,91.676061,1264545.000000
2010-10-01,90.761721,90.765827,90.736107,90.736896,3947142.000000
2010-10-04,90.575729,90.645157,90.522129,90.587694,1038220.000000
2010-10-05,90.482899,90.501731,90.387846,90.488550,4087622.000000
2010-10-06,90.735875,90.775119,90.677482,90.764385,1660873.000000
2010-10-07,89.590304,89.612268,89.585289,89.592359,690252.000000
2010-10-08,88.528694,88.585534,88.482137,88.493102,3558944.000000
2010-10-11,88.446698,88.540959,88.370259,88.530702,4167040.000000
2010-10-12,87.973206,87.989563,87.769165,87.909750,2074433.000000
2010-10-13,88.195573,88.281986,88.027142,88.110772,3988312.000000
2010-10-14,89.042776,89.062218,89.009934,89.012370,989690.000000
2010-10-15,89.273459,89.347906,89.262044,89.285612,1023274.000000
2010-10-18,88.925611,89.045496,88.880863,88.998676,1732046.000000
2010-10-19,87.898474,88.029271,87.877112,87.930818,1597548.000000
2010-10-20,86.937779,87.061693,86.839778,86.983896,4075093.000000
2010-10-21,86.897668,86.984042,86.809428,86.823841,1461356.000000
2010-10-22,86.364103,86.408322,86.323454,86.326009,2501717.000000
2010-10-25,86.305345,86.338290,86.253176,86.274691,4410410.000000
2010-10-26,85.298437,85.353079,85.224461,85.269069,1946500.000000
2010-10-27,85.114093,85.207955,85.079546,85.147960,627676.000000
2010-10-28,85.842651,85.872740,85.679558,85.758142,3176274.000000
2010-10-29,85.998724,86.026863,85.875624,85.988146,1662096.000000
2010-11-01,85.660816,85.770262,85.629283,85.673157,986821.000000
2010-11-02,85.804056,85.821108,85.719468,85.768346,4697439.000000
2010-11-03,85.338294,85.479322,85.321772,85.360480,2306171.000000
2010-11-04,85.862223,85.887997,85.792086,85.852794,754286.000000
2010-11-05,86.419934,86.467378,86.351959,86.383056,3463287.000000
2010-11-08,87.005763,87.048295,86.883443,87.000160,4894907.000000
2010-11-09,86.743986,86.825846,86.721614,86.782615,4602312.000000
2010-11-10,85.989141,86.089882,85.984794,86.014365,3686846.000000
2010-11-11,85.920309,85.925127,85.860262,85.883415,3117663.000000
2010-11-12,85.880008,86.000950,85.834885,85.897068,2489939.000000
2010-11-15,86.138699,86.198653,86.097336,86.193383,1045610.000000
2010-11-16,86.143866,86.186499,86.088515,86.136807,3603590.000000
2010-11-17,87.829390,87.948385,87.800122,87.841626,2455129.000000
2010-11-18,88.675764,88.694775,88.614566,88.678169,4598154.000000
2010-11-19,89.531568,89.653289,89.401277,89.563050,2928999.000000
2010-11-22,89.948267,89.959659,89.808924,89.910483,4435407.000000
2010-11-23,91.001652,91.011774,90.878493,90.967168,2062070.000000
2010-11-24,90.919374,90.962764,90.816488,90.843148,3771093.000000
2010-11-25,91.980699,91.993366,91.928442,91.942987,1919476.000000
2010-11-26,94.262861,94.329682,94.153284,94.153916,795216.000000
2010-11-29,94.575687,94.580005,94.488237,94.529186,2453663.000000
2010-11-30,94.595747,94.677461,94.534646,94.651566,4192829.000000
2010-12-01,94.440611,94.544402,94.415945,94.454939,3430214.000000
2010-12-02,95.346784,95.407826,95.267321,95.376784,1098330.000000
2010-12-03,94.975696,94.995450,94.899570,94.989832,4691730.000000
2010-12-06,95.497423,95.503871,95.447090,95.474405,2626478.000000
2010-12-07,94.903481,94.919459,94.772543,94.856511,2493998.000000
2010-12-08,95.633475,95.680922,95.581237,95.583285,3092042.000000
2010-12-09,94.623582,94.703374,94.553888,94.607866,2758142.000000
2010-12-10,95.504597,95.584679,95.398816,95.437387,4415068.000000
2010-12-13,96.317050,96.363590,96.015190,96.189290,1347916.000000
2010-12-14,96.062802,96.159101,96.057855,96.081752,4797303.000000
2010-12-15,95.776653,95.938125,95.665580,95.884413,1383191.000000
2010-12-16,96.633847,96.854648,96.590236,96.716746,2030941.000000
2010-12-17,96.709980,96.783294,96.594994,96.689268,3185063.000000
2010-12-20,96.677099,96.764550,96.650672,96.701203,4920064.000000
2010-12-21,96.059424,96.211839,96.057523,96.112984,1170541.000000
2010-12-22,98.368585,98.427102,98.291403,98.308508,1778850.000000
2010-12-23,99.777826,99.875354,99.637084,99.663227,4962725.000000
2010-12-24,98.924953,98.992809,98.809438,98.966619,3654412.000000
2010-12-27,98.209982,98.273718,97.991177,98.134539,3370110.000000
2010-12-28,97.701331,97.796939,97.662229,97.751220,4180738.000000
2010-12-29,98.826517,99.051032,98.792914,98.959789,2418839.000000
2010-12-30,98.193670,98.319920,98.086524,98.164273,4253542.000000
2010-12-31,96.738041,96.776461,96.654756,96.689582,3546638.000000
2011-01-03,95.637731,95.774406,95.565910,95.570320,3964332.000000
2011-01-04,94.958523,95.013445,94.941215,95.004653,3259577.000000
2011-01-05,94.527998,94.541447,94.469660,94.503424,4986173.000000
2011-01-06,93.855605,93.919838,93.752872,93.778440,4370039.000000
2011-01-07,95.626493,95.785749,95.614966,95.743628,2144454.000000
2011-01-10,95.955774,95.979635,95.722624,95.873136,924574.000000
2011-01-11,94.189304,94.221636,94.031020,94.211922,1557296.000000
2011-01-12,93.668983,93.693222,93.594440,93.657681,4099165.000000
2011-01-13,92.230681,92.241538,92.178395,92.229525,4105030.000000
2011-01-14,92.359282,92.401742,92.300880,92.342934,1675012.000000
2011-01-17,90.822515,90.891642,90.679481,90.737204,3377120.000000
2011-01-18,91.289979,91.290110,91.213675,91.256232,2052732.000000
2011-01-19,90.406374,90.554318,90.396776,90.462332,4193529.000000
2011-01-20,90.458179,90.502259,90.455538,90.465283,4255155.000000
2011-01-21,91.448365,91.551566,91.380399,91.539371,2257511.000000
2011-01-24,92.563426,92.650339,92.463621,92.496730,2792569.000000
2011-01-25,91.272445,91.413670,91.196141,91.225169,961414.000000
2011-01-26,90.659280,90.711129,90.658019,90.707311,3351863.000000
2011-01-27,89.711530,89.770723,89.663890,89.698825,1142259.000000
2011-01-28,89.125032,89.315958,89.022812,89.192732,4344427.000000
2011-01-31,88.120941,88.131652,88.020371,88.090620,3635315.000000
2011-02-01,88.258280,88.330128,88.243600,88.250984,2357142.000000
2011-02-02,88.514662,88.613474,88.363853,88.398972,2688482.000000
2011-02-03,88.727072,88.812329,88.678323,88.756356,4662495.000000
2011-02-04,87.228043,87.310872,87.189231,87.201383,2385021.000000
2011-02-07,87.092031,87.195012,87.055297,87.185317,2837946.000000
2011-02-08,87.210951,87.235900,87.127614,87.147468,729943.000000
2011-02-09,86.709753,86.913230,86.676252,86.759745,2378409.000000
2011-02-10,85.992398,86.089244,85.927166,85.980162,952509.000000
2011-02-11,84.640453,84.746548,84.625872,84.711795,4800474.000000
2011-02-14,86.079287,86.192382,85.937416,86.018402,4732880.000000
2011-02-15,86.339067,86.356372,86.183586,86.348974,824389.000000
2011-02-16,85.569454,85.598742,85.517469,85.577681,2423539.000000
2011-02-17,85.079055,85.088181,85.021310,85.052880,2961392.000000
2011-02-18,86.453878,86.516336,86.418153,86.432685,1971985.000000
2011-02-21,86.850549,86.901929,86.811322,86.879657,2110242.000000
2011-02-22,85.978916,86.028302,85.826832,85.955693,4100104.000000
2011-02-23,86.451829,86.588170,86.421650,86.428160,4844135.000000
2011-02-24,85.904902,85.936241,85.812020,85.930456,1910551.000000
2011-02-25,85.681497,85.705236,85.581275,85.652592,4480578.000000
2011-02-28,86.053480,86.156330,86.049154,86.059837,3089340.000000
2011-03-01,84.858497,84.963516,84.784552,84.854898,2914186.000000
2011-03-02,85.125345,85.161097,85.086500,85.119282,4169754.000000
2011-03-03,84.487899,84.498351,84.420981,84.437822,1732941.000000
2011-03-04,83.840145,83.891944,83.793544,83.843059,3835358.000000
2011-03-07,83.305569,83.511940,83.301901,83.361847,657584.000000
2011-03-08,83.176311,83.253202,83.167535,83.171512,2185540.000000
2011-03-09,83.225074,83.289001,83.207337,83.278291,2329027.000000
2011-03-10,83.324241,83.399725,83.280479,83.327126,1134017.000000
2011-03-11,83.509948,83.541447,83.414036,83.467966,1255807.000000
2011-03-14,83.612294,83.635350,83.575649,83.609859,1221188.000000
2011-03-15,83.856157,83.970087,83.821015,83.905678,4617719.000000
2011-03-16,82.941221,82.946256,82.842964,82.942116,3491035.000000
2011-03-17,83.989921,84.032457,83.909887,84.018610,547553.000000
2011-03-18,83.497140,83.547978,83.481565,83.541105,1692391.000000
2011-03-21,83.128314,83.278930,83.044792,83.199955,3741964.000000
2011-03-22,83.649307,83.699769,83.634236,83.670137,1205136.000000
2011-03-23,82.481253,82.523581,82.371902,82.450697,782419.000000
2011-03-24,82.675178,82.792470,82.581197,82.617520,1126016.000000
2011-03-25,82.390908,82.411597,82.260721,82.333134,2221657.000000
2011-03-28,81.674810,81.812453,81.614673,81.660492,1107874.000000
2011-03-29,81.177871,81.199014,81.037959,81.146891,3186595.000000
2011-03-30,80.911378,81.003202,80.765677,80.899793,4636736.000000
2011-03-31,81.164747,81.305541,81.118923,81.183561,4126841.000000
2011-04-01,81.295977,81.314948,81.143226,81.224811,3492658.000000
2011-04-04,82.497051,82.638839,82.371219,82.569038,4227498.000000
2011-04-05,81.403045,81.444605,81.246440,81.334782,4992359.000000
2011-04-06,81.421470,81.454064,81.309875,81.410703,3820880.000000
2011-04-07,80.759695,80.781311,80.740745,80.745555,3730289.000000
2011-04-08,81.070075,81.075739,81.000325,81.074780,1819428.000000
2011-04-11,80.220117,80.250055,80.175021,80.206267,3988351.000000
2011-04-12,80.750457,80.878318,80.684922,80.751810,2910984.000000
2011-04-13,81.779236,81.877205,81.700384,81.760215,3009472.000000
2011-04-14,82.424274,82.505811,82.417625,82.470317,4256887.000000
2011-04-15,82.969266,82.970049,82.897568,82.945353,833569.000000
2011-04-18,83.328272,83.365924,83.131999,83.353596,1213340.000000
2011-04-19,82.379084,82.410428,82.302648,82.323382,4212719.000000
2011-04-20,82.416129,82.477467,82.338106,82.417629,1606698.000000
2011-04-21,81.413493,81.435290,81.326516,81.379406,4986196.000000
2011-04-22,80.404874,80.505386,80.391857,80.461960,2892834.000000
2011-04-25,79.617399,79.727641,79.600627,79.615069,4812346.000000
2011-04-26,79.877386,79.956106,79.833229,79.928709,4391118.000000
2011-04-27,80.402669,80.466607,80.361961,80.430848,4672255.000000
2011-04-28,81.059022,81.060849,80.853078,80.984036,1449134.000000
2011-04-29,80.715451,80.742458,80.565544,80.680765,4634941.000000
2011-05-02,80.927598,80.991871,80.924044,80.976727,1003514.000000
2011-05-03,80.501595,80.507366,80.350905,80.482379,3099299.000000
2011-05-04,79.748498,79.816099,79.585094,79.724041,4076458.000000
2011-05-05,80.151414,80.199365,80.118424,80.145968,3211975.000000
2011-05-06,80.151597,80.226565,80.052084,80.158007,4218664.000000
2011-05-09,79.215677,79.295980,79.171941,79.258791,1951631.000000
2011-05-10,79.076684,79.090556,79.029383,79.086756,3171658.000000
2011-05-11,77.189214,77.269737,77.158945,77.166080,2042121.000000
2011-05-12,76.679389,76.680544,76.631209,76.660790,3414598.000000
2011-05-13,77.563076,77.654508,77.556296,77.587161,2447704.000000
2011-05-16,77.850827,77.867285,77.797783,77.803275,2608731.000000
2011-05-17,78.788712,78.794462,78.740601,78.754152,518574.000000
2011-05-18,78.809106,78.837602,78.761364,78.802533,4878872.000000
2011-05-19,77.360044,77.410769,77.320422,77.363349,3350241.000000
2011-05-20,76.735945,76.772932,76.709860,76.750721,972429.000000
2011-05-23,76.706647,76.811461,76.648415,76.699517,874064.000000
2011-05-24,75.965133,76.052601,75.961696,75.989957,1024485.000000
2011-05-25,75.856147,75.942006,75.820378,75.870388,4002725.000000
2011-05-26,75.722684,75.774295,75.687420,75.698893,3000162.000000
2011-05-27,76.405847,76.428852,76.267649,76.348147,1693650.000000
2011-05-30,76.301183,76.307091,76.267262,76.283973,1185109.000000
2011-05-31,76.527286,76.593423,76.507174,76.540784,3251805.000000
2011-06-01,76.642204,76.728526,76.454911,76.625699,887552.000000
2011-06-02,76.487696,76.578259,76.331774,76.511231,813764.000000
2011-06-03,77.591931,77.593244,77.536133,77.568595,1544506.000000
2011-06-06,77.395499,77.484862,77.365107,77.406543,2795656.000000
2011-06-07,77.062402,77.124754,76.986117,76.988017,597659.000000
2011-06-08,77.215096,77.267003,77.165184,77.248311,4499770.000000
2011-06-09,78.029763,78.115303,78.003203,78.031692,2007513.000000
2011-06-10,78.035256,78.076105,77.860069,77.962677,3927711.000000
2011-06-13,78.094297,78.160218,78.021066,78.134370,1762104.000000
2011-06-14,79.301417,79.370030,79.208137,79.309277,3587806.000000
2011-06-15,79.239716,79.272095,79.236157,79.260339,643320.000000
2011-06-16,79.417710,79.459975,79.382350,79.419125,4688952.000000
2011-06-17,80.719758,80.897547,80.689599,80.794322,3687157.000000
2011-06-20,80.831478,80.854569,80.810076,80.828574,529035.000000
2011-06-21,81.618893,81.715267,81.565654,81.602657,1355754.000000
2011-06-22,81.695840,81.839079,81.682911,81.784434,4456695.000000
2011-06-23,82.071052,82.140601,82.036782,82.071886,2386433.000000
2011-06-24,82.175935,82.305637,82.087862,82.092292,2758624.000000
2011-06-27,81.405944,81.487503,81.384404,81.394013,2764922.000000
2011-06-28,81.301191,81.389667,81.214828,81.236857,2905322.000000
2011-06-29,81.071065,81.084806,80.964745,80.995675,2682884.000000
2011-06-30,80.999424,81.064751,80.989680,81.023688,4463632.000000
2011-07-01,80.531187,80.616460,80.433293,80.488576,3352272.000000
2011-07-04,81.711219,81.894206,81.573690,81.737304,2987525.000000
2011-07-05,82.191193,82.233213,82.172671,82.199076,1676181.000000
2011-07-06,83.392227,83.485742,83.390575,83.424877,977654.000000
2011-07-07,83.756186,83.812002,83.645976,83.703721,4735940.000000
2011-07-08,84.144818,84.182831,84.095492,84.174299,3383142.000000
2011-07-11,85.049813,85.069324,85.013855,85.046266,3316745.000000
2011-07-12,86.012103,86.023725,85.892276,86.019687,3312713.000000
2011-07-13,87.381207,87.458040,87.349320,87.358861,4707611.000000
2011-07-14,87.525425,87.572373,87.494140,87.523141,2602563.000000
2011-07-15,89.560383,89.665643,89.502895,89.557675,4386749.000000
2011-07-18,88.254666,88.267189,88.166787,88.224055,3123148.000000
2011-07-19,89.437406,89.444803,89.376247,89.437922,1284926.000000
2011-07-20,89.562242,89.580751,89.500254,89.551911,2711272.000000
2011-07-21,90.394740,90.395242,90.332818,90.375193,4658194.000000
2011-07-22,90.384642,90.397620,90.339224,90.379232,2716908.000000
2011-07-25,90.162643,90.229623,90.152992,90.216548,4218528.000000
2011-07-26,90.713625,90.743558,90.606430,90.734883,4504309.000000
2011-07-27,92.125392,92.187666,92.009408,92.147613,1244862.000000
2011-07-28,93.809521,93.820321,93.728749,93.742216,3810745.000000
2011-07-29,94.117668,94.161682,94.071730,94.152509,4477901.000000
2011-08-01,94.972592,95.080402,94.848659,94.888901,1038585.000000
2011-08-02,94.528737,94.614068,94.495892,94.575007,4676917.000000
2011-08-03,95.482749,95.648249,95.386169,95.523193,1229451.000000
2011-08-04,95.667905,95.779311,95.552779,95.699563,4332278.000000
2011-08-05,96.025574,96.183088,95.978657,96.044454,703102.000000
2011-08-08,96.145532,96.307664,96.032091,96.156706,898874.000000
2011-08-09,95.399831,95.410768,95.314524,95.336622,4839324.000000
2011-08-10,96.631917,96.714868,96.604191,96.629299,504572.000000
2011-08-11,97.239238,97.285175,97.054259,97.175911,2828439.000000
2011-08-12,97.781803,97.784329,97.521711,97.683765,2567909.000000
2011-08-15,98.024136,98.115134,98.001153,98.059605,4633934.000000
2011-08-16,97.967414,98.054147,97.946057,97.959666,4628160.000000
2011-08-17,97.770543,97.935646,97.689880,97.835981,2495518.000000
2011-08-18,96.937223,97.024123,96.862525,96.888219,1258422.000000
2011-08-19,96.355606,96.393973,96.342302,96.365179,3659646.000000
2011-08-22,94.525171,94.525633,94.366802,94.508204,807360.000000
2011-08-23,94.826960,94.851157,94.820384,94.825818,3484416.000000
2011-08-24,93.921881,94.049175,93.885642,93.950761,1634480.000000
2011-08-25,92.693599,92.790982,92.500184,92.639074,3226065.000000
2011-08-26,92.428374,92.497907,92.402146,92.462684,2864439.000000
2011-08-29,92.895866,93.015323,92.838083,92.867777,3102471.000000
2011-08-30,94.133545,94.169902,93.986500,94.160844,801307.000000
2011-08-31,93.834735,93.945437,93.826840,93.846071,3760260.000000
2011-09-01,94.522866,94.683212,94.501843,94.594832,4998818.000000
2011-09-02,95.043751,95.060490,94.988757,95.051702,3981407.000000
2011-09-05,95.009640,95.069745,94.939364,94.965688,4292035.000000
2011-09-06,95.014965,95.101120,94.929166,95.047940,4875232.000000
2011-09-07,94.802752,94.815865,94.687836,94.719816,1063331.000000
2011-09-08,94.368836,94.548952,94.363056,94.476143,2084552.000000
2011-09-09,95.453356,95.587148,95.396285,95.454332,4732473.000000
2011-09-12,95.326532,95.409731,95.282783,95.321287,1615839.000000
2011-09-13,97.433892,97.492422,97.339726,97.441137,1071352.000000
2011-09-14,99.518058,99.640239,99.389755,99.437316,3803057.000000
2011-09-15,100.379000,100.412801,100.376849,100.403970,4089364.000000
2011-09-16,99.508418,99.601555,99.473853,99.504715,576401.000000
2011-09-19,98.915361,99.018602,98.830225,98.857262,3974833.000000
2011-09-20,98.355915,98.540221,98.300774,98.380975,1469376.000000
2011-09-21,98.464875,98.499422,98.361920,98.486498,3531283.000000
2011-09-22,98.444190,98.475966,98.358803,98.471324,1015207.000000
2011-09-23,98.149324,98.209120,98.031726,98.110495,3633535.000000
2011-09-26,98.156902,98.216597,98.114239,98.154188,4175331.000000
2011-09-27,98.803597,99.045315,98.776640,98.882290,3047486.000000
2011-09-28,100.550474,100.629909,100.532903,100.537053,1366020.000000
2011-09-29,101.480409,101.517195,101.444353,101.488486,1921110.000000
2011-09-30,102.285588,102.457209,102.191296,102.370308,1596568.000000
2011-10-03,103.831737,104.039306,103.772588,103.853908,989090.000000
2011-10-04,103.857868,103.947413,103.673332,103.847323,3351671.000000
2011-10-05,104.309451,104.441304,104.151165,104.189206,2375261.000000
2011-10-06,104.605116,104.673224,104.507695,104.627466,580749.000000
2011-10-07,103.807262,103.893018,103.795407,103.830247,2982475.000000
2011-10-10,103.917186,103.943974,103.831348,103.892595,852238.000000
2011-10-11,104.213169,104.358418,104.177950,104.234270,4899465.000000
2011-10-12,103.710859,103.746286,103.699731,103.743428,1829643.000000
2011-10-13,104.957152,105.044728,104.914891,104.947806,4918755.000000
2011-10-14,104.856488,104.914615,104.829053,104.882548,4034590.000000
2011-10-17,104.781002,104.849451,104.758115,104.820777,2792686.000000
2011-10-18,105.283567,105.421356,105.180414,105.278718,4404634.000000
2011-10-19,104.755060,104.824274,104.636681,104.785346,2876627.000000
2011-10-20,104.135284,104.186760,104.020039,104.112053,4964022.000000
2011-10-21,105.697410,105.795758,105.675966,105.713616,848561.000000
2011-10-24,104.445600,104.606682,104.270479,104.350520,4700835.000000
2011-10-25,104.727446,104.915783,104.675497,104.714512,4507123.000000
2011-10-26,105.019982,105.094260,104.975238,105.071274,3293971.000000
2011-10-27,106.485990,106.640962,106.450773,106.493691,1789262.000000
2011-10-28,107.860494,107.931703,107.829683,107.834150,3752480.000000
2011-10-31,109.343433,109.444419,109.260277,109.424140,4873539.000000
2011-11-01,108.573046,108.613938,108.451500,108.501669,740949.000000
2011-11-02,107.361480,107.437385,107.245749,107.373710,1605936.000000
2011-11-03,106.342300,106.440975,106.228690,106.259065,3670138.000000
2011-11-04,107.537534,107.586657,107.521542,107.569316,3750642.000000
2011-11-07,107.958909,107.969432,107.855893,107.936682,3396501.000000
2011-11-08,108.681204,108.750751,108.597459,108.695578,1999345.000000
2011-11-09,107.978346,108.113977,107.858608,107.938898,1365716.000000
2011-11-10,110.164317,110.272796,110.090733,110.106606,748322.000000
2011-11-11,110.393513,110.463406,110.301427,110.359815,4296482.000000
2011-11-14,111.041080,111.141161,110.979834,111.089079,3136947.000000
2011-11-15,111.022160,111.132445,111.012513,111.127183,3995036.000000
2011-11-16,110.263920,110.369528,110.228687,110.249262,4847956.000000
2011-11-17,110.927527,110.960282,110.748014,110.920382,4005613.000000
2011-11-18,109.403763,109.419510,109.291759,109.382368,3545347.000000
2011-11-21,110.460494,110.563852,110.387081,110.524715,4924898.000000
2011-11-22,109.758851,109.850065,109.607393,109.726779,2090670.000000
2011-11-23,108.636157,108.766871,108.561012,108.732332,1108701.000000
2011-11-24,109.390621,109.399279,109.311238,109.343011,1255249.000000
2011-11-25,109.851215,109.863752,109.722296,109.761923,2773623.000000
2011-11-28,107.971973,108.061346,107.957244,108.011669,2555136.000000
2011-11-29,107.756267,107.901733,107.751430,107.873135,4809486.000000
2011-11-30,107.748452,107.781429,107.597237,107.778210,2520441.000000
2011-12-01,108.235573,108.537249,108.234112,108.416353,1934109.000000
2011-12-02,109.556430,109.626989,109.506344,109.626414,2834479.000000
2011-12-05,111.811751,111.861712,111.666908,111.828154,2934364.000000
2011-12-06,112.404792,112.549235,112.370994,112.413384,2585183.000000
2011-12-07,111.917681,112.037304,111.842291,111.845308,3739024.000000
2011-12-08,110.792879,110.809066,110.650444,110.659620,3295128.000000
2011-12-09,112.438375,112.466040,112.342731,112.388356,1322338.000000
2011-12-12,112.367021,112.414423,112.235971,112.353827,712346.000000
2011-12-13,111.872851,111.967065,111.781535,111.857552,3783371.000000
2011-12-14,112.703637,112.761354,112.526648,112.753644,1876187.000000
2011-12-15,112.945533,113.038991,112.865762,112.978161,1608034.000000
2011-12-16,114.186068,114.374585,114.183785,114.218366,3150030.000000
2011-12-19,114.517442,114.609698,114.480491,114.563085,2570682.000000
2011-12-20,114.245024,114.347638,114.214308,114.333612,3228905.000000
2011-12-21,113.886114,113.991239,113.806751,113.930111,3394094.000000
2011-12-22,115.092016,115.146223,114.970824,115.102881,1475380.000000
2011-12-23,115.719991,115.846561,115.599554,115.840088,636975.000000
2011-12-26,116.417530,116.590286,116.406242,116.465745,2223126.000000
2011-12-27,117.199449,117.300938,117.163195,117.202274,1241418.000000
2011-12-28,116.764729,116.774695,116.659803,116.723148,4857948.000000
2011-12-29,117.797020,117.806268,117.664768,117.699558,3368624.000000
2011-12-30,119.999806,120.149922,119.864369,120.043278,4341244.000000
2012-01-02,118.973364,119.191024,118.933631,118.937397,1078626.000000
2012-01-03,119.853659,119.910340,119.743743,119.772317,2004575.000000
2012-01-04,117.487697,117.570477,117.454975,117.493164,4942301.000000
2012-01-05,117.041143,117.177941,116.795656,116.938781,1464187.000000
2012-01-06,116.984335,117.032702,116.945211,117.028362,1283080.000000
2012-01-09,117.616164,117.618243,117.431911,117.578265,3533575.000000
2012-01-10,120.129158,120.174435,120.000781,120.058246,3960631.000000
2012-01-11,121.287974,121.295621,121.218853,121.252406,790614.000000
2012-01-12,122.047226,122.062200,121.960653,122.003158,4100627.000000
2012-01-13,123.331304,123.356277,123.212682,123.335544,2670789.000000
2012-01-16,124.441199,124.570864,124.424153,124.541982,3556749.000000
2012-01-17,125.157242,125.219797,125.102041,125.167433,4678555.000000
2012-01-18,126.340729,126.366660,126.278235,126.294687,3951836.000000
2012-01-19,127.910427,127.945705,127.637049,127.888908,3568414.000000
2012-01-20,129.536975,129.557657,129.464004,129.507609,1034481.000000
2012-01-23,131.596783,131.660852,131.429137,131.633955,555865.000000
2012-01-24,134.467483,134.561738,134.337776,134.412428,4561814.000000
2012-01-25,134.002321,134.061651,133.856052,133.940718,2008868.000000
2012-01-26,133.710163,133.743539,133.617136,133.711694,1227337.000000
2012-01-27,133.137383,133.284701,133.000710,133.080239,4851958.000000
2012-01-30,131.350409,131.554850,131.344625,131.440773,2059457.000000
2012-01-31,135.260909,135.304404,135.230271,135.299365,4402573.000000
2012-02-01,138.057012,138.145835,137.967001,138.112170,3646683.000000
2012-02-02,138.030879,138.136565,137.879191,137.974097,1578282.000000
2012-02-03,138.695409,138.936373,138.686409,138.804331,3194432.000000
2012-02-06,140.268442,140.555242,140.113620,140.224164,1898189.000000
2012-02-07,139.394183,139.410917,139.172161,139.326619,1132571.000000
2012-02-08,141.414282,141.544446,141.390333,141.462557,4067307.000000
2012-02-09,142.674426,142.922739,142.603504,142.730966,3183092.000000
2012-02-10,145.085530,145.174261,144.953088,144.992618,3328676.000000
2012-02-13,146.320602,146.427258,146.165499,146.267904,4294349.000000
2012-02-14,146.164640,146.373790,146.148358,146.237625,4924907.000000
2012-02-15,145.418430,145.484484,145.230824,145.379294,3117980.000000
2012-02-16,147.068567,147.123701,146.795207,146.992853,693328.000000
2012-02-17,149.244912,149.461248,149.227098,149.231695,3779036.000000
2012-02-20,150.905025,150.957941,150.852522,150.897959,2379013.000000
2012-02-21,148.656444,148.737881,148.580553,148.657486,2182408.000000
2012-02-22,148.885136,149.109956,148.579238,148.737003,3043745.000000
2012-02-23,148.376174,148.801505,148.296664,148.415180,4287078.000000
2012-02-24,148.704686,148.912609,148.602942,148.729288,518508.000000
2012-02-27,148.852405,149.293061,148.710250,148.992303,4993944.000000
2012-02-28,151.398700,151.524528,151.348213,151.351302,4559161.000000
2012-02-29,150.496008,150.644673,150.433468,150.477188,983414.000000
2012-03-01,151.095807,151.165826,151.055555,151.127720,4173818.000000
2012-03-02,151.630952,151.689281,151.555337,151.596860,2180600.000000
2012-03-05,149.795756,149.888609,149.305156,149.602241,3796955.000000
2012-03-06,148.513800,148.759786,148.440351,148.504049,4779949.000000
2012-03-07,147.931704,148.078993,147.862294,147.961229,3450720.000000
2012-03-08,147.528930,147.713863,147.370714,147.435519,4617383.000000
2012-03-09,146.927299,147.062969,146.878031,147.025424,842115.000000
2012-03-12,148.193120,148.333644,148.158107,148.297482,1751056.000000
2012-03-13,145.461749,145.560069,145.415914,145.524276,1417997.000000
2012-03-14,144.912187,144.997483,144.880094,144.959481,3466460.000000
2012-03-15,146.538607,146.778244,146.439077,146.600590,1216981.000000
2012-03-16,148.398442,148.582824,148.364315,148.438163,2827131.000000
2012-03-19,149.252242,149.421907,149.222629,149.396432,1404630.000000
2012-03-20,151.107576,151.190257,151.010777,151.145895,2481154.000000
2012-03-21,151.417006,151.469940,151.256864,151.329255,3055006.000000
2012-03-22,153.629917,153.753209,153.569524,153.648679,1088025.000000
2012-03-23,154.252795,154.593235,154.236685,154.390904,3045492.000000
2012-03-26,153.799937,153.841175,153.569564,153.744266,2294130.000000
2012-03-27,153.952787,154.129013,153.781467,153.925555,3774427.000000
2012-03-28,153.500930,153.632138,153.440831,153.530683,4619763.000000
2012-03-29,154.222087,154.286234,154.002524,154.189765,1895277.000000
2012-03-30,153.906793,153.926138,153.692406,153.858157,541541.000000
2012-04-02,153.688017,153.882204,153.611947,153.749551,1363595.000000
2012-04-03,154.105577,154.260352,153.993528,154.125807,1860073.000000
2012-04-04,154.759415,154.776227,154.536328,154.712022,4841034.000000
2012-04-05,154.555425,154.565387,154.445586,154.530760,770938.000000
2012-04-06,156.576773,156.598626,156.478734,156.582185,2154644.000000
2012-04-09,157.987267,158.010866,157.687119,157.902913,1000455.000000
2012-04-10,156.607771,156.789988,156.461942,156.466168,3842440.000000
2012-04-11,157.316820,157.336014,157.165094,157.209562,933142.000000
2012-04-12,157.217451,157.239116,157.071784,157.224679,3792054.000000
2012-04-13,158.820048,159.002250,158.800428,158.916739,1345093.000000
2012-04-16,157.818179,157.845878,157.780111,157.811893,3476106.000000
2012-04-17,157.485391,157.717177,157.415730,157.668533,1879408.000000
2012-04-18,154.717875,154.744518,154.600150,154.657306,502312.000000
2012-04-19,153.658880,153.798028,153.513668,153.538436,867375.000000
2012-04-20,154.063475,154.205523,153.926038,153.980975,3769269.000000
2012-04-23,152.260424,152.357021,152.157038,152.228759,818553.000000
2012-04-24,151.063506,151.138998,150.972052,151.010025,1646186.000000
2012-04-25,149.494476,149.661066,149.379786,149.625751,3460421.000000
2012-04-26,151.054825,151.292184,150.877177,151.115680,779526.000000
2012-04-27,151.756180,151.845728,151.736983,151.824108,4741920.000000
2012-04-30,152.786416,152.927495,152.514144,152.686658,4132899.000000
2012-05-01,150.297937,150.425597,150.162260,150.330962,2978252.000000
2012-05-02,149.669939,150.017374,149.557754,149.679983,1953373.000000
2012-05-03,149.182836,149.466834,149.152969,149.272231,4974729.000000
2012-05-04,147.816740,147.821161,147.681761,147.682480,1458376.000000
2012-05-07,149.253847,149.296941,149.158474,149.225153,2890827.000000
2012-05-08,147.255067,147.412795,147.198947,147.295041,1227166.000000
2012-05-09,145.678619,145.758080,145.611185,145.665655,2414197.000000
2012-05-10,145.580015,145.683290,145.445228,145.530261,4870825.000000
2012-05-11,144.357901,144.385399,144.341780,144.366970,770179.000000
2012-05-14,144.649002,144.724143,144.399233,144.498510,4552907.000000
2012-05-15,146.296545,146.695095,146.277316,146.401430,4120554.000000
2012-05-16,147.347494,147.466863,147.344762,147.376233,2213910.000000
2012-05-17,148.989791,149.177587,148.982594,149.039155,2045439.000000
2012-05-18,150.869891,150.934948,150.836208,150.871679,3738597.000000
2012-05-21,152.534334,152.623941,152.464310,152.515743,1348523.000000
2012-05-22,149.104371,149.427068,149.046185,149.232615,1092483.000000
2012-05-23,149.540256,149.564610,149.354360,149.523308,1494788.000000
2012-05-24,147.715043,147.751679,147.688174,147.693538,4385035.000000
2012-05-25,145.144926,145.283161,145.132119,145.237340,4606405.000000
2012-05-28,144.472829,144.535247,144.385303,144.490101,4991366.000000
2012-05-29,144.107371,144.300399,143.856014,144.169803,1046978.000000
2012-05-30,144.155507,144.279203,143.980704,144.145777,3665858.000000
2012-05-31,142.675625,142.848347,142.596906,142.753047,1560104.000000
2012-06-01,142.180018,142.218025,142.014831,142.125417,1976584.000000
2012-06-04,141.003615,141.158416,140.783724,141.075172,2932002.000000
2012-06-05,140.446101,140.496244,140.167090,140.315571,1129607.000000
2012-06-06,139.817012,139.926294,139.648318,139.783181,1624934.000000
2012-06-07,140.677714,140.769182,140.480418,140.733103,1984041.000000
2012-06-08,139.335956,139.424342,139.184284,139.260082,1547960.000000
2012-06-11,139.069505,139.123232,138.987806,139.044950,3732239.000000
2012-06-12,138.534267,138.655064,138.350254,138.579771,2569740.000000
2012-06-13,139.270850,139.456432,139.155551,139.297922,3597720.000000
2012-06-14,140.227939,140.249175,140.121186,140.213273,1729182.000000
2012-06-15,139.708164,139.823063,139.540161,139.762465,3853419.000000
2012-06-18,138.790125,138.840743,138.618521,138.660396,3277047.000000
2012-06-19,138.592584,138.738436,138.574992,138.691686,3452652.000000
2012-06-20,139.904671,140.180952,139.880813,139.927434,3380813.000000
2012-06-21,140.765429,140.986638,140.623425,140.865158,2402615.000000
2012-06-22,144.067984,144.077413,144.048522,144.063603,2871169.000000
2012-06-25,144.032927,144.049678,144.003868,144.023908,1999178.000000
2012-06-26,142.439186,142.503384,142.156233,142.414766,3985664.000000
2012-06-27,143.590981,143.593463,143.491725,143.493501,4383249.000000
2012-06-28,144.539721,144.689366,144.367513,144.424034,4439420.000000
2012-06-29,145.092686,145.148354,145.009309,145.086840,2458112.000000
2012-07-02,143.557450,143.618187,143.552020,143.586530,3835244.000000
2012-07-03,142.769525,142.906274,142.764007,142.772508,3641840.000000
2012-07-04,141.551017,141.629573,141.436887,141.507303,3828551.000000
2012-07-05,139.754879,139.761650,139.644953,139.727433,4509773.000000
2012-07-06,138.790392,138.822939,138.480620,138.642086,4679812.000000
2012-07-09,138.666612,138.676675,138.526442,138.605137,3407577.000000
2012-07-10,137.502027,137.538873,137.480127,137.507600,2681092.000000
2012-07-11,138.676156,138.958450,138.647340,138.761270,2513264.000000
2012-07-12,137.590377,137.644579,137.402207,137.533140,632125.000000
2012-07-13,138.341457,138.489283,138.207453,138.380574,1464833.000000
2012-07-16,136.985209,137.119531,136.848934,136.958087,1742821.000000
2012-07-17,137.363998,137.527181,137.272904,137.378192,2093538.000000
2012-07-18,139.050358,139.293634,138.917268,139.095362,1080442.000000
2012-07-19,139.895417,140.071911,139.817390,139.963372,4994530.000000
2012-07-20,140.687435,140.772376,140.562115,140.705943,1030541.000000
2012-07-23,141.654962,141.876474,141.554310,141.742416,3224616.000000
2012-07-24,143.759651,143.844435,143.488079,143.769543,2911170.000000
2012-07-25,144.517878,144.544545,144.337941,144.475610,3781565.000000
2012-07-26,144.281322,144.351778,143.957130,144.121654,985593.000000
2012-07-27,142.381106,142.526663,142.265689,142.462937,777897.000000
2012-07-30,144.301976,144.326391,144.010544,144.202942,1489794.000000
2012-07-31,146.150643,146.281689,146.101470,146.242877,1142125.000000
2012-08-01,146.765030,146.769825,146.699383,146.712980,2615762.000000
2012-08-02,147.842853,147.861963,147.740874,147.847448,2957420.000000
2012-08-03,148.739517,149.038618,148.510586,148.746275,4639310.000000
2012-08-06,148.709573,148.886100,148.549957,148.675479,1922795.000000
2012-08-07,148.335728,148.366531,148.149176,148.226353,1223598.000000
2012-08-08,147.818454,147.905286,147.669503,147.860070,3368155.000000
2012-08-09,150.108377,150.154336,150.105125,150.112659,3626735.000000
2012-08-10,149.765156,149.794268,149.750541,149.792040,4663907.000000
2012-08-13,151.772775,151.943256,151.683719,151.807486,3009847.000000
2012-08-14,151.488327,151.669418,151.466142,151.621571,3733494.000000
2012-08-15,149.995993,150.206565,149.979229,150.015218,4817449.000000
2012-08-16,150.161369,150.260843,150.027597,150.029994,4495863.000000
2012-08-17,150.417002,150.548278,150.401986,150.438686,3707443.000000
2012-08-20,151.043548,151.053241,150.856111,151.009521,2834734.000000
2012-08-21,151.820055,151.874075,151.622064,151.721398,2389706.000000
2012-08-22,150.607799,150.681024,150.524294,150.536566,1978450.000000
2012-08-23,150.849511,151.053074,150.768793,150.947630,3766861.000000
2012-08-24,150.513768,150.560787,150.381959,150.541046,3509155.000000
2012-08-27,151.200063,151.283295,150.977833,151.070225,3201263.000000
2012-08-28,150.642278,150.750683,150.463054,150.626733,4854455.000000
2012-08-29,150.060222,150.088258,149.892985,150.030668,2254094.000000
2012-08-30,148.165383,148.242947,148.039449,148.085964,1777176.000000
2012-08-31,147.454831,147.474084,147.308306,147.346463,1357566.000000
2012-09-03,146.642457,147.057202,146.538641,146.768636,4514808.000000
2012-09-04,147.943236,147.963948,147.782023,147.833110,1524733.000000
2012-09-05,146.620015,146.923639,146.532088,146.681827,3454589.000000
2012-09-06,146.219237,146.425187,145.961928,146.177049,504696.000000
2012-09-07,148.989919,149.103091,148.851413,149.071725,4795573.000000
2012-09-10,151.085088,151.222269,150.912853,151.087208,2845164.000000
2012-09-11,152.259196,152.305173,152.096526,152.297119,915181.000000
2012-09-12,153.126056,153.280021,153.009375,153.023626,3616079.000000
2012-09-13,154.341170,154.390939,154.095168,154.313846,3671535.000000
2012-09-14,155.641442,155.719430,155.449869,155.634946,2321915.000000
2012-09-17,157.165866,157.429478,157.075244,157.239036,2255301.000000
2012-09-18,157.652628,157.726176,157.545503,157.628577,3194559.000000
2012-09-19,156.558518,156.614857,156.259486,156.498378,3841120.000000
2012-09-20,157.476739,157.699577,157.343482,157.512077,2344820.000000
2012-09-21,156.816838,156.962910,156.687784,156.962107,3302229.000000
2012-09-24,157.505190,157.514533,157.266874,157.406326,4360868.000000
2012-09-25,156.317780,156.601774,156.161784,156.355600,2951505.000000
2012-09-26,155.364447,155.384367,155.194719,155.322446,4036268.000000
2012-09-27,155.024162,155.089300,154.776425,154.860846,4735008.000000
2012-09-28,155.033757,155.096567,154.963469,155.059196,2556175.000000
2012-10-01,154.750649,154.885630,154.490213,154.735616,1124739.000000
2012-10-02,155.263616,155.446037,154.892818,155.089949,3936993.000000
2012-10-03,157.074643,157.210722,156.865664,157.059981,3968827.000000
2012-10-04,155.353040,155.446685,155.157289,155.413110,1766008.000000
2012-10-05,154.774487,154.997016,154.731773,154.843700,4143072.000000
2012-10-08,155.355114,155.404063,155.284964,155.371631,2460125.000000
2012-10-09,154.700003,154.720213,154.537329,154.635767,3722560.000000
2012-10-10,156.531571,156.773979,156.505612,156.531039,1715379.000000
2012-10-11,156.235077,156.457540,156.100514,156.160433,2940822.000000
2012-10-12,155.604827,155.686033,155.592779,155.603595,4757478.000000
2012-10-15,155.195540,155.223149,154.981403,155.086788,3218902.000000
2012-10-16,155.386086,155.419228,155.167725,155.217268,1787278.000000
2012-10-17,155.361319,155.408121,155.222916,155.265440,1569590.000000
2012-10-18,157.071969,157.158072,156.829304,156.900590,3436805.000000
2012-10-19,161.047793,161.140144,161.015445,161.107138,1258979.000000
2012-10-22,163.831949,163.859650,163.752801,163.771258,4730781.000000
2012-10-23,165.288583,165.606881,165.231600,165.325443,3094714.000000
2012-10-24,166.238468,166.309128,166.076766,166.150093,804660.000000
2012-10-25,169.200050,169.279841,169.112970,169.206448,2726456.000000
2012-10-26,169.306241,169.364958,169.006545,169.136675,3791586.000000
2012-10-29,170.473772,170.486112,170.338578,170.466363,4831329.000000
2012-10-30,170.534327,170.781819,170.354170,170.688427,2600801.000000
2012-10-31,168.863414,169.075791,168.752584,169.018032,986628.000000
2012-11-01,168.425261,168.504208,168.383487,168.442019,2945529.000000
2012-11-02,167.884654,168.038750,167.691443,167.887033,509451.000000
2012-11-05,166.704597,166.909978,166.670136,166.750229,3005007.000000
2012-11-06,166.657370,166.710569,166.538935,166.683086,1936034.000000
2012-11-07,163.075663,163.077039,162.817792,163.045266,2395569.000000
2012-11-08,162.335266,162.448260,162.215502,162.348911,4402148.000000
2012-11-09,163.051090,163.214637,162.971726,163.171522,605442.000000
2012-11-12,163.916729,163.924838,163.861144,163.867147,4885502.000000
2012-11-13,164.227890,164.276894,164.142031,164.143348,3198169.000000
2012-11-14,166.162102,166.171311,165.985106,166.129384,4235706.000000
2012-11-15,163.090236,163.291341,162.885723,163.209902,4680749.000000
2012-11-16,163.109855,163.110458,162.946419,163.099415,3020648.000000
2012-11-19,163.081497,163.275174,162.817844,162.965701,4298156.000000
2012-11-20,163.430683,163.463453,163.309391,163.347896,1826318.000000
2012-11-21,162.833142,162.947153,162.666626,162.848915,2507725.000000
2012-11-22,162.866273,162.995523,162.808600,162.961633,4342148.000000
2012-11-23,163.375805,163.618550,163.284463,163.328750,2506941.000000
2012-11-26,163.869825,164.055415,163.795836,163.969377,2803505.000000
2012-11-27,165.675730,165.713027,165.602837,165.638644,2741794.000000
2012-11-28,166.478049,166.586675,166.325286,166.540850,1103159.000000
2012-11-29,168.573691,168.755402,168.448612,168.528273,2529916.000000
2012-11-30,167.901536,168.026563,167.896908,167.965500,4270367.000000
2012-12-03,168.919299,169.060491,168.883070,168.971090,2424073.000000
2012-12-04,169.039977,169.253623,169.011079,169.088786,4438761.000000
2012-12-05,170.176225,170.283116,169.929181,170.240207,4006984.000000
2012-12-06,171.910922,172.005215,171.823584,171.892841,2890217.000000
2012-12-07,172.566061,172.652431,172.280357,172.635252,4761857.000000
2012-12-10,172.949203,172.974717,172.776733,172.845412,4383805.000000
2012-12-11,171.091121,171.273973,170.905490,170.974283,2458599.000000
2012-12-12,172.088356,172.213019,171.943166,171.946569,4379266.000000
2012-12-13,174.607465,174.796849,174.466267,174.484065,1629163.000000
2012-12-14,174.578464,174.612228,174.285448,174.471975,4672654.000000
2012-12-17,175.867828,175.957904,175.619306,175.885437,3194796.000000
2012-12-18,174.583630,174.830692,174.519525,174.656873,2352178.000000
2012-12-19,177.649013,177.697568,177.271125,177.384667,2265620.000000
2012-12-20,179.338710,179.393903,179.244252,179.248720,4356929.000000
2012-12-21,178.198562,178.458561,177.849216,178.167211,4341415.000000
2012-12-24,179.821302,179.904249,179.574098,179.749182,957507.000000
2012-12-25,178.812252,178.854892,178.804817,178.831667,3763578.000000
2012-12-26,180.778635,180.925639,180.437067,180.687420,1872675.000000
2012-12-27,180.290270,180.361192,180.162436,180.245248,1473248.000000
2012-12-28,180.332551,180.554814,180.256939,180.475059,1883449.000000
2012-12-31,181.516773,181.764707,181.472306,181.629214,1040760.000000
2013-01-01,180.813956,181.124593,180.663776,180.701998,4388637.000000
2013-01-02,180.975183,181.167683,180.888502,181.028198,2389739.000000
2013-01-03,181.556139,181.614734,181.482368,181.539136,517004.000000
2013-01-04,179.289278,179.615838,179.186164,179.427989,1851843.000000
2013-01-07,178.418595,178.447921,178.298418,178.432452,1666752.000000
2013-01-08,178.779562,179.069474,178.662182,178.832598,4727085.000000
2013-01-09,179.650342,179.691788,179.360610,179.630262,4469040.000000
2013-01-10,180.122056,180.365852,179.993407,180.280324,1584607.000000
2013-01-11,180.887515,180.963780,180.770854,180.949516,2178018.000000
2013-01-14,180.031964,180.153576,179.867360,179.998173,962060.000000
2013-01-15,179.787627,180.174579,179.766876,179.857060,2278073.000000
2013-01-16,180.958851,181.286096,180.690376,180.851112,601604.000000
2013-01-17,182.262240,182.324107,182.003078,182.201028,3196675.000000
2013-01-18,180.311463,180.435030,180.292510,180.374379,2087450.000000
2013-01-21,180.711601,181.075186,180.321433,180.867526,4868440.000000
2013-01-22,182.182731,182.445565,182.110175,182.400367,2854492.000000
2013-01-23,182.097119,182.125093,181.937288,182.124075,3264002.000000
2013-01-24,183.940052,184.105343,183.799496,183.898567,4074517.000000
2013-01-25,184.659644,184.757194,184.657830,184.669730,1719161.000000
2013-01-28,186.584640,186.746947,186.496700,186.669151,1293669.000000
2013-01-29,188.614738,188.769688,188.559626,188.727874,1304562.000000
2013-01-30,189.988675,190.048409,189.820217,189.897287,1313167.000000
2013-01-31,191.526522,191.878923,191.479973,191.727227,563730.000000
2013-02-01,189.466607,189.664097,189.301736,189.374950,1013040.000000
2013-02-04,192.042804,192.067435,191.855282,191.943773,2549269.000000
2013-02-05,192.022281,192.245111,191.930281,192.031340,3545700.000000
2013-02-06,193.751278,193.793900,193.372142,193.577927,2267614.000000
2013-02-07,193.807995,193.951095,193.779132,193.861885,1268867.000000
2013-02-08,192.386195,192.529783,192.289560,192.470011,2415794.000000
2013-02-11,191.107244,191.242729,190.953377,191.112682,1293852.000000
2013-02-12,190.720714,191.438525,190.672607,190.893774,653238.000000
2013-02-13,190.920249,191.023322,190.882472,190.905419,1426205.000000
2013-02-14,190.605179,190.641205,190.346823,190.490836,976390.000000
2013-02-15,189.839234,190.195223,189.773021,189.950275,1948976.000000
2013-02-18,188.622550,188.688533,188.395199,188.542124,1731012.000000
2013-02-19,186.193630,186.592511,186.059166,186.291985,3511816.000000
2013-02-20,184.274253,184.482850,184.168144,184.259816,3450821.000000
2013-02-21,183.536207,183.627242,183.483420,183.594095,3518469.000000
2013-02-22,185.602653,185.629420,185.527678,185.565528,2699321.000000
2013-02-25,184.084422,184.340815,184.064647,184.310455,3191448.000000
2013-02-26,185.209789,185.280325,184.895264,185.133012,4595221.000000
2013-02-27,184.365417,184.551399,184.001127,184.225354,2170819.000000
2013-02-28,183.330176,183.455553,183.306960,183.356131,2377988.000000
2013-03-01,185.018904,185.198179,184.954274,185.022946,904103.000000
2013-03-04,183.804712,183.872885,183.406297,183.577189,4817049.000000
2013-03-05,183.589989,183.674654,183.588446,183.608528,2468065.000000
2013-03-06,183.470073,183.508410,183.327754,183.402071,4457317.000000
2013-03-07,183.438422,183.449051,183.134741,183.334792,3792719.000000
2013-03-08,182.666131,182.822482,182.363702,182.580280,1760901.000000
2013-03-11,182.390859,182.570542,182.337506,182.460559,4959286.000000
2013-03-12,180.626444,180.818126,180.472080,180.596128,1755439.000000
2013-03-13,180.164339,180.254747,180.115503,180.199861,3850971.000000
2013-03-14,180.204862,180.412436,180.123784,180.199766,507834.000000
2013-03-15,177.811392,178.041656,177.673303,177.902366,3329961.000000
2013-03-18,175.747283,175.872605,175.715302,175.824332,1971291.000000
2013-03-19,172.718357,172.780917,172.435230,172.691757,3072401.000000
2013-03-20,173.719880,173.901341,173.584816,173.636440,3930906.000000
2013-03-21,174.833981,174.995704,174.768138,174.978605,3337398.000000
2013-03-22,173.000052,173.191339,172.668821,172.950905,2493716.000000
2013-03-25,171.931421,171.966431,171.603705,171.771973,2918472.000000
2013-03-26,170.948561,170.961370,170.853484,170.898377,3255515.000000
2013-03-27,168.873120,169.018121,168.603120,168.929390,1726995.000000
2013-03-28,164.481880,164.651773,164.378476,164.580825,1468975.000000
2013-03-29,165.474024,165.680476,165.254358,165.298584,4566666.000000
2013-04-01,164.574197,164.617552,164.261587,164.503828,1979220.000000
2013-04-02,165.021899,165.154611,164.663682,164.835021,3370085.000000
2013-04-03,163.928124,164.160346,163.876486,164.099130,1084272.000000
2013-04-04,163.367072,163.476538,163.323962,163.408396,4794963.000000
2013-04-05,164.250106,164.354195,164.219802,164.229082,2591810.000000
2013-04-08,164.609098,165.054239,164.449932,164.740207,1584738.000000
2013-04-09,163.239720,163.365474,163.199237,163.242876,3846414.000000
2013-04-10,163.756460,164.020306,163.539709,163.818403,4948308.000000
2013-04-11,164.046025,164.295981,164.042533,164.095523,1581629.000000
2013-04-12,164.766812,164.827276,164.649353,164.674171,2427911.000000
2013-04-15,165.857663,166.029345,165.671116,165.856935,1345851.000000
2013-04-16,166.399681,166.436449,166.358140,166.376685,2092089.000000
2013-04-17,163.228730,163.511922,163.170569,163.320377,2935517.000000
2013-04-18,161.771898,161.792866,161.707946,161.792797,2501299.000000
2013-04-19,161.444676,161.642528,161.273219,161.381708,1185445.000000
2013-04-22,162.029185,162.038654,161.669942,162.010805,2797810.000000
2013-04-23,162.270931,162.532947,162.210335,162.401052,4828528.000000
2013-04-24,161.932288,161.986725,161.809219,161.967391,3720856.000000
2013-04-25,161.004932,161.103772,160.983421,161.043846,796053.000000
2013-04-26,159.436471,159.608885,159.259715,159.466904,4349131.000000
2013-04-29,158.695803,158.739870,158.484895,158.636920,4017189.000000
2013-04-30,158.800963,158.822482,158.594905,158.759300,2851144.000000
2013-05-01,159.640108,159.698120,159.541767,159.638608,1981041.000000
2013-05-02,160.124142,160.208260,159.937588,160.081483,4987538.000000
2013-05-03,159.927630,160.036536,159.825259,160.009260,2771002.000000
2013-05-06,160.053452,160.151275,159.959328,160.132011,2087327.000000
2013-05-07,157.814564,157.891271,157.743721,157.806001,4848286.000000
2013-05-08,156.472617,156.556333,156.304434,156.528208,3241397.000000
2013-05-09,154.421034,154.577899,154.416902,154.462143,1988525.000000
2013-05-10,153.281917,153.358022,153.278738,153.323894,3796092.000000
2013-05-13,150.983184,150.983743,150.871126,150.872851,1626145.000000
2013-05-14,148.984461,149.213578,148.737735,148.996298,4416300.000000
2013-05-15,149.269178,149.338027,149.129758,149.304502,1847880.000000
2013-05-16,148.864767,148.970763,148.833418,148.888977,1396417.000000
2013-05-17,152.088973,152.167410,152.071274,152.128300,2842826.000000
2013-05-20,152.730457,152.792162,152.647999,152.728310,1442909.000000
2013-05-21,155.030041,155.284694,154.970157,155.070446,2381658.000000
2013-05-22,157.600666,157.617876,157.563418,157.616369,1488974.000000
2013-05-23,155.715634,155.771872,155.581673,155.663273,622262.000000
2013-05-24,156.595099,156.694134,156.425014,156.656272,1121854.000000
2013-05-27,155.337421,155.494816,155.133326,155.256412,898014.000000
2013-05-28,153.530900,153.585394,153.493607,153.498461,1910697.000000
2013-05-29,152.992886,153.094423,152.944043,152.979211,1488556.000000
2013-05-30,152.855858,153.085586,152.751022,152.928264,2731133.000000
2013-05-31,152.680189,152.692791,152.494661,152.641295,3063821.000000
2013-06-03,151.791503,151.849124,151.599150,151.728944,4661165.000000
2013-06-04,153.261126,153.269363,153.028985,153.035671,4868030.000000
2013-06-05,154.018149,154.028921,153.841776,153.985432,3507211.000000
2013-06-06,154.049472,154.204099,153.905597,154.086157,4304881.000000
2013-06-07,153.012610,153.322412,153.008917,153.119854,2009432.000000
2013-06-10,153.514728,153.568125,153.209984,153.486497,4755971.000000
2013-06-11,151.870451,151.941951,151.742629,151.873287,726712.000000
2013-06-12,151.234806,151.389153,151.197749,151.366265,1819519.000000
2013-06-13,151.038004,151.050894,150.927468,150.961993,2448420.000000
2013-06-14,152.189778,152.265432,152.020260,152.114953,4479442.000000
2013-06-17,152.342809,152.534343,152.250586,152.414125,4586697.000000
2013-06-18,152.977015,153.072412,152.878039,152.963490,1755141.000000
2013-06-19,151.498475,151.663263,151.364711,151.475186,1705158.000000
2013-06-20,150.862172,150.863734,150.696256,150.725716,2322776.000000
2013-06-21,151.207817,151.301444,151.150859,151.166843,2302936.000000
2013-06-24,150.796266,150.982284,150.678921,150.817658,2900375.000000
2013-06-25,148.924534,149.046176,148.790046,149.009363,2117390.000000
2013-06-26,149.963319,150.025780,149.760542,149.980325,817405.000000
2013-06-27,152.633189,152.772779,152.518576,152.536637,1016492.000000
2013-06-28,153.790274,153.794885,153.520141,153.780360,2298434.000000
2013-07-01,153.710947,153.781597,153.587856,153.650252,3646931.000000
2013-07-02,153.096369,153.230494,153.062506,153.071239,2641562.000000
2013-07-03,153.121712,153.145746,152.782859,152.983242,763648.000000
2013-07-04,155.529636,155.533844,155.472387,155.474685,616263.000000
2013-07-05,155.393315,155.529430,155.365053,155.392278,4169012.000000
2013-07-08,154.563448,154.602295,154.532387,154.578773,2267376.000000
2013-07-09,156.040260,156.108283,155.925154,156.076253,2580878.000000
2013-07-10,157.586391,157.744345,157.582584,157.584284,3596920.000000
2013-07-11,161.723444,161.776392,161.601377,161.666684,1002093.000000
2013-07-12,161.644245,161.807216,161.585964,161.731009,4649567.000000
2013-07-15,160.702764,160.931696,160.583687,160.786214,3095457.000000
2013-07-16,160.506422,160.614477,160.499392,160.531089,1459450.000000
2013-07-17,160.352870,160.573835,160.183874,160.247661,979116.000000
2013-07-18,161.157952,161.435645,160.930513,161.030970,4257126.000000
2013-07-19,162.236386,162.312250,162.225569,162.270849,845869.000000
2013-07-22,160.189238,160.211528,160.128542,160.143923,2911376.000000
2013-07-23,160.202345,160.381767,160.090709,160.153225,1483714.000000
2013-07-24,160.049732,160.101769,159.973649,160.061952,2212286.000000
2013-07-25,160.598028,160.701892,160.483610,160.623839,3234727.000000
2013-07-26,161.604591,161.693883,161.424441,161.668367,4517090.000000
2013-07-29,160.556181,160.879416,160.463760,160.729887,1525770.000000
2013-07-30,161.401146,161.440577,161.293298,161.406718,4341450.000000
2013-07-31,161.060225,161.230699,160.996245,161.111509,4244160.000000
2013-08-01,158.588177,158.643294,158.347175,158.558166,4614956.000000
2013-08-02,157.458857,157.583012,157.279616,157.466208,1500862.000000
2013-08-05,156.089265,156.237595,156.068048,156.104309,2516974.000000
2013-08-06,156.830078,156.834985,156.769186,156.778413,3222023.000000
2013-08-07,158.231514,158.332129,158.172812,158.231170,3094518.000000
2013-08-08,157.992910,158.071667,157.905180,158.027163,852346.000000
2013-08-09,158.542715,158.641895,158.457742,158.606570,733502.000000
2013-08-12,159.013967,159.118325,158.827737,159.044476,1405751.000000
2013-08-13,162.030594,162.152050,161.950798,161.972498,3493600.000000
2013-08-14,163.512965,163.640798,163.264181,163.314207,2769163.000000
2013-08-15,164.870405,165.252565,164.721046,164.966723,1310551.000000
2013-08-16,162.966397,163.098237,162.830360,163.017103,4316841.000000
2013-08-19,164.409960,164.548961,164.222648,164.479688,3070307.000000
2013-08-20,164.696879,164.764993,164.474389,164.625905,2142993.000000
2013-08-21,163.823147,163.904942,163.468608,163.875614,802053.000000
2013-08-22,165.061696,165.152444,164.991565,165.023826,508529.000000
2013-08-23,163.986207,164.093764,163.842745,164.042129,2519444.000000
2013-08-26,162.942282,163.087365,162.692459,162.910197,3024689.000000
2013-08-27,162.336223,162.512868,162.233046,162.355842,1265628.000000
2013-08-28,160.042065,160.137187,159.953127,160.089202,1562197.000000
2013-08-29,159.597467,159.758162,159.538863,159.629396,794869.000000
2013-08-30,157.580097,157.866529,157.518078,157.690872,1810833.000000
2013-09-02,157.011852,157.149728,156.798476,156.868928,2532161.000000
2013-09-03,157.028358,157.181680,156.950569,157.030592,919505.000000
2013-09-04,156.128800,156.251320,155.914850,156.181893,1798287.000000
2013-09-05,154.729204,154.764856,154.699807,154.702861,3476426.000000
2013-09-06,153.881532,153.948169,153.790931,153.824517,1740889.000000
2013-09-09,151.411319,151.426768,151.260802,151.348660,2091148.000000
2013-09-10,150.596057,150.774913,150.298212,150.657210,4148696.000000
2013-09-11,153.074332,153.237406,152.989510,153.079251,1860305.000000
2013-09-12,149.655795,149.786255,149.327482,149.538980,1039826.000000
2013-09-13,148.818248,148.950054,148.810053,148.870058,864132.000000
2013-09-16,148.854513,148.954455,148.785465,148.818175,3758931.000000
2013-09-17,147.115800,147.259790,147.037212,147.147344,4995884.000000
2013-09-18,147.280583,147.338215,147.203177,147.246090,4248214.000000
2013-09-19,145.008361,145.036132,144.784190,144.963314,4351047.000000
2013-09-20,144.347574,144.497817,144.176481,144.348790,2684832.000000
2013-09-23,143.460736,143.589127,143.302281,143.562071,4201188.000000
2013-09-24,142.954131,143.074199,142.896235,142.968258,3903373.000000
2013-09-25,141.281513,141.307283,141.095768,141.255989,4586724.000000
2013-09-26,141.825376,142.169840,141.715896,141.957646,4129134.000000
2013-09-27,140.973788,141.165152,140.885162,141.053607,4724777.000000
2013-09-30,140.286588,140.342640,140.280985,140.313709,3082539.000000
2013-10-01,140.746702,140.901788,140.473883,140.720210,2896119.000000
2013-10-02,140.729464,140.759271,140.595656,140.624200,4850795.000000
2013-10-03,138.431578,138.591130,138.363048,138.452904,2681758.000000
2013-10-04,139.381551,139.516417,139.082413,139.338304,2626346.000000
2013-10-07,137.710162,137.835125,137.530810,137.653163,3205278.000000
2013-10-08,136.285140,136.319654,136.101983,136.210616,4092296.000000
2013-10-09,137.402012,137.471003,137.330826,137.428073,3986467.000000
2013-10-10,135.459486,135.607208,135.449598,135.485498,3550408.000000
2013-10-11,136.373384,136.635898,136.263173,136.406225,4231195.000000
2013-10-14,134.892481,135.031548,134.851228,135.017340,2835414.000000
2013-10-15,133.787321,134.021754,133.730163,133.894258,2653784.000000
2013-10-16,133.135872,133.138790,133.058405,133.073830,4588683.000000
2013-10-17,132.671792,132.964638,132.596956,132.712404,1158209.000000
2013-10-18,132.703826,132.828285,132.615763,132.744530,1783058.000000
2013-10-21,131.036596,131.073497,130.990107,131.009986,2585442.000000
2013-10-22,129.426729,129.489462,129.404767,129.431622,1856009.000000
2013-10-23,128.218103,128.331005,128.123576,128.181519,3855846.000000
2013-10-24,127.904008,128.033957,127.868372,127.921252,3459371.000000
2013-10-25,129.254843,129.362911,129.078081,129.271347,3430252.000000
2013-10-28,129.169993,129.257819,129.043217,129.222747,3452702.000000
2013-10-29,129.638564,129.745384,129.454182,129.507334,3661559.000000
2013-10-30,129.191893,129.240464,129.142570,129.169488,2081805.000000
2013-10-31,130.228140,130.270385,130.132390,130.137467,4749067.000000
2013-11-01,127.908606,128.068210,127.753917,127.909981,690861.000000
2013-11-04,125.392747,125.501119,125.239583,125.346163,923480.000000
2013-11-05,125.907968,126.246959,125.865509,125.967878,3301107.000000
2013-11-06,127.150598,127.219181,126.965982,127.002033,3524903.000000
2013-11-07,127.956054,128.036207,127.841692,127.892152,4177935.000000
2013-11-08,128.350697,128.529724,128.340186,128.449160,1611664.000000
2013-11-11,125.407283,125.563099,125.397443,125.402631,3228147.000000
2013-11-12,126.894577,127.110079,126.780045,127.024639,3996700.000000
2013-11-13,126.652988,126.666742,126.645723,126.660482,3794781.000000
2013-11-14,125.708625,125.764083,125.500924,125.649221,4841292.000000
2013-11-15,127.569620,127.596637,127.506116,127.582034,2753640.000000
2013-11-18,127.906160,128.122109,127.830273,127.917074,3753231.000000
2013-11-19,129.024886,129.155195,128.991975,129.092495,3460390.000000
2013-11-20,129.007316,129.123250,128.739443,128.965335,3002720.000000
2013-11-21,127.716915,127.773045,127.676584,127.681809,2770967.000000
2013-11-22,125.585536,125.681344,125.547588,125.569218,763691.000000
2013-11-25,125.748711,125.896323,125.643338,125.805347,3923945.000000
2013-11-26,127.994114,128.226539,127.758277,127.916966,1128706.000000
2013-11-27,128.742860,128.892655,128.709689,128.805764,4192259.000000
2013-11-28,131.357903,131.461821,131.188679,131.326559,4103097.000000
2013-11-29,131.957961,132.074237,131.896406,132.069428,4461958.000000
2013-12-02,133.378691,133.489585,133.261937,133.423445,1644028.000000
2013-12-03,133.868212,133.939746,133.825233,133.851572,3961019.000000
2013-12-04,136.390535,136.393865,136.196684,136.287234,2222538.000000
2013-12-05,138.827942,139.232387,138.724730,138.895973,3881641.000000
2013-12-06,139.796390,139.802569,139.633882,139.743460,3146574.000000
2013-12-09,138.686499,138.721030,138.598617,138.709480,1300691.000000
2013-12-10,135.324306,135.384547,135.319959,135.358645,1654846.000000
2013-12-11,135.498201,135.662735,135.442408,135.516804,4396077.000000
2013-12-12,135.069978,135.170290,134.961631,135.041405,1708352.000000
2013-12-13,135.712294,135.733342,135.506452,135.581170,4481270.000000
2013-12-16,136.498560,136.520480,136.444783,136.465886,1985856.000000
2013-12-17,139.751020,140.040129,139.700238,139.870551,4209763.000000
2013-12-18,137.595942,137.702455,137.536479,137.554568,4365006.000000
2013-12-19,136.899965,136.986162,136.756191,136.944261,3737893.000000
2013-12-20,137.069791,137.223676,136.996659,137.116249,820344.000000
2013-12-23,137.869545,137.990936,137.662055,137.941445,2445485.000000
2013-12-24,138.793216,138.981833,138.729016,138.797787,4892649.000000
2013-12-25,138.021346,138.022104,137.939019,137.983571,1827994.000000
2013-12-26,136.472600,136.475591,136.437717,136.467292,2730178.000000
2013-12-27,134.124900,134.255818,134.070476,134.081575,2446527.000000
2013-12-30,136.591804,136.610456,136.502652,136.562290,4993074.000000
2013-12-31,136.465188,136.492578,136.206312,136.433928,3842987.000000
2014-01-01,135.765552,135.972756,135.600356,135.650755,4821572.000000
2014-01-02,135.589794,135.805063,135.408291,135.734327,1660329.000000
2014-01-03,137.560944,137.690872,137.502741,137.637314,994428.000000
2014-01-06,139.232472,139.314556,139.059236,139.136873,4442991.000000
2014-01-07,139.040994,139.071107,138.936295,139.005233,4078687.000000
2014-01-08,138.022104,138.108743,137.869263,138.088780,1543968.000000
2014-01-09,138.260190,138.415403,138.098749,138.221369,3051754.000000
2014-01-10,138.956414,138.986278,138.873644,138.965211,4960519.000000
2014-01-13,140.156477,140.196158,139.918814,140.101804,1662475.000000
2014-01-14,140.297094,140.319280,140.281058,140.309023,2174909.000000
2014-01-15,138.619401,138.746493,138.449601,138.571328,3800209.000000
2014-01-16,137.550764,137.639304,137.529891,137.569610,1600843.000000
2014-01-17,136.887210,136.988436,136.600380,136.795729,1993676.000000
2014-01-20,138.359632,138.395430,138.340905,138.389712,4685012.000000
2014-01-21,140.146830,140.456007,140.006329,140.039300,2453350.000000
2014-01-22,138.738142,138.786743,138.648722,138.672347,1043875.000000
2014-01-23,139.114507,139.136279,139.066393,139.107832,4032187.000000
2014-01-24,141.562062,141.863237,141.461392,141.510627,4591418.000000
2014-01-27,143.545062,143.674272,143.544998,143.604717,2495518.000000
2014-01-28,144.681106,144.754082,144.649841,144.672621,4627357.000000
2014-01-29,145.389795,145.537993,145.111569,145.343275,4616978.000000
2014-01-30,145.279617,145.479314,145.220441,145.290241,4568995.000000
2014-01-31,145.869366,145.946628,145.802673,145.864616,1160606.000000
2014-02-03,145.628151,145.674316,145.570346,145.662800,2235482.000000
2014-02-04,146.263050,146.395975,146.181535,146.318361,2010891.000000
2014-02-05,145.482786,145.502648,145.209137,145.453501,767793.000000
2014-02-06,143.271919,143.294397,143.249586,143.258433,3916324.000000
2014-02-07,143.997417,144.072333,143.946863,144.044687,3380508.000000
2014-02-10,143.498990,143.607168,143.478541,143.499732,2995935.000000
2014-02-11,140.988148,141.261499,140.943345,141.146506,3058681.000000
2014-02-12,142.866418,142.897485,142.746903,142.845030,3255734.000000
2014-02-13,143.380946,143.465434,143.306038,143.308700,1318294.000000
2014-02-14,144.100136,144.320368,143.945533,144.065346,700926.000000
2014-02-17,142.399609,142.503686,142.259568,142.457761,4160702.000000
2014-02-18,140.448634,140.568951,140.342900,140.506358,1916022.000000
2014-02-19,139.711909,139.809699,139.686738,139.731173,3971351.000000
2014-02-20,140.280071,140.359513,140.213938,140.229137,865901.000000
2014-02-21,139.239647,139.275448,139.071473,139.197315,1002793.000000
2014-02-24,139.122757,139.191602,139.091966,139.123818,4969950.000000
2014-02-25,139.165226,139.311691,139.162565,139.268075,4172034.000000
2014-02-26,139.740238,139.776216,139.561255,139.716392,4617904.000000
2014-02-27,142.171974,142.431450,142.125429,142.156779,1315247.000000
2014-02-28,143.707419,143.757044,143.615431,143.628251,2470301.000000
2014-03-03,142.969455,143.219262,142.953370,143.137195,3079104.000000
2014-03-04,143.036857,143.180742,142.991974,143.107374,2848502.000000
2014-03-05,141.324149,141.518389,141.109116,141.293629,3984812.000000
2014-03-06,142.218462,142.297849,142.149340,142.154713,3124694.000000
2014-03-07,142.338433,142.511576,142.119302,142.310102,4958332.000000
2014-03-10,142.711830,142.874709,142.645971,142.795099,1192571.000000
2014-03-11,142.472671,142.703740,142.440640,142.561509,2699181.000000
2014-03-12,141.908346,141.999958,141.879743,141.970626,912279.000000
2014-03-13,141.876444,141.880109,141.774057,141.824282,4193122.000000
2014-03-14,140.549781,140.744369,140.450402,140.654697,3259471.000000
2014-03-17,139.341346,139.409117,139.321154,139.324792,3228994.000000
2014-03-18,139.738787,140.175911,139.723784,139.899657,1699300.000000
2014-03-19,139.430259,139.469884,139.210217,139.311229,3514674.000000
2014-03-20,137.561893,137.679223,137.356805,137.448793,4543040.000000
2014-03-21,138.314434,138.441633,138.241115,138.337996,1741746.000000
2014-03-24,137.749016,137.885698,137.580610,137.720797,3095025.000000
2014-03-25,138.995169,139.079182,138.806387,138.938421,550890.000000
2014-03-26,139.870898,140.037750,139.704929,139.924057,3727008.000000
2014-03-27,140.264536,140.566807,140.074183,140.287025,3367635.000000
2014-03-28,140.144033,140.275437,140.075424,140.176949,1143799.000000
2014-03-31,138.840623,138.928944,138.827184,138.849194,1093938.000000
2014-04-01,139.709485,139.983128,139.518392,139.647725,1325253.000000
2014-04-02,140.213502,140.349358,140.017068,140.283359,4326271.000000
2014-04-03,141.034243,141.264307,140.973174,141.024367,3185941.000000
2014-04-04,140.235056,140.401300,140.145926,140.215021,4924026.000000
2014-04-07,139.712126,139.764239,139.555387,139.590774,682002.000000
2014-04-08,138.856876,138.989820,138.807979,138.810792,4345080.000000
2014-04-09,140.196190,140.214367,140.084965,140.133639,2472315.000000
2014-04-10,139.700687,139.793109,139.500119,139.549590,906350.000000
2014-04-11,141.876377,141.984977,141.815700,141.864523,3437943.000000
2014-04-14,142.557517,142.583872,142.347338,142.385595,4339520.000000
2014-04-15,141.917123,141.975244,141.744214,141.828863,1387639.000000
2014-04-16,143.974319,144.001056,143.876831,143.999076,3138563.000000
2014-04-17,143.454993,143.531219,143.206609,143.382563,2355701.000000
2014-04-18,142.392773,142.591349,142.338880,142.430360,1099304.000000
2014-04-21,143.909872,143.973391,143.749841,143.896078,3169710.000000
2014-04-22,144.214703,144.305823,144.203230,144.248395,733410.000000
2014-04-23,144.813001,144.831250,144.630879,144.830407,2832465.000000
2014-04-24,143.068603,143.147378,142.876422,142.931722,2815430.000000
2014-04-25,142.230198,142.534008,142.207771,142.350189,3228888.000000
2014-04-28,140.574943,140.624398,140.368911,140.470259,1246916.000000
2014-04-29,141.417823,141.422535,141.114160,141.349555,3675645.000000
2014-04-30,142.411998,142.486264,142.377630,142.452130,1890150.000000
2014-05-01,141.599458,141.655825,141.458875,141.495887,2650516.000000
2014-05-02,142.177244,142.230145,142.053832,142.056923,606029.000000
2014-05-05,141.671856,141.711364,141.576293,141.630384,4140247.000000
2014-05-06,142.884863,142.991861,142.778364,142.942546,2386605.000000
2014-05-07,142.713705,142.974605,142.566037,142.815450,2036686.000000
2014-05-08,143.051003,143.073391,142.864010,142.986831,4450465.000000
2014-05-09,142.167378,142.304594,141.988111,142.202322,4696485.000000
2014-05-12,143.309538,143.398405,143.157372,143.253974,953794.000000
2014-05-13,144.277854,144.493969,144.150992,144.362077,3020367.000000
2014-05-14,147.880883,147.929885,147.710132,147.808988,4494692.000000
2014-05-15,149.976873,150.317497,149.844428,150.026002,2040573.000000
2014-05-16,147.312677,147.431160,147.240572,147.283117,4564619.000000
2014-05-19,147.991753,148.088588,147.940917,147.993553,2299862.000000
2014-05-20,147.603249,147.733430,147.573379,147.620953,894191.000000
2014-05-21,148.700483,148.800820,148.626203,148.778363,2019158.000000
2014-05-22,148.252357,148.292821,148.170771,148.281140,3385906.000000
2014-05-23,150.850487,151.036496,150.751733,150.964559,2594877.000000
2014-05-26,149.944049,150.252458,149.919916,150.072463,3833799.000000
2014-05-27,149.892548,150.013298,149.883446,149.890576,1645183.000000
2014-05-28,146.844049,147.011617,146.756268,146.965445,617790.000000
2014-05-29,145.485735,145.508645,145.318938,145.499223,555033.000000
2014-05-30,146.279365,146.346399,146.124620,146.245476,3597665.000000
2014-06-02,146.517973,146.693035,146.326810,146.627683,4148555.000000
2014-06-03,147.197432,147.302749,146.930420,147.059451,4734260.000000
2014-06-04,146.339757,146.440542,146.277550,146.350621,2287643.000000
2014-06-05,144.536768,144.628558,144.137128,144.446108,3321070.000000
2014-06-06,142.758526,143.035070,142.634454,142.717568,2886489.000000
2014-06-09,142.405240,142.698455,142.363930,142.371170,600469.000000
2014-06-10,140.539068,140.798435,140.457583,140.593281,1746853.000000
2014-06-11,138.811597,138.830472,138.762218,138.818848,4485211.000000
2014-06-12,138.320659,138.484027,138.144979,138.364426,1063550.000000
2014-06-13,138.815836,138.841931,138.755763,138.830102,3814311.000000
2014-06-16,136.536429,136.637807,136.498490,136.607258,506348.000000
2014-06-17,137.137960,137.371544,137.104080,137.263604,3439417.000000
2014-06-18,138.747364,138.938688,138.615392,138.839604,1797992.000000
2014-06-19,137.793275,137.863651,137.652969,137.721376,3935591.000000
2014-06-20,137.025825,137.183298,136.962799,137.141195,842178.000000
2014-06-23,135.036738,135.100698,134.968949,135.047550,2245664.000000
2014-06-24,134.611195,134.669231,134.583680,134.643967,3040564.000000
2014-06-25,131.757573,131.887886,131.721483,131.839912,3810933.000000
2014-06-26,132.676881,132.708312,132.365847,132.610999,4844296.000000
2014-06-27,132.740159,132.910007,132.559391,132.817365,1902097.000000
2014-06-30,132.972653,133.137726,132.961930,133.107717,2442371.000000
2014-07-01,135.215381,135.270155,135.160890,135.249105,1710114.000000
2014-07-02,134.670531,134.676457,134.633369,134.663726,2168190.000000
2014-07-03,134.549236,134.635722,134.473334,134.509413,3108217.000000
2014-07-04,134.132084,134.184543,133.955345,134.021621,1113319.000000
2014-07-07,136.250826,136.289050,136.205493,136.228049,4595280.000000
2014-07-08,137.328180,137.405695,137.287682,137.289982,2844782.000000
2014-07-09,138.628296,138.858395,138.594886,138.657324,4242217.000000
2014-07-10,136.812466,136.916999,136.674892,136.837765,3826111.000000
2014-07-11,135.725196,135.738698,135.615730,135.661088,3452160.000000
2014-07-14,134.836852,134.985894,134.668863,134.712050,882910.000000
2014-07-15,134.639392,134.770993,134.566865,134.651016,916180.000000
2014-07-16,135.002187,135.128630,134.827922,134.979958,891676.000000
2014-07-17,133.696198,133.809826,133.457119,133.539835,4511325.000000
2014-07-18,132.269040,132.300603,132.137073,132.257099,4077602.000000
2014-07-21,133.074682,133.192721,132.929532,133.108692,2344523.000000
2014-07-22,133.267621,133.371240,133.216991,133.282688,3472219.000000
2014-07-23,131.468266,131.771156,131.333264,131.619259,1424570.000000
2014-07-24,131.562662,131.836755,131.529550,131.662183,3133645.000000
2014-07-25,132.470325,132.548710,132.336564,132.413837,4462188.000000
2014-07-28,133.045061,133.092434,132.931531,132.942920,3926404.000000
2014-07-29,134.685421,134.850683,134.435034,134.646634,1002143.000000
2014-07-30,135.834698,135.998754,135.762217,135.853872,749092.000000
2014-07-31,134.818044,134.964131,134.657763,134.931865,2316101.000000
2014-08-01,134.323639,134.369237,134.225510,134.261336,3120730.000000
2014-08-04,132.542694,132.575539,132.373645,132.566337,849739.000000
2014-08-05,131.709058,131.847287,131.688901,131.771424,4130032.000000
2014-08-06,130.226406,130.321534,130.219678,130.300371,3203460.000000
2014-08-07,130.908654,131.030035,130.782162,130.818886,4355014.000000
2014-08-08,131.642114,131.736444,131.439648,131.600806,3508423.000000
2014-08-11,131.676205,131.764585,131.600421,131.639085,1605469.000000
2014-08-12,129.645757,129.700077,129.537356,129.656572,4731945.000000
2014-08-13,128.482053,128.587312,128.465638,128.552900,787013.000000
2014-08-14,130.433501,130.550081,130.122357,130.326822,1679213.000000
2014-08-15,132.353006,132.392620,132.306378,132.358576,3643201.000000
2014-08-18,132.614014,132.790889,132.511522,132.751839,3471918.000000
2014-08-19,133.718388,133.809523,133.565347,133.653135,4531622.000000
2014-08-20,131.673169,131.686545,131.528424,131.565077,3314857.000000
2014-08-21,132.764394,132.880748,132.721487,132.805408,4114982.000000
2014-08-22,133.212861,133.360383,133.206212,133.255922,4004270.000000
2014-08-25,134.067240,134.150694,134.019627,134.071125,2342348.000000
2014-08-26,133.426383,133.601935,133.368983,133.509374,4007095.000000
2014-08-27,133.868889,134.073650,133.783600,133.971760,949859.000000
2014-08-28,135.105332,135.174885,134.900258,135.020389,4073499.000000
2014-08-29,135.974267,136.279131,135.943926,136.085649,4248639.000000
2014-09-01,137.211544,137.315029,136.969702,137.203204,1078586.000000
2014-09-02,136.093770,136.120929,136.022027,136.090969,2149982.000000
2014-09-03,135.424667,135.426326,135.277623,135.389565,4724043.000000
2014-09-04,133.635588,133.730791,133.530070,133.692524,1987769.000000
2014-09-05,135.382846,135.627705,135.264191,135.453108,2680538.000000
2014-09-08,136.819109,137.006335,136.806865,136.850159,4973073.000000
2014-09-09,139.673987,139.721275,139.562833,139.674447,898262.000000
2014-09-10,140.809272,141.134989,140.767342,140.904557,2147651.000000
2014-09-11,140.097940,140.255979,139.847920,140.065757,2094745.000000
2014-09-12,139.718900,139.804392,139.693628,139.723400,2701862.000000
2014-09-15,141.604580,141.611440,141.420429,141.481848,4753543.000000
2014-09-16,141.412193,141.509074,141.386211,141.445160,3512785.000000
2014-09-17,141.414286,141.451354,141.323888,141.427358,4283041.000000
2014-09-18,142.911959,142.991167,142.896416,142.959369,4429476.000000
2014-09-19,142.518447,142.588296,142.360501,142.483089,1028857.000000
2014-09-22,142.172494,142.291572,141.970186,142.078020,950473.000000
2014-09-23,143.571553,143.784977,143.451240,143.602821,4058522.000000
2014-09-24,145.382807,145.452350,145.265733,145.307819,1593270.000000
2014-09-25,145.882011,145.990190,145.801656,145.864715,3718058.000000
2014-09-26,145.015735,145.259589,144.844216,145.067440,1949830.000000
2014-09-29,144.024259,144.194640,143.888631,144.192959,1868989.000000
2014-09-30,142.071484,142.144245,142.024378,142.087935,2785549.000000
2014-10-01,143.330100,143.651470,143.099476,143.422861,4340585.000000
2014-10-02,145.243634,145.371152,145.217812,145.301528,3516894.000000
2014-10-03,145.839888,145.939541,145.831084,145.930586,1115301.000000
2014-10-06,145.293013,145.347549,145.141913,145.227007,856651.000000
2014-10-07,146.332087,146.447268,146.206977,146.316763,728220.000000
2014-10-08,146.137127,146.211779,146.135772,146.173202,3923705.000000
2014-10-09,147.606557,147.708179,147.462806,147.566471,1336897.000000
2014-10-10,148.484518,148.515596,148.225970,148.463598,3701502.000000
2014-10-13,151.049601,151.173414,151.036495,151.059380,4120823.000000
2014-10-14,152.223264,152.336811,152.179571,152.311706,4706218.000000
2014-10-15,150.360939,150.453435,150.338327,150.419091,565329.000000
2014-10-16,150.817646,150.884712,150.751154,150.827562,3536044.000000
2014-10-17,151.908791,151.915842,151.792228,151.897391,2187294.000000
2014-10-20,151.203512,151.441518,151.147899,151.279808,3697550.000000
2014-10-21,150.662045,150.761018,150.626593,150.709262,4093250.000000
2014-10-22,149.927233,150.143473,149.860318,149.926075,2789062.000000
2014-10-23,151.900729,152.125250,151.846135,151.902323,2124824.000000
2014-10-24,152.345493,152.392090,152.230562,152.378746,3134245.000000
2014-10-27,155.910765,155.917638,155.622397,155.786512,4616279.000000
2014-10-28,157.469505,157.525076,157.436116,157.445230,2734621.000000
2014-10-29,157.801226,157.871804,157.678353,157.696664,3049011.000000
2014-10-30,158.686661,158.950156,158.656205,158.665186,3467873.000000
2014-10-31,158.526719,158.579381,158.291499,158.387490,772971.000000
2014-11-03,158.998469,159.151813,158.931458,159.085533,1688576.000000
2014-11-04,160.743491,160.849241,160.610507,160.834317,3099332.000000
2014-11-05,160.702922,160.884977,160.624121,160.654969,755182.000000
2014-11-06,159.800969,159.849562,159.652384,159.718414,2820966.000000
2014-11-07,157.346245,157.463943,157.308264,157.385836,3056361.000000
2014-11-10,158.878893,158.928538,158.779777,158.848604,4707728.000000
2014-11-11,159.453020,159.671400,159.288945,159.391200,1505020.000000
2014-11-12,157.086739,157.234634,156.812853,157.030250,4117312.000000
2014-11-13,157.759788,158.002923,157.677266,157.721419,4077666.000000
2014-11-14,157.647598,157.892223,157.531603,157.710305,1808615.000000
2014-11-17,157.507398,157.593707,157.372740,157.581731,3070745.000000
2014-11-18,156.256200,156.347545,156.175583,156.285544,1947842.000000
2014-11-19,156.031118,156.223584,155.825590,156.049945,1484847.000000
2014-11-20,156.234614,156.381010,156.141902,156.260716,3107312.000000
2014-11-21,155.695571,155.710770,155.569827,155.678018,3214830.000000
2014-11-24,154.626911,154.691323,154.504582,154.574205,3329976.000000
2014-11-25,155.264694,155.518509,155.031619,155.211392,1205990.000000
2014-11-26,155.103098,155.283112,155.032126,155.080849,2927177.000000
2014-11-27,155.781362,155.891728,155.633430,155.791147,1029393.000000
2014-11-28,155.939260,156.121663,155.905668,156.064507,683962.000000
2014-12-01,154.528836,154.661431,154.404899,154.476108,755155.000000
2014-12-02,153.726211,153.895737,153.592710,153.714433,2790446.000000
2014-12-03,154.057698,154.323278,154.028194,154.149038,1963350.000000
2014-12-04,153.904785,153.943917,153.504758,153.704589,4709054.000000
2014-12-05,157.719693,157.787365,157.628398,157.662758,2379308.000000
2014-12-08,158.771974,158.779999,158.547196,158.593594,644973.000000
2014-12-09,157.239372,157.393646,157.194764,157.352148,2134018.000000
2014-12-10,156.515030,156.550600,156.496276,156.509302,1364431.000000
2014-12-11,158.910408,158.916561,158.859044,158.859993,2258072.000000
2014-12-12,157.653021,157.653045,157.515612,157.611592,1409745.000000
2014-12-15,158.669510,158.920694,158.393131,158.530558,636188.000000
2014-12-16,158.512386,158.603391,158.441182,158.489147,1385715.000000
2014-12-17,157.667298,157.725395,157.533371,157.592973,3371885.000000
2014-12-18,158.168778,158.312429,158.129790,158.279761,938238.000000
2014-12-19,156.945627,157.058343,156.840944,156.926657,4220289.000000
2014-12-22,153.918234,154.097081,153.867468,153.956985,1488557.000000
2014-12-23,152.297429,152.347669,152.231023,152.288224,2082086.000000
2014-12-24,152.767442,152.846589,152.573831,152.656921,4501542.000000
2014-12-25,154.773134,154.951326,154.750162,154.850346,1585062.000000
2014-12-26,154.112789,154.237819,153.979371,154.032299,1884742.000000
2014-12-29,152.686507,152.860611,152.616282,152.648138,1980056.000000
2014-12-30,154.014635,154.153808,153.711556,154.127540,3970150.000000
2014-12-31,157.984535,158.046567,157.933015,157.956388,983280.000000
2015-01-01,159.294974,159.475868,159.279461,159.456219,632373.000000
2015-01-02,160.043773,160.093546,159.960036,159.985669,3469768.000000
2015-01-05,160.715185,160.929936,160.603957,160.694557,2598787.000000
2015-01-06,161.573946,161.662464,161.558071,161.653032,1822526.000000
2015-01-07,160.314618,160.386896,160.185549,160.339684,2862589.000000
2015-01-08,158.689514,158.927909,158.491337,158.846150,4207170.000000
2015-01-09,158.973584,159.107934,158.828093,159.032894,1531351.000000
2015-01-12,157.744829,157.812568,157.623360,157.684086,966505.000000
2015-01-13,158.350088,158.438600,158.157695,158.395517,1300431.000000
2015-01-14,160.094418,160.140399,159.975003,160.049882,717209.000000
2015-01-15,160.797215,161.022158,160.732185,160.832544,553785.000000
2015-01-16,164.388904,164.513245,164.270753,164.469900,2997998.000000
2015-01-19,162.953386,163.103958,162.668705,163.060300,764557.000000
2015-01-20,160.482632,160.742145,160.322571,160.692849,4586520.000000
2015-01-21,160.674318,160.747315,160.660284,160.667335,3828553.000000
2015-01-22,161.864588,162.206894,161.757502,161.989807,1043514.000000
2015-01-23,163.364796,163.448784,163.226429,163.393331,2874679.000000
2015-01-26,164.732619,164.828703,164.609480,164.676297,2444807.000000
2015-01-27,165.523850,165.782216,165.407349,165.641245,1730327.000000
2015-01-28,168.613036,168.652628,168.445909,168.628800,1077785.000000
2015-01-29,171.122359,171.318004,171.033353,171.140418,1690594.000000
2015-01-30,172.435478,172.544350,172.413542,172.425507,1885434.000000
2015-02-02,175.515585,175.644558,175.452361,175.510062,3710223.000000
2015-02-03,177.107327,177.286395,176.985959,176.989518,2322970.000000
2015-02-04,175.315802,175.399702,175.010190,175.245108,4910173.000000
2015-02-05,174.031980,174.138114,173.971196,174.035692,1309602.000000
2015-02-06,174.345798,174.414304,174.287075,174.367962,1126246.000000
2015-02-09,178.358219,178.624489,178.312671,178.418321,3541718.000000
2015-02-10,177.923402,178.077637,177.817543,177.980910,807604.000000
2015-02-11,178.181858,178.378260,178.081761,178.142535,4778571.000000
2015-02-12,179.330313,179.433684,179.261567,179.271490,4898004.000000
2015-02-13,178.628018,178.706076,178.306529,178.476470,1163862.000000
2015-02-16,177.949849,178.108675,177.775396,177.896940,2585024.000000
2015-02-17,177.675822,177.777078,177.648418,177.686581,1014026.000000
2015-02-18,173.625755,173.819763,173.493698,173.755590,2828605.000000
2015-02-19,170.585098,170.618352,170.502930,170.510402,2552996.000000
2015-02-20,169.498276,169.511386,169.465559,169.475651,2632645.000000
2015-02-23,170.890515,171.142388,170.718295,170.882324,3806940.000000
2015-02-24,172.634953,172.733595,172.389486,172.664218,1936514.000000
2015-02-25,172.694199,172.993864,172.664959,172.982741,1721304.000000
2015-02-26,175.104474,175.215511,174.918392,175.001951,3628329.000000
2015-02-27,177.804151,177.937515,177.510839,177.831903,3816924.000000
2015-03-02,175.966359,176.086784,175.813286,175.975131,1937399.000000
2015-03-03,174.910132,175.158642,174.786765,174.837985,2116489.000000
2015-03-04,175.278716,175.386444,175.071551,175.247100,4213235.000000
2015-03-05,173.270608,173.366990,173.229226,173.348005,2458227.000000
2015-03-06,173.640022,173.706699,173.600237,173.629641,2670707.000000
2015-03-09,174.005190,174.130703,173.922523,173.955858,3133101.000000
2015-03-10,175.022974,175.099039,174.861207,175.031475,4774324.000000
2015-03-11,174.659450,175.017938,174.561988,174.839949,3145602.000000
2015-03-12,175.227237,175.328805,175.189933,175.305488,4230929.000000
2015-03-13,177.537677,177.845896,177.498352,177.649755,3901097.000000
2015-03-16,178.794982,178.917031,178.577776,178.901576,3055867.000000
2015-03-17,178.929095,179.157977,178.651007,178.845060,2648898.000000
2015-03-18,177.928986,178.196905,177.839050,177.868624,3811479.000000
2015-03-19,175.457037,175.729137,175.291454,175.551310,4130702.000000
2015-03-20,173.819156,173.912687,173.558154,173.683058,3537397.000000
2015-03-23,172.443391,172.528215,172.387308,172.467347,2572009.000000
2015-03-24,168.604666,168.722258,168.459459,168.512550,2106226.000000
2015-03-25,166.337080,166.500361,166.296154,166.490108,4074217.000000
2015-03-26,165.676189,165.876266,165.602310,165.827214,4104867.000000
2015-03-27,164.588987,164.696880,164.533548,164.578379,749079.000000
2015-03-30,164.770020,164.823490,164.669586,164.759721,950867.000000
2015-03-31,168.013529,168.120801,168.007895,168.033041,2721097.000000
2015-04-01,167.393393,167.459888,167.305962,167.458143,1052127.000000
2015-04-02,165.590772,165.810419,165.475266,165.706832,1430129.000000
2015-04-03,165.838918,166.115029,165.603327,165.946258,2482196.000000
2015-04-06,164.379920,164.541880,164.306874,164.337087,2711393.000000
2015-04-07,162.637151,162.834557,162.563737,162.714028,1820704.000000
2015-04-08,161.905315,161.920561,161.588144,161.817019,2808242.000000
2015-04-09,161.277149,161.306684,161.157388,161.300322,569497.000000
2015-04-10,161.443705,161.489264,161.062335,161.360274,1999035.000000
2015-04-13,159.472862,159.745649,159.384723,159.407003,1529947.000000
2015-04-14,158.207025,158.349760,158.101318,158.240979,3164504.000000
2015-04-15,158.842823,158.980049,158.800226,158.951372,4981105.000000
2015-04-16,159.548366,159.905040,159.461808,159.637707,3712553.000000
2015-04-17,158.973963,159.071050,158.963269,158.995319,719640.000000
2015-04-20,158.775643,158.823793,158.717458,158.741448,1295867.000000
2015-04-21,158.743407,158.867811,158.576999,158.745229,2468421.000000
2015-04-22,161.085055,161.125130,161.066397,161.067518,2834640.000000
2015-04-23,159.594570,159.650842,159.506366,159.579477,4335079.000000
2015-04-24,161.307630,161.337297,161.211247,161.291237,1768924.000000
2015-04-27,161.095911,161.238935,160.914539,161.178818,1168652.000000
2015-04-28,160.245162,160.285952,160.004196,160.254689,4270730.000000
2015-04-29,162.297499,162.313049,162.140413,162.193602,1532986.000000
2015-04-30,162.613068,162.750278,162.595928,162.626658,509439.000000
2015-05-01,161.565394,161.658906,161.478109,161.644868,2279148.000000
2015-05-04,161.463010,161.596040,161.414568,161.512048,2846543.000000
2015-05-05,160.176508,160.420361,160.175434,160.290453,4734763.000000
2015-05-06,158.397669,158.544010,158.355196,158.374422,3497127.000000
2015-05-07,157.819150,157.946849,157.690537,157.861552,1118292.000000
2015-05-08,158.124078,158.299875,158.040799,158.204742,2804598.000000
2015-05-11,158.681149,158.738969,158.552568,158.672400,4210509.000000
2015-05-12,158.246131,158.259637,158.160179,158.214804,1151555.000000
2015-05-13,159.711881,159.991952,159.618192,159.642834,4034057.000000
2015-05-14,159.523209,159.589064,159.381898,159.548069,1768031.000000
2015-05-15,159.944691,160.011665,159.623305,160.011178,2885509.000000
2015-05-18,162.096466,162.101147,161.931069,162.090404,2743874.000000
2015-05-19,163.100783,163.145000,162.981452,163.089084,4721141.000000
2015-05-20,164.427769,164.576532,164.336570,164.439412,4999109.000000
2015-05-21,164.982525,165.026611,164.883438,164.995141,1469718.000000
2015-05-22,163.869748,163.946895,163.841297,163.842032,3197947.000000
2015-05-25,160.743313,160.788648,160.621613,160.745885,1012707.000000
2015-05-26,161.931081,161.972202,161.882837,161.910876,3600186.000000
2015-05-27,162.871490,163.009299,162.680477,162.716312,4351899.000000
2015-05-28,164.280021,164.389010,164.199477,164.236594,845745.000000
2015-05-29,164.764700,165.045329,164.657594,164.875630,3510517.000000
2015-06-01,165.028008,165.252614,164.716044,164.928093,2574645.000000
2015-06-02,165.707841,165.728693,165.579037,165.652500,2595423.000000
2015-06-03,164.117294,164.267526,163.912884,164.025575,4008803.000000
2015-06-04,163.374344,163.446357,163.067661,163.176790,2554550.000000
2015-06-05,163.089981,163.162722,162.746807,163.056051,2631929.000000
2015-06-08,163.512629,163.710219,163.343165,163.502979,807512.000000
2015-06-09,163.905299,164.073184,163.795790,163.841556,3495825.000000
2015-06-10,163.002986,163.206309,162.856482,163.126325,578131.000000
2015-06-11,162.824124,163.033765,162.663628,162.681829,1541203.000000
2015-06-12,162.346405,162.385151,162.217611,162.253686,628859.000000
2015-06-15,161.767740,161.831559,161.718272,161.787623,588261.000000
2015-06-16,161.123438,161.188477,160.835305,161.159728,1583290.000000
2015-06-17,161.469161,161.570707,161.453799,161.531811,4842226.000000
2015-06-18,162.870139,162.883887,162.617977,162.781181,2926127.000000
2015-06-19,163.525949,163.779740,163.504165,163.655878,1302292.000000
2015-06-22,165.491837,165.529101,165.470499,165.518601,4459256.000000
2015-06-23,166.737630,166.889692,166.736715,166.775209,4266149.000000
2015-06-24,168.439844,168.626259,168.229481,168.284892,2762006.000000
2015-06-25,168.159814,168.325960,167.941145,168.275160,2945892.000000
2015-06-26,167.598448,167.619124,167.499197,167.534709,4708038.000000
2015-06-29,167.145315,167.156017,167.004799,167.099707,3426919.000000
2015-06-30,167.314372,167.321359,167.104331,167.273043,2307440.000000
2015-07-01,165.898608,166.105438,165.661282,166.005168,3961052.000000
2015-07-02,165.607194,165.745282,165.598600,165.684821,3966088.000000
2015-07-03,168.720857,168.824042,168.640626,168.782913,1452373.000000
2015-07-06,167.845420,167.977944,167.744272,167.875333,2291251.000000
2015-07-07,166.840625,166.974857,166.554383,166.799959,4024967.000000
2015-07-08,162.755827,162.798820,162.687949,162.794394,501282.000000
2015-07-09,162.432575,162.598538,162.397710,162.507316,3578922.000000
2015-07-10,161.896632,161.938706,161.725460,161.777393,1077578.000000
2015-07-13,159.950601,160.007877,159.949159,159.973515,3016383.000000
2015-07-14,158.995139,159.086730,158.987413,159.020763,3495061.000000
2015-07-15,158.251831,158.281306,158.151156,158.232332,1161331.000000
2015-07-16,156.373678,156.459013,156.337908,156.377872,770976.000000
2015-07-17,157.069233,157.164908,157.023789,157.070305,999169.000000
2015-07-20,156.729055,156.732845,156.451176,156.697172,2226168.000000
2015-07-21,157.546935,157.586359,157.247090,157.497084,2202676.000000
2015-07-22,157.529036,157.647838,157.467179,157.623569,819895.000000
2015-07-23,157.234580,157.337469,157.230804,157.298383,1644637.000000
2015-07-24,156.043807,156.206210,155.976705,156.118436,574480.000000
2015-07-27,156.319056,156.351402,156.144022,156.203662,1613302.000000
2015-07-28,154.963990,155.109665,154.717594,154.858557,3139042.000000
2015-07-29,156.392921,156.476377,156.186374,156.339141,4642894.000000
2015-07-30,157.005222,157.120495,156.882902,157.084063,1172994.000000
2015-07-31,156.398737,156.635465,156.219476,156.219794,3316352.000000
2015-08-03,159.025557,159.122065,158.923276,159.102901,1936736.000000
2015-08-04,159.608646,159.907970,159.520239,159.793718,1074613.000000
2015-08-05,161.195937,161.424064,161.036947,161.109853,2142874.000000
2015-08-06,161.374405,161.627607,161.351629,161.379848,945209.000000
2015-08-07,159.193481,159.299010,159.171334,159.188016,2664118.000000
2015-08-10,160.086432,160.269900,159.936299,160.244563,3073167.000000
2015-08-11,160.260810,160.492241,160.154696,160.207633,3180344.000000
2015-08-12,160.561097,160.830388,160.553396,160.693262,3777517.000000
2015-08-13,158.575262,158.596355,158.390780,158.531886,2659503.000000
2015-08-14,156.644691,156.858895,156.622412,156.664297,2553571.000000
2015-08-17,156.909531,157.004863,156.760891,156.769469,2471780.000000
2015-08-18,157.029043,157.097030,156.935176,157.010107,2191115.000000
2015-08-19,155.050357,155.179686,154.978414,155.112715,4975793.000000
2015-08-20,153.743515,153.943354,153.641618,153.831840,1939180.000000
2015-08-21,155.915750,155.998265,155.845193,155.890693,597028.000000
2015-08-24,154.886587,155.055855,154.665514,154.771771,4808019.000000
2015-08-25,155.739728,155.875889,155.647089,155.722494,3694647.000000
2015-08-26,155.466160,155.521979,155.452889,155.462046,3815937.000000
2015-08-27,156.049903,156.243485,156.044958,156.098875,2540218.000000
2015-08-28,154.499895,154.615251,154.462721,154.592797,3533717.000000
2015-08-31,154.055327,154.232366,153.878825,154.067005,2941475.000000
2015-09-01,153.347376,153.446925,153.204762,153.377296,2123553.000000
2015-09-02,153.084113,153.206740,152.994887,153.071514,2029450.000000
2015-09-03,152.234161,152.334828,152.101458,152.275142,4486449.000000
2015-09-04,153.069762,153.129648,153.052903,153.075914,3973270.000000
2015-09-07,153.379761,153.628829,153.187557,153.494960,2529254.000000
2015-09-08,151.854324,151.895664,151.555230,151.802453,1718078.000000
2015-09-09,150.189286,150.299735,150.059027,150.208274,4052833.000000
2015-09-10,151.762211,151.956042,151.602674,151.714832,4957647.000000
2015-09-11,149.337209,149.453284,149.099390,149.261562,4227185.000000
2015-09-14,149.273062,149.457565,149.080230,149.407379,1203189.000000
2015-09-15,150.268102,150.354482,150.150868,150.211022,3558682.000000
2015-09-16,151.262420,151.415843,151.218188,151.265198,1365366.000000
2015-09-17,151.956927,152.010371,151.803047,151.985916,1182443.000000
2015-09-18,152.797925,153.014082,152.758980,152.838550,2787982.000000
2015-09-21,155.443575,155.593722,155.334552,155.508675,3855418.000000
2015-09-22,154.349263,154.427203,154.205310,154.399139,3583960.000000
2015-09-23,152.028251,152.068509,151.835204,151.848157,3512692.000000
2015-09-24,154.695192,154.785171,154.538195,154.636260,2260729.000000
2015-09-25,155.867356,155.924598,155.717227,155.794826,1703764.000000
2015-09-28,158.091196,158.237907,157.849656,158.004509,2369190.000000
2015-09-29,160.019736,160.105897,159.895746,160.039751,718971.000000
2015-09-30,164.193464,164.336754,164.156011,164.156972,644615.000000
2015-10-01,167.488458,167.524831,167.235979,167.460106,1902317.000000
2015-10-02,166.670356,166.859970,166.646527,166.764036,3493283.000000
2015-10-05,170.056515,170.172169,169.808784,169.959575,1016117.000000
2015-10-06,169.954709,170.040316,169.880271,169.992899,2369052.000000
2015-10-07,170.841057,170.947460,170.789049,170.839848,2761234.000000
2015-10-08,169.372615,169.724138,169.297867,169.438217,2714141.000000
2015-10-09,168.171022,168.198236,167.958648,168.094439,2944845.000000
2015-10-12,166.250973,166.288145,166.075259,166.285794,610781.000000
2015-10-13,166.829137,166.876401,166.594532,166.810870,2631271.000000
2015-10-14,166.761796,166.777569,166.668387,166.746829,2241041.000000
2015-10-15,166.159585,166.271933,166.078942,166.159107,621789.000000
2015-10-16,167.574288,167.789983,167.564945,167.719187,4839200.000000
2015-10-19,170.080358,170.116968,169.968897,170.067400,4865968.000000
2015-10-20,172.467070,172.527764,172.154709,172.208050,703035.000000
2015-10-21,172.656663,172.734654,172.413205,172.613496,4716970.000000
2015-10-22,175.285390,175.541767,175.218702,175.395479,2105436.000000
2015-10-23,175.867797,176.096294,175.638467,175.942424,857656.000000
2015-10-26,176.210541,176.356343,176.119612,176.333467,1548617.000000
2015-10-27,175.472511,175.569739,175.375057,175.469872,2267203.000000
2015-10-28,177.272592,177.377585,177.163094,177.225893,2755110.000000
2015-10-29,176.074419,176.302154,175.881594,175.961131,2058426.000000
2015-10-30,176.262591,176.415416,176.243504,176.406492,1064479.000000
2015-11-02,178.741057,178.889672,178.603513,178.780771,2268452.000000
2015-11-03,179.641842,179.740447,179.606718,179.646275,4154240.000000
2015-11-04,181.909365,182.051180,181.858577,181.894746,1395715.000000
2015-11-05,184.758166,184.886358,184.696269,184.840170,1013818.000000
2015-11-06,182.788803,182.828392,182.690022,182.814487,2374593.000000
2015-11-09,183.771301,183.975364,183.613574,183.773939,4522000.000000
2015-11-10,182.732685,182.788953,182.514902,182.750359,2927746.000000
2015-11-11,182.982891,183.207275,182.819014,183.022308,4548518.000000
2015-11-12,180.661777,180.869904,180.546844,180.591990,3357689.000000
2015-11-13,178.977532,179.012071,178.820368,178.887520,4477082.000000
2015-11-16,177.491201,177.685208,177.319942,177.617217,1055625.000000
2015-11-17,176.851288,177.023130,176.692284,176.902866,2062810.000000
2015-11-18,177.487586,177.628272,177.322053,177.385214,3701069.000000
2015-11-19,180.676182,180.757924,180.517896,180.519329,764337.000000
2015-11-20,180.704797,180.850885,180.602161,180.697474,4438773.000000
2015-11-23,182.711477,182.845670,182.634114,182.781535,4976415.000000
2015-11-24,182.202333,182.218280,181.925011,182.159338,849639.000000
2015-11-25,181.126904,181.171645,180.898042,181.145011,3872399.000000
2015-11-26,184.310381,184.311455,184.224007,184.240925,2712502.000000
2015-11-27,187.338519,187.466630,187.182023,187.329743,3610391.000000
2015-11-30,190.795255,190.916313,190.676827,190.762755,2971687.000000
2015-12-01,192.773828,193.001303,192.562672,192.599364,4946433.000000
2015-12-02,191.410316,191.536512,191.354966,191.394442,3727603.000000
2015-12-03,191.984605,192.159201,191.935040,192.070741,4544919.000000
2015-12-04,192.492215,192.749709,192.273440,192.356091,2847164.000000
2015-12-07,192.464037,192.582988,192.222185,192.284915,3152459.000000
2015-12-08,192.033741,192.093529,191.681800,192.069095,3292607.000000
2015-12-09,188.923954,189.129347,188.899256,188.928106,1086414.000000
2015-12-10,187.828112,187.831649,187.611782,187.824878,1144059.000000
2015-12-11,183.288591,183.433889,183.082139,183.222928,2232833.000000
2015-12-14,179.391148,179.721640,179.273182,179.315947,4021480.000000
2015-12-15,175.578719,175.632289,175.551937,175.613581,3507197.000000
2015-12-16,174.039294,174.208378,173.892059,174.016244,4279043.000000
2015-12-17,173.501963,173.729548,173.476357,173.518794,858450.000000
2015-12-18,173.937238,174.057066,173.720382,173.794197,554990.000000
2015-12-21,173.076523,173.281010,172.820632,172.977616,2334696.000000
2015-12-22,171.252650,171.388479,171.204511,171.308144,2188144.000000
2015-12-23,171.260692,171.360348,171.233255,171.316904,3809487.000000
2015-12-24,171.660183,171.765134,171.368126,171.531693,2894565.000000
2015-12-25,169.485933,169.501030,169.206346,169.328731,3803305.000000
2015-12-28,167.230921,167.366922,167.051275,167.162554,1659537.000000
2015-12-29,165.637153,165.935580,165.370415,165.640482,1509477.000000
2015-12-30,164.608376,164.760686,164.571130,164.666482,1485693.000000
2015-12-31,164.727730,164.871133,164.663325,164.767108,4183957.000000
2016-01-01,163.746529,163.761593,163.437787,163.649481,1486308.000000
2016-01-04,164.692010,164.901406,164.583818,164.789925,2812029.000000
2016-01-05,164.967864,165.075951,164.715438,164.914329,3224065.000000
2016-01-06,167.290298,167.568303,167.290026,167.406504,4690823.000000
2016-01-07,165.850479,165.973055,165.745622,165.784574,2223326.000000
2016-01-08,167.560711,167.699720,167.312862,167.503737,2498436.000000
2016-01-11,171.613762,171.717599,171.320365,171.401326,1013144.000000
2016-01-12,171.660507,171.860006,171.521259,171.680011,4660774.000000
2016-01-13,171.949534,172.015658,171.559091,171.852820,788790.000000
2016-01-14,172.849319,172.930053,172.609459,172.715273,806938.000000
2016-01-15,172.618384,172.797699,172.471705,172.597689,4631955.000000
2016-01-18,175.629100,175.962011,175.449332,175.589319,888215.000000
2016-01-19,177.741100,177.925772,177.417014,177.563508,974832.000000
2016-01-20,178.381243,178.708953,178.314442,178.613422,804899.000000
2016-01-21,179.273583,179.527304,179.167397,179.278763,4198647.000000
2016-01-22,179.339329,179.427492,179.303082,179.313471,650960.000000
2016-01-25,176.521795,176.881136,176.264566,176.637755,3170624.000000
2016-01-26,176.833297,177.051521,176.632495,176.759006,4275354.000000
2016-01-27,176.445495,176.572694,176.340481,176.541423,1850249.000000
2016-01-28,177.675893,177.709512,177.633874,177.694287,4286382.000000
2016-01-29,176.646701,176.893522,176.546469,176.551045,1823616.000000
2016-02-01,177.049851,177.403773,177.001411,177.288902,749908.000000
2016-02-02,174.200979,174.472832,174.160845,174.239246,3357711.000000
2016-02-03,172.726761,172.792418,172.562601,172.685707,4803427.000000
2016-02-04,171.359047,171.493772,171.242867,171.366980,3306717.000000
2016-02-05,169.413002,169.635229,169.394934,169.406155,1548468.000000
2016-02-08,170.441514,170.547013,170.365613,170.383447,4525393.000000
2016-02-09,171.971040,171.988417,171.753531,171.907541,3901995.000000
2016-02-10,172.465050,172.478986,172.198749,172.447611,2518325.000000
2016-02-11,171.851300,171.946783,171.652578,171.873066,3796788.000000
2016-02-12,170.699250,170.869707,170.675989,170.740325,2394721.000000
2016-02-15,173.499425,173.731430,173.493815,173.518221,2042535.000000
2016-02-16,174.411835,174.646868,174.320342,174.442796,3606456.000000
2016-02-17,177.736954,177.762947,177.530100,177.686516,3455461.000000
2016-02-18,180.800576,180.876131,180.657783,180.802524,1216495.000000
2016-02-19,179.703894,179.750810,179.421201,179.514659,4897852.000000
2016-02-22,178.886820,179.055358,178.813350,178.918083,3820741.000000
2016-02-23,179.982903,180.104127,179.870674,179.917121,1791516.000000
2016-02-24,181.959213,182.113919,181.929708,182.018312,521361.000000
2016-02-25,183.128314,183.134133,182.796939,183.046934,3246567.000000
2016-02-26,181.494498,181.659400,181.367107,181.478760,4856599.000000
2016-02-29,181.947396,182.071483,181.943224,181.952520,3101240.000000
2016-03-01,180.924092,180.963508,180.830209,180.920380,3551891.000000
2016-03-02,180.871265,180.891045,180.750990,180.839649,1008965.000000
2016-03-03,180.072851,180.083832,179.830455,179.912072,3822522.000000
2016-03-04,179.707674,179.865752,179.565016,179.804912,2713308.000000
2016-03-07,180.230502,180.398385,179.996599,180.119976,4956120.000000
2016-03-08,180.000667,180.286711,179.903159,180.027276,1657397.000000
2016-03-09,179.555158,179.575067,179.515423,179.528059,1331119.000000
2016-03-10,178.221421,178.328642,178.116006,178.158076,1344963.000000
2016-03-11,180.041484,180.200057,179.957000,180.165197,3267657.000000
2016-03-14,180.926167,181.102933,180.556820,180.760478,4314417.000000
2016-03-15,181.898765,182.195867,181.783813,181.999811,1509287.000000
2016-03-16,182.532242,182.768527,182.193416,182.465180,4159047.000000
2016-03-17,182.077147,182.253771,181.924554,182.125713,3557205.000000
2016-03-18,184.176979,184.185662,183.983381,184.067840,1319397.000000
2016-03-21,185.072598,185.174304,184.973728,185.121007,3070229.000000
2016-03-22,186.471781,186.605377,186.329626,186.478059,1047094.000000
2016-03-23,185.844351,185.860480,185.670115,185.758662,3606825.000000
2016-03-24,185.307259,185.502736,185.187562,185.214269,962991.000000
2016-03-25,187.421329,187.457033,187.197838,187.212082,2806623.000000
2016-03-28,186.748444,186.920488,186.536113,186.738999,2255137.000000
2016-03-29,184.940178,185.030516,184.838570,185.016607,3731285.000000
2016-03-30,185.276648,185.427528,185.165252,185.231053,2667397.000000
2016-03-31,185.981548,186.068139,185.856939,185.973351,4585270.000000
2016-04-01,187.474640,187.606752,187.235285,187.336753,4527831.000000
2016-04-04,186.557797,186.629023,186.355227,186.401285,1947470.000000
2016-04-05,186.927946,187.118128,186.804948,186.885167,4523133.000000
2016-04-06,187.818195,188.016048,187.588245,187.718543,4705719.000000
2016-04-07,181.041507,181.267824,180.932329,180.972270,4869387.000000
2016-04-08,179.656154,179.776769,179.405698,179.699765,796890.000000
2016-04-11,176.672851,176.729384,176.617218,176.666944,3718535.000000
2016-04-12,176.193625,176.317203,176.061505,176.130056,4214060.000000
2016-04-13,178.173383,178.279847,178.053183,178.215744,1540814.000000
2016-04-14,179.026702,179.126987,178.911101,179.126824,1277105.000000
2016-04-15,180.752134,180.988654,180.377075,180.908836,3183021.000000
2016-04-18,180.034374,180.037013,179.825171,179.902027,4139223.000000
2016-04-19,178.012068,178.242533,177.859726,178.107990,3183985.000000
2016-04-20,179.682932,179.721670,179.476452,179.638984,1582379.000000
2016-04-21,178.812341,179.082852,178.645259,178.910354,519879.000000
2016-04-22,180.527793,180.681623,180.314841,180.656183,2886911.000000
2016-04-25,179.470906,179.613072,179.404337,179.551989,552816.000000
2016-04-26,177.889877,178.119552,177.858846,177.949967,1118956.000000
2016-04-27,180.213043,180.222692,179.994479,180.116125,1406494.000000
2016-04-28,182.240663,182.347266,181.824242,182.160444,1354128.000000
2016-04-29,182.252401,182.280234,182.105265,182.125352,4182723.000000
2016-05-02,183.602755,183.763253,183.534248,183.730542,1173631.000000
2016-05-03,181.581921,181.806522,181.273478,181.476703,1852976.000000
2016-05-04,179.770940,179.953984,179.748383,179.762620,4051159.000000
2016-05-05,182.479388,182.993336,182.447968,182.488482,4333403.000000
2016-05-06,183.412602,183.531566,183.256811,183.332493,1397736.000000
2016-05-09,186.056507,186.198358,185.959465,185.964309,3861141.000000
2016-05-10,185.023574,185.186576,184.862565,184.990255,3899313.000000
2016-05-11,183.986315,184.080059,183.728216,183.978823,1747812.000000
2016-05-12,188.848312,188.862922,188.783914,188.859802,760148.000000
2016-05-13,190.289095,190.392680,190.121105,190.381949,1086594.000000
2016-05-16,189.485555,189.950261,189.366543,189.767865,4844716.000000
2016-05-17,189.188887,189.207768,188.865327,189.149317,939945.000000
2016-05-18,188.573004,188.692597,188.524715,188.531748,2600003.000000
2016-05-19,190.705126,191.038889,190.475661,190.790737,4674235.000000
2016-05-20,192.047165,192.298080,191.900158,192.221301,3825895.000000
2016-05-23,193.054312,193.244832,192.934275,193.200732,1080166.000000
2016-05-24,191.311311,191.457211,191.252019,191.292783,1389517.000000
2016-05-25,191.936135,191.961952,191.756338,191.803851,3279971.000000
2016-05-26,189.801110,189.875156,189.534625,189.636871,4290839.000000
2016-05-27,188.151118,188.155352,188.038946,188.134379,2707583.000000
2016-05-30,190.003609,190.137664,189.707841,189.780538,3256318.000000
2016-05-31,191.741738,191.930040,191.506286,191.708789,2714102.000000
2016-06-01,191.932182,192.161356,191.774138,192.093776,695460.000000
2016-06-02,190.681376,191.058626,190.651057,190.725896,2540480.000000
2016-06-03,190.094011,190.150794,189.913705,190.114353,1226979.000000
2016-06-06,190.130892,190.210867,189.932795,190.128671,3044593.000000
2016-06-07,190.985211,191.197003,190.756810,191.132861,1866344.000000
2016-06-08,187.801455,187.913598,187.723549,187.745813,1520656.000000
2016-06-09,187.057745,187.165137,186.984524,187.012490,3051339.000000
2016-06-10,185.781919,185.972869,185.455073,185.864280,2325436.000000
2016-06-13,183.425823,183.552111,183.324257,183.356810,1408580.000000
2016-06-14,182.765610,183.084272,182.641131,182.814947,2759803.000000
2016-06-15,183.841676,183.912235,183.803069,183.909416,525332.000000
2016-06-16,183.925924,184.120183,183.829818,183.992321,2844284.000000
2016-06-17,183.498770,183.667057,183.419655,183.640883,4930245.000000
2016-06-20,184.670635,184.886441,184.569443,184.692550,3443002.000000
2016-06-21,183.357418,183.399329,183.337215,183.344030,3907367.000000
2016-06-22,179.269822,179.389131,179.062158,179.265093,3986082.000000
2016-06-23,178.402955,178.457308,178.328399,178.431326,4335142.000000
2016-06-24,179.493397,179.617128,179.246726,179.396199,4378211.000000
2016-06-27,180.193516,180.401398,179.993154,180.349986,4392779.000000
2016-06-28,182.557475,182.771108,182.293447,182.631492,4133964.000000
2016-06-29,180.307057,180.491842,180.134299,180.200116,3213034.000000
2016-06-30,180.046823,180.436662,179.886416,180.005400,2323773.000000
2016-07-01,179.132451,179.227704,179.062877,179.219174,4115813.000000
2016-07-04,182.786691,182.890285,182.681697,182.783420,4454562.000000
2016-07-05,183.513179,183.543695,183.403754,183.526637,4638955.000000
2016-07-06,182.804251,183.046800,182.715439,182.773245,4451407.000000
2016-07-07,182.759182,182.795089,182.563526,182.707245,4056674.000000
2016-07-08,181.195044,181.318786,180.873489,181.065203,4000411.000000
2016-07-11,181.539851,181.646083,181.528472,181.560105,2354987.000000
2016-07-12,180.063761,180.200271,180.036239,180.154123,4589731.000000
2016-07-13,178.996784,179.108675,178.844791,179.108319,2314182.000000
2016-07-14,179.447198,179.544482,179.307894,179.397601,1156698.000000
2016-07-15,179.902415,180.005778,179.639577,179.937854,2929382.000000
2016-07-18,178.132752,178.177007,177.941415,178.136532,4960849.000000
2016-07-19,177.253893,177.667247,176.967286,177.331410,4500777.000000
2016-07-20,179.881271,179.920462,179.767088,179.897483,2167483.000000
2016-07-21,181.746096,181.999532,181.477471,181.613072,1531068.000000
2016-07-22,182.581260,182.683455,182.527172,182.650554,1211873.000000
2016-07-25,184.167793,184.285921,184.101926,184.279735,3949406.000000
2016-07-26,183.465357,183.592801,183.308100,183.348716,2357870.000000
2016-07-27,183.929252,184.367340,183.733906,183.771172,944507.000000
2016-07-28,180.984437,181.007921,180.748534,180.876353,1246088.000000
2016-07-29,180.020388,180.069228,179.791537,179.902063,1656116.000000
2016-08-01,178.605215,178.992752,178.415275,178.856560,1109605.000000
2016-08-02,178.411441,178.566213,178.356349,178.404980,2232939.000000
2016-08-03,177.685901,177.903255,177.435669,177.627176,1729093.000000
2016-08-04,176.526556,176.732816,176.468083,176.510905,2093478.000000
2016-08-05,175.207560,175.379478,175.156918,175.268697,3481742.000000
2016-08-08,174.207981,174.413871,174.053805,174.250756,4961793.000000
2016-08-09,175.957994,176.099799,175.847281,176.018581,4573517.000000
2016-08-10,174.877956,175.021348,174.582122,174.981278,4077006.000000
2016-08-11,173.137135,173.280341,172.558763,172.920998,2726183.000000
2016-08-12,172.248276,172.316001,171.982699,172.312662,4290150.000000
2016-08-15,172.443077,172.643355,172.312268,172.495794,4174729.000000
2016-08-16,175.745116,175.894969,175.695317,175.776227,2754927.000000
2016-08-17,176.719853,176.805119,176.645685,176.723883,1403378.000000
2016-08-18,176.193346,176.225974,176.183517,176.193283,2802262.000000
2016-08-19,176.888845,176.916479,176.862214,176.884698,3093278.000000
2016-08-22,175.546356,175.644175,175.400531,175.521081,1084117.000000
2016-08-23,175.659167,175.729526,175.350215,175.624963,2166845.000000
2016-08-24,175.814354,175.869081,175.441014,175.625716,2211437.000000
2016-08-25,175.404403,175.675432,175.259040,175.479366,1303775.000000
2016-08-26,175.414098,175.550279,175.293746,175.538934,3493947.000000
2016-08-29,175.555780,175.698593,175.500983,175.554770,1540477.000000
2016-08-30,178.410692,178.744044,178.368292,178.471274,2034340.000000
2016-08-31,180.263722,180.436056,180.088917,180.150943,4045364.000000
2016-09-01,184.290974,184.443436,184.141156,184.187790,2503115.000000
2016-09-02,185.576271,185.644390,185.313667,185.408049,3216463.000000
2016-09-05,186.284733,186.306975,186.173804,186.221170,2150953.000000
2016-09-06,185.582673,185.845144,185.505074,185.677822,1059126.000000
2016-09-07,184.200877,184.328730,183.938996,184.234379,2915418.000000
2016-09-08,183.902820,183.983873,183.813153,183.857752,642498.000000
2016-09-09,181.282029,181.393538,181.119019,181.266783,3849894.000000
2016-09-12,180.157939,180.405435,180.061124,180.078927,602874.000000
2016-09-13,178.681748,178.686486,178.371002,178.623535,842351.000000
2016-09-14,176.043736,176.065834,175.833955,176.016986,2316144.000000
2016-09-15,174.597645,174.758757,174.560948,174.658380,1287969.000000
2016-09-16,171.875503,171.980212,171.867373,171.967362,4975737.000000
2016-09-19,169.097900,169.141121,168.931105,168.964174,792865.000000
2016-09-20,171.383442,171.521244,171.198851,171.327413,1898947.000000
2016-09-21,172.892023,172.971044,172.675898,172.686722,751971.000000
2016-09-22,172.794978,173.193878,172.640070,172.951084,1712037.000000
2016-09-23,172.113746,172.179576,172.015485,172.025505,1973290.000000
2016-09-26,170.280862,170.403644,170.122901,170.369884,2510407.000000
2016-09-27,170.259377,170.499685,170.112451,170.324273,1621680.000000
2016-09-28,171.729023,171.791048,171.613589,171.645793,4967459.000000
2016-09-29,171.214320,171.351834,171.068647,171.272309,1091546.000000
2016-09-30,171.914876,172.002602,171.787308,171.833654,3958024.000000
2016-10-03,171.119210,171.350809,170.849698,171.291566,2201807.000000
2016-10-04,171.065211,171.217013,170.946790,171.005277,701469.000000
2016-10-05,171.777591,172.003603,171.738132,171.924698,995048.000000
2016-10-06,169.142839,169.238192,169.083866,169.219861,4877702.000000
2016-10-07,167.888378,167.939360,167.499946,167.805226,1532397.000000
2016-10-10,167.402733,167.682669,167.164580,167.362722,1893665.000000
2016-10-11,168.946138,169.022482,168.821171,168.831395,4132924.000000
2016-10-12,169.307408,169.396575,169.107859,169.377388,1596331.000000
2016-10-13,171.377719,171.488127,171.151447,171.212753,747642.000000
2016-10-14,170.143908,170.332143,170.073521,170.169143,4248331.000000
2016-10-17,166.976040,167.127092,166.923712,167.090290,4005329.000000
2016-10-18,164.091127,164.254341,163.930732,164.180611,4524615.000000
2016-10-19,163.699653,163.851477,163.580916,163.653053,1642835.000000
2016-10-20,165.157396,165.334389,165.038489,165.074728,3541701.000000
2016-10-21,162.804763,162.995485,162.720315,162.920539,2154881.000000
2016-10-24,159.067382,159.306127,158.796707,159.205566,1138858.000000
2016-10-25,157.249970,157.335623,157.212356,157.282121,2707773.000000
2016-10-26,156.719911,156.888577,156.583663,156.760064,2848804.000000
2016-10-27,157.421684,157.480117,157.295389,157.449255,3160213.000000
2016-10-28,158.633187,158.685301,158.462861,158.634070,2015048.000000
2016-10-31,159.845789,160.049231,159.751807,159.925186,599955.000000
2016-11-01,160.682977,160.900992,160.460637,160.683988,3474780.000000
2016-11-02,161.861719,162.140828,161.733021,161.884401,1215242.000000
2016-11-03,163.273847,163.463018,163.033202,163.391106,2051758.000000
2016-11-04,165.156047,165.215233,165.009054,165.195896,1716304.000000
2016-11-07,162.162314,162.177841,162.059533,162.140663,1090630.000000
2016-11-08,161.522739,161.594147,161.283440,161.459390,1540471.000000
2016-11-09,162.368147,162.507706,162.344567,162.434634,1745266.000000
2016-11-10,163.183770,163.352177,163.085389,163.152471,3119979.000000
2016-11-11,161.620755,161.723201,161.603601,161.649560,830562.000000
2016-11-14,160.045156,160.100739,159.941012,159.973169,1895987.000000
2016-11-15,161.443599,161.481117,161.239730,161.432822,4662913.000000
2016-11-16,161.281147,161.412888,161.175066,161.288412,3098280.000000
2016-11-17,162.275040,162.278347,162.148499,162.165747,3218341.000000
2016-11-18,161.794307,162.058805,161.779594,161.805240,1567500.000000
2016-11-21,162.227037,162.433525,162.197336,162.378435,2526117.000000
2016-11-22,160.820178,161.014733,160.669428,160.716296,2389550.000000
2016-11-23,161.928114,162.070401,161.856782,161.864067,4101385.000000
2016-11-24,161.664160,161.808803,161.621895,161.671141,991251.000000
2016-11-25,158.402026,158.517491,158.299160,158.502436,612296.000000
2016-11-28,158.483427,158.521786,158.304596,158.478613,2868711.000000
2016-11-29,157.994967,158.010995,157.957988,157.962362,2953481.000000
2016-11-30,159.794286,159.904213,159.780458,159.889061,892127.000000
2016-12-01,161.789211,161.988266,161.740420,161.816373,2563554.000000
2016-12-02,162.778723,162.833977,162.578265,162.723216,4258869.000000
2016-12-05,162.932052,163.049355,162.676793,162.745187,4761646.000000
2016-12-06,163.095956,163.203734,162.986305,163.013531,889892.000000
2016-12-07,162.929741,163.081770,162.816094,162.821015,1475965.000000
2016-12-08,162.564358,162.579272,162.250583,162.444221,3049591.000000
2016-12-09,164.561231,164.832409,164.318998,164.634389,1321214.000000
2016-12-12,165.529781,165.651008,165.263904,165.403152,3781403.000000
2016-12-13,166.422167,166.528862,166.313372,166.484153,4761227.000000
2016-12-14,167.305677,167.466751,167.183274,167.220369,2613053.000000
2016-12-15,166.923023,167.001465,166.889139,166.918351,4041939.000000
2016-12-16,167.391625,167.443671,167.327542,167.383995,1938583.000000
2016-12-19,167.532316,167.670796,167.371158,167.533910,726162.000000
2016-12-20,166.201887,166.253759,166.095271,166.180367,4156079.000000
2016-12-21,165.168966,165.394606,165.061672,165.233245,2412561.000000
2016-12-22,167.812170,168.019162,167.696729,167.867566,3647152.000000
2016-12-23,166.174116,166.375600,165.965962,166.215342,705857.000000
2016-12-26,165.738269,165.847902,165.686069,165.722003,3755134.000000
2016-12-27,164.654398,164.733338,164.615386,164.638900,1855984.000000
2016-12-28,162.052548,162.178121,161.931269,162.038091,763189.000000
2016-12-29,163.962318,164.112498,163.780475,164.013319,1478367.000000
2016-12-30,166.296225,166.555251,166.238559,166.349826,1410349.000000
2017-01-02,167.844633,167.976365,167.445637,167.717685,4072788.000000
2017-01-03,170.012304,170.202939,169.754887,170.070913,4309752.000000
2017-01-04,171.376044,171.422086,171.283731,171.367848,4223828.000000
2017-01-05,173.346444,173.400597,173.103116,173.265002,1522408.000000
2017-01-06,171.085840,171.097307,170.919938,171.029575,4325595.000000
2017-01-09,171.657215,171.860518,171.503280,171.634204,2320610.000000
2017-01-10,172.508480,172.596938,172.285324,172.550091,1010087.000000
2017-01-11,171.125287,171.158124,170.992963,171.064443,3086076.000000
2017-01-12,170.264022,170.543889,170.245981,170.342173,1595313.000000
2017-01-13,170.155497,170.310707,170.022309,170.162181,4573663.000000
2017-01-16,167.606039,167.625844,167.418947,167.594452,4254489.000000
2017-01-17,168.440269,168.585531,168.209397,168.394939,1748452.000000
2017-01-18,167.087847,167.379660,166.899548,166.922065,4652175.000000
2017-01-19,165.317329,165.379803,165.191753,165.376353,2366848.000000
2017-01-20,167.817072,168.040224,167.751166,167.950948,2121630.000000
2017-01-23,168.865808,168.957583,168.771948,168.868798,4428564.000000
2017-01-24,169.881746,169.919655,169.844831,169.864832,4100197.000000
2017-01-25,168.128764,168.403510,167.963246,168.269962,2783664.000000
2017-01-26,168.019173,168.067953,167.884417,167.934108,2697421.000000
2017-01-27,167.213589,167.261200,167.168003,167.188574,1819741.000000
2017-01-30,167.687416,167.824836,167.612897,167.741641,743840.000000
2017-01-31,165.888232,166.236663,165.661858,166.050544,2764787.000000
2017-02-01,165.119583,165.126622,165.006196,165.053262,3863381.000000
2017-02-02,165.725428,165.871276,165.660966,165.692890,2419108.000000
2017-02-03,165.881358,166.098339,165.772309,165.954160,1471668.000000
2017-02-06,169.227308,169.303705,169.209302,169.263579,2851205.000000
2017-02-07,167.990255,168.165418,167.947072,167.999540,2686073.000000
2017-02-08,165.759442,165.845905,165.468476,165.691577,2213968.000000
2017-02-09,167.634638,167.654655,167.592593,167.647447,2250966.000000
2017-02-10,165.723098,166.009941,165.612903,165.860185,2622336.000000
2017-02-13,164.794273,164.881202,164.786171,164.827457,3892558.000000
2017-02-14,162.681903,162.763062,162.674712,162.696259,1687439.000000
2017-02-15,162.840085,162.952672,162.744243,162.948642,3126737.000000
2017-02-16,163.410211,163.479374,163.180131,163.428192,2013591.000000
2017-02-17,161.393255,161.616337,161.387087,161.546496,4904053.000000
2017-02-20,160.748600,160.865485,160.604604,160.723815,552371.000000
2017-02-21,160.771295,161.013337,160.650229,160.722530,4213337.000000
2017-02-22,159.152818,159.198960,159.083969,159.118628,659634.000000
2017-02-23,160.697539,160.721072,160.509055,160.604736,4447285.000000
2017-02-24,163.129479,163.211580,162.789675,163.132594,2416146.000000
2017-02-27,164.000633,164.283038,163.947319,164.134495,1453444.000000
2017-02-28,162.902484,163.122010,162.659962,162.922793,1751262.000000
2017-03-01,161.688240,161.845490,161.566091,161.784664,4013006.000000
2017-03-02,160.653043,160.822711,160.435642,160.730111,3086305.000000
2017-03-03,162.695371,162.838522,162.528253,162.747174,4249084.000000
2017-03-06,163.843881,164.160800,163.624977,163.651094,3866926.000000
2017-03-07,163.237217,163.310162,163.065620,163.101242,1735290.000000
2017-03-08,163.342513,163.689408,163.315250,163.406071,2313227.000000
2017-03-09,162.866231,163.120657,162.644089,162.771468,3880963.000000
2017-03-10,162.105739,162.159092,161.884175,162.097826,4711636.000000
2017-03-13,161.553852,161.835544,161.392177,161.743493,3614131.000000
2017-03-14,161.345512,161.474222,161.243222,161.444631,3214007.000000
2017-03-15,156.661963,156.861741,156.417213,156.568282,2642302.000000
2017-03-16,158.097631,158.188552,157.901427,158.114326,2236324.000000
2017-03-17,158.624232,158.695749,158.556231,158.621856,1512125.000000
2017-03-20,159.484592,159.539120,159.461662,159.504720,4860166.000000
2017-03-21,162.366646,162.517904,162.317674,162.464245,4434370.000000
2017-03-22,161.086101,161.099689,160.862864,160.959540,4331550.000000
2017-03-23,160.570931,160.657298,160.559075,160.580769,4975465.000000
2017-03-24,159.949968,160.110646,159.802322,159.860976,1592019.000000
2017-03-27,158.630809,158.984973,158.622954,158.716669,4867949.000000
2017-03-28,158.275048,158.417249,158.212433,158.320597,3280779.000000
2017-03-29,156.059910,156.348584,155.862160,156.018474,2527261.000000
2017-03-30,157.589290,157.791386,157.502729,157.765551,4380447.000000
2017-03-31,157.668704,157.858480,157.661971,157.716787,4053772.000000
2017-04-03,156.438692,156.594547,156.380312,156.505529,1118351.000000
2017-04-04,156.121574,156.187901,155.995949,156.104561,1810433.000000
2017-04-05,157.526625,157.778949,157.498718,157.619351,4595829.000000
2017-04-06,158.927857,159.286558,158.760754,159.111222,4758551.000000
2017-04-07,158.680391,158.838272,158.576077,158.661389,1413869.000000
2017-04-10,158.652872,158.827314,158.529447,158.705420,2614103.000000
2017-04-11,155.859488,156.041645,155.711295,155.820701,4054886.000000
2017-04-12,154.134136,154.303720,154.073792,154.159137,2836056.000000
2017-04-13,155.028484,155.060079,155.003468,155.057664,4647697.000000
2017-04-14,157.456620,157.612182,157.240314,157.535155,4578924.000000
2017-04-17,159.744712,160.013548,159.644819,159.840848,4415609.000000
2017-04-18,161.293773,161.613605,161.234947,161.493679,3597055.000000
2017-04-19,159.293104,159.477431,159.184482,159.315455,3859832.000000
2017-04-20,160.714856,161.016103,160.537479,160.756840,2494441.000000
2017-04-21,160.615538,160.952420,160.511348,160.708538,2264345.000000
2017-04-24,159.816237,159.932401,159.697145,159.711015,2813747.000000
2017-04-25,159.843169,159.973001,159.785766,159.799025,3708700.000000
2017-04-26,161.367493,161.381847,161.207148,161.360348,4325634.000000
2017-04-27,159.075831,159.177177,158.963661,159.124990,4897411.000000
2017-04-28,157.807774,157.854471,157.604860,157.700539,2755726.000000
2017-05-01,158.577091,158.625875,158.250618,158.538563,4835242.000000
2017-05-02,158.540640,158.902666,158.431034,158.448674,1170102.000000
2017-05-03,158.501272,158.578778,158.391196,158.437253,3035916.000000
2017-05-04,159.146742,159.202878,159.010663,159.132787,1332427.000000
2017-05-05,162.382322,162.470932,162.153699,162.385627,3437665.000000
2017-05-08,163.190805,163.289066,163.116174,163.196032,3153899.000000
2017-05-09,160.432584,160.615031,160.296056,160.422268,1696510.000000
2017-05-10,159.332074,159.589398,159.212487,159.296040,2441722.000000
2017-05-11,161.668838,161.778693,161.634500,161.685504,4673584.000000
2017-05-12,160.265488,160.322869,160.197419,160.245794,4712364.000000
2017-05-15,159.831814,159.978960,159.798323,159.810968,4531301.000000
2017-05-16,158.824338,158.915912,158.501951,158.651626,4378634.000000
2017-05-17,158.813735,158.956822,158.605897,158.706155,1895344.000000
2017-05-18,158.675246,158.687471,158.580267,158.642637,3949885.000000
2017-05-19,159.975505,160.043112,159.901786,159.926916,3023209.000000
2017-05-22,157.438443,157.598385,157.398067,157.519788,3388981.000000
2017-05-23,158.463178,158.781888,158.422450,158.537165,3635429.000000
2017-05-24,158.661893,158.676000,158.425591,158.548084,2497748.000000
2017-05-25,160.897674,160.907132,160.840174,160.897022,2589618.000000
2017-05-26,163.433192,163.531216,163.110133,163.289526,1283845.000000
2017-05-29,164.890131,165.117805,164.610770,164.820275,3721399.000000
2017-05-30,165.067541,165.267685,164.947213,165.063952,3016351.000000
2017-05-31,160.946283,161.225449,160.869516,160.917824,1935020.000000
2017-06-01,159.564941,159.717168,159.509646,159.652361,3545306.000000
2017-06-02,158.930483,159.191779,158.741740,159.066363,4918322.000000
2017-06-05,157.215025,157.237677,157.096256,157.230426,1792470.000000
2017-06-06,154.582996,154.799926,154.430493,154.644482,2376099.000000
2017-06-07,154.044768,154.161840,153.892834,154.105839,974956.000000
2017-06-08,152.663160,152.667048,152.597233,152.607385,1341503.000000
2017-06-09,151.942930,152.058680,151.853831,151.927798,942154.000000
2017-06-12,149.767851,149.898812,149.610016,149.699421,2142987.000000
2017-06-13,149.628378,149.719594,149.490133,149.629097,1415400.000000
2017-06-14,148.235827,148.241122,147.967400,148.199741,1802107.000000
2017-06-15,148.975592,148.989731,148.811806,148.977026,3360742.000000
2017-06-16,147.368222,147.473750,147.230490,147.385414,2765578.000000
2017-06-19,147.786631,147.880596,147.564407,147.671745,3795402.000000
2017-06-20,148.008699,148.219358,147.942112,148.027341,2266631.000000
2017-06-21,149.750469,149.858962,149.629119,149.834743,4456923.000000
2017-06-22,151.024397,151.222030,150.831064,151.023509,3241035.000000
2017-06-23,153.177692,153.365810,153.098397,153.226066,1964780.000000
2017-06-26,152.226432,152.405003,152.032185,152.384993,1119219.000000
2017-06-27,152.444550,152.704047,152.323038,152.352293,2179197.000000
2017-06-28,152.511438,152.608292,152.311739,152.412234,3060738.000000
2017-06-29,152.570525,152.693832,152.478104,152.587883,1094961.000000
2017-06-30,152.857309,152.936710,152.739892,152.888057,3389409.000000
2017-07-03,152.239112,152.347690,152.180424,152.247308,1223969.000000
2017-07-04,151.883739,152.033269,151.850892,151.960254,4203739.000000
2017-07-05,152.330514,152.563809,151.952078,152.320695,3772628.000000
2017-07-06,152.780408,152.866176,152.705120,152.854706,4093209.000000
2017-07-07,150.827068,150.944056,150.556483,150.908892,3889344.000000
2017-07-10,150.980110,151.107766,150.816369,150.980385,4541447.000000
2017-07-11,151.477428,151.534609,151.432237,151.441657,4981516.000000
2017-07-12,150.476454,150.824597,150.454461,150.584303,2606105.000000
2017-07-13,150.098405,150.264501,149.983931,150.050462,4434697.000000
2017-07-14,150.522401,150.736410,150.395117,150.457496,4627759.000000
2017-07-17,147.654236,147.852046,147.362829,147.673944,4179307.000000
2017-07-18,150.630615,150.646049,150.417177,150.488164,613327.000000
2017-07-19,149.690861,149.815661,149.690163,149.776007,3590745.000000
2017-07-20,148.007827,148.217057,147.841975,147.978541,3762261.000000
2017-07-21,145.888033,145.961199,145.761571,145.810525,2902245.000000
2017-07-24,146.100215,146.162254,146.035275,146.098591,3452900.000000
2017-07-25,144.933487,144.960763,144.641955,144.909696,4976699.000000
2017-07-26,144.070706,144.151438,144.042468,144.110455,686741.000000
2017-07-27,142.801973,142.903228,142.732564,142.841764,4308363.000000
2017-07-28,144.788890,144.822075,144.580723,144.753326,2347610.000000
2017-07-31,146.760177,146.957987,146.726957,146.918783,4006922.000000
2017-08-01,146.466846,146.586218,146.448679,146.515650,4376633.000000
2017-08-02,144.776272,144.806064,144.651574,144.709036,1112908.000000
2017-08-03,143.622329,143.815569,143.439163,143.523079,4435877.000000
2017-08-04,142.778361,142.833193,142.651138,142.771472,2055607.000000
2017-08-07,142.178386,142.495812,142.059620,142.073327,3992028.000000
2017-08-08,141.825543,141.908946,141.576281,141.872147,2875031.000000
2017-08-09,143.991128,144.139812,143.969151,144.037704,1162542.000000
2017-08-10,144.627454,144.770944,144.513960,144.717280,4143441.000000
2017-08-11,144.485706,144.524047,144.376950,144.410975,2583429.000000
2017-08-14,148.335079,148.452851,148.065169,148.206158,3141265.000000
2017-08-15,148.119829,148.305807,148.028902,148.223568,3493256.000000
2017-08-16,148.448814,148.585650,148.242778,148.422764,3826890.000000
2017-08-17,148.762950,148.773279,148.698939,148.766598,1405682.000000
2017-08-18,146.000484,146.112899,145.927767,146.019526,1540570.000000
2017-08-21,147.262750,147.366411,147.107024,147.185056,2980288.000000
2017-08-22,148.808640,148.856861,148.685624,148.705329,3701501.000000
2017-08-23,149.155725,149.304052,149.088493,149.199933,2745154.000000
2017-08-24,148.969440,149.262857,148.784792,149.029230,1851056.000000
2017-08-25,149.960878,150.128978,149.689385,149.894463,1255647.000000
2017-08-28,145.826207,145.988508,145.658143,145.801764,955262.000000
2017-08-29,147.007814,147.113183,146.994889,147.107278,4790856.000000
2017-08-30,146.456625,146.461473,146.307257,146.429051,918627.000000
2017-08-31,147.263219,147.340705,147.187750,147.266827,4632344.000000
2017-09-01,146.366826,146.586453,146.352816,146.383862,2261262.000000
2017-09-04,144.557591,144.686282,144.507611,144.543558,2234883.000000
2017-09-05,142.064052,142.146539,142.039410,142.110747,3649176.000000
2017-09-06,142.247051,142.287902,142.088425,142.181979,637618.000000
2017-09-07,142.306634,142.324658,142.182920,142.311443,4634178.000000
2017-09-08,141.250236,141.366793,140.991867,141.205824,3388296.000000
2017-09-11,137.184904,137.258234,137.110921,137.233033,1620481.000000
2017-09-12,137.803090,137.878450,137.709125,137.813993,719429.000000
2017-09-13,137.480870,137.515967,137.447985,137.477856,931989.000000
2017-09-14,138.301839,138.426364,138.196118,138.218443,2333395.000000
2017-09-15,136.849585,137.003532,136.656591,136.757106,3525428.000000
2017-09-18,136.712128,136.852430,136.551165,136.624127,4638033.000000
2017-09-19,136.152610,136.164000,136.003033,136.132708,2462530.000000
2017-09-20,136.006944,136.165041,135.922600,136.043970,3525269.000000
2017-09-21,136.298673,136.357640,135.970161,136.192299,4787090.000000
2017-09-22,136.489078,136.522118,136.283165,136.480581,3969362.000000
2017-09-25,136.557787,136.584916,136.303137,136.546397,3491563.000000
2017-09-26,135.974077,136.218219,135.876126,135.965228,2234829.000000
2017-09-27,135.787230,135.902035,135.726219,135.798840,2370991.000000
2017-09-28,138.369640,138.527707,138.291105,138.427324,2579922.000000
2017-09-29,138.704520,138.737283,138.545115,138.690903,1764016.000000
2017-10-02,136.958910,137.220119,136.893689,136.951019,3915678.000000
2017-10-03,135.109889,135.292189,134.964287,135.060382,2916360.000000
2017-10-04,132.998745,133.161167,132.925265,132.931200,4759648.000000
2017-10-05,133.585797,133.648573,133.496093,133.558776,1459777.000000
2017-10-06,134.860023,135.030662,134.675649,134.930337,4500752.000000
2017-10-09,135.188905,135.314858,134.936975,135.160831,3078827.000000
2017-10-10,136.308698,136.542406,136.301765,136.368998,3743073.000000
2017-10-11,135.066494,135.337915,134.987903,135.165086,3555102.000000
2017-10-12,136.750107,137.012100,136.725918,136.840307,1340318.000000
2017-10-13,137.446055,137.493674,137.219612,137.353710,3783868.000000
2017-10-16,136.026665,136.180660,135.884956,135.984283,3991028.000000
2017-10-17,137.303641,137.563649,137.126682,137.461150,714463.000000
2017-10-18,138.945122,139.227999,138.805050,139.040250,566694.000000
2017-10-19,138.591085,138.628353,138.532041,138.554782,2762059.000000
2017-10-20,137.328628,137.416160,137.231212,137.362381,4642878.000000
2017-10-23,136.531862,136.835227,136.522026,136.717466,2982798.000000
2017-10-24,138.398450,138.519412,138.304270,138.486527,4694574.000000
2017-10-25,138.092786,138.179351,138.037872,138.080979,3054091.000000
2017-10-26,137.337774,137.509123,137.113818,137.362582,1122890.000000
2017-10-27,133.428607,133.608665,133.394392,133.529926,1004023.000000
2017-10-30,132.664446,132.697969,132.501019,132.557517,2043094.000000
2017-10-31,130.772385,130.893836,130.755212,130.842460,875000.000000
2017-11-01,130.206657,130.322321,130.176816,130.192516,915269.000000
2017-11-02,130.078557,130.120612,129.928859,130.001852,579737.000000
2017-11-03,130.228602,130.357541,130.215097,130.259150,4477538.000000
2017-11-06,129.693653,129.794940,129.689928,129.757073,3236149.000000
2017-11-07,130.879588,130.972530,130.589290,130.799754,3430782.000000
2017-11-08,130.499328,130.570360,130.414465,130.523769,1954601.000000
2017-11-09,130.537660,130.627064,130.392358,130.462037,3534250.000000
2017-11-10,131.995217,132.063675,131.807258,131.944415,1222060.000000
2017-11-13,130.065097,130.115186,130.000023,130.024202,1839794.000000
2017-11-14,130.158283,130.293630,130.025344,130.220906,1825901.000000
2017-11-15,130.185741,130.385899,130.013132,130.206398,2597767.000000
2017-11-16,131.037760,131.162491,130.959582,130.962667,3193542.000000
2017-11-17,130.507616,130.591485,130.341309,130.380491,3071319.000000
2017-11-20,129.650923,129.739363,129.475607,129.616847,565904.000000
2017-11-21,128.201664,128.403616,128.162435,128.182990,1844728.000000
2017-11-22,128.792885,128.995772,128.753410,128.829433,4710100.000000
2017-11-23,127.430035,127.582665,127.217429,127.474007,2663960.000000
2017-11-24,124.586792,124.746349,124.552266,124.613025,4657422.000000
2017-11-27,125.117370,125.173537,125.037149,125.062672,3656388.000000
2017-11-28,124.629297,124.730270,124.479212,124.654066,2375854.000000
2017-11-29,124.525511,124.543362,124.386241,124.505725,1600327.000000
2017-11-30,124.279261,124.280736,124.184501,124.211649,1074999.000000
2017-12-01,123.677764,123.944645,123.583019,123.762622,3626975.000000
2017-12-04,123.717414,123.908843,123.686016,123.728482,4535500.000000
2017-12-05,122.729631,122.894515,122.651946,122.849427,4227356.000000
2017-12-06,122.667920,122.773881,122.631078,122.643829,2185158.000000
2017-12-07,122.007691,122.140723,121.819617,121.943430,3892482.000000
2017-12-08,121.280439,121.329084,121.197815,121.267384,2278645.000000
2017-12-11,119.455294,119.579817,119.354633,119.551565,2475591.000000
2017-12-12,117.508739,117.525234,117.376183,117.483529,4579698.000000
2017-12-13,117.576270,117.701172,117.519132,117.628664,4280040.000000
2017-12-14,118.592048,118.597232,118.505343,118.516079,3987191.000000
2017-12-15,118.203937,118.410571,118.183250,118.226186,1329651.000000
2017-12-18,118.326757,118.446035,118.262100,118.381741,1184098.000000
2017-12-19,116.405127,116.418162,116.209446,116.297961,4188595.000000
2017-12-20,115.320791,115.446194,115.283040,115.372643,4360008.000000
2017-12-21,113.755257,113.755361,113.664845,113.730841,2474897.000000
2017-12-22,114.082581,114.249707,114.009952,114.223203,3954379.000000
2017-12-25,115.009190,115.174267,114.951866,115.005023,2887651.000000
2017-12-26,113.116275,113.121937,113.018812,113.115566,3733941.000000
2017-12-27,113.444246,113.544456,113.353211,113.409346,3483423.000000
2017-12-28,113.763639,113.857191,113.653910,113.688792,3311854.000000
2017-12-29,113.900631,114.029490,113.686465,113.947197,4178589.000000
2018-01-01,112.783942,112.857158,112.644442,112.738568,3288160.000000
2018-01-02,113.134794,113.226623,113.090351,113.191687,525778.000000
2018-01-03,112.245160,112.423061,112.202932,112.338988,2462433.000000
2018-01-04,113.078176,113.179746,113.046678,113.115891,2024142.000000
2018-01-05,113.574598,113.670636,113.543550,113.633100,1843393.000000
2018-01-08,112.889941,112.931462,112.836383,112.872986,2834221.000000
2018-01-09,112.987461,113.029558,112.887091,112.933232,2447457.000000
2018-01-10,110.858515,111.107178,110.831921,110.879893,2421157.000000
2018-01-11,109.947416,110.096725,109.919045,109.998871,4140784.000000
2018-01-12,108.887838,108.935326,108.753358,108.869418,882780.000000
2018-01-15,107.838964,107.861007,107.829879,107.846489,3530299.000000
2018-01-16,107.825993,107.841336,107.708703,107.763185,642240.000000
2018-01-17,108.531524,108.640239,108.478393,108.530838,2167016.000000
2018-01-18,109.097350,109.118758,108.931962,109.021062,1797163.000000
2018-01-19,110.604422,110.845471,110.542709,110.708504,4575134.000000
2018-01-22,110.374023,110.554277,110.315641,110.420387,1927523.000000
2018-01-23,110.349914,110.370780,110.291209,110.356581,696643.000000
2018-01-24,109.773956,109.938048,109.703791,109.772639,3333604.000000
2018-01-25,109.700823,109.749586,109.547546,109.711595,3605276.000000
2018-01-26,109.803807,109.922418,109.772151,109.794069,1262752.000000
2018-01-29,110.041652,110.119407,109.978107,110.031474,4186635.000000
2018-01-30,109.827961,109.906455,109.787155,109.866900,2952343.000000
2018-01-31,109.814707,109.921964,109.726542,109.853791,2886078.000000
2018-02-01,109.880881,109.921972,109.729535,109.859709,1951782.000000
2018-02-02,109.582987,109.665673,109.491656,109.578366,3757162.000000
2018-02-05,108.324129,108.373951,108.232402,108.287757,3685269.000000
2018-02-06,106.514378,106.606789,106.435788,106.489367,1425939.000000
2018-02-07,106.901669,106.939745,106.840070,106.913991,1102340.000000
2018-02-08,105.563176,105.652471,105.557420,105.613319,2034306.000000
2018-02-09,104.966556,105.048727,104.780966,104.845574,4817344.000000
2018-02-12,104.738651,104.763932,104.546624,104.630466,3902622.000000
2018-02-13,103.613842,103.670910,103.547154,103.593083,2171715.000000
2018-02-14,104.128266,104.141372,103.974906,104.131293,4384122.000000
2018-02-15,103.767837,103.858798,103.752650,103.805358,3270733.000000
2018-02-16,103.718005,103.731386,103.563795,103.594794,1066952.000000
2018-02-19,103.737092,103.756889,103.699115,103.723226,1997762.000000
2018-02-20,103.534359,103.633265,103.442410,103.464386,4133036.000000
2018-02-21,102.399569,102.421691,102.304192,102.382687,4798477.000000
2018-02-22,102.616189,102.697867,102.566335,102.673435,2250136.000000
2018-02-23,102.038385,102.092776,101.948407,101.982121,3988066.000000
2018-02-26,100.971796,101.044279,100.948546,101.009941,4994872.000000
2018-02-27,98.983702,99.078186,98.922303,99.009708,4834677.000000
2018-02-28,99.097030,99.164175,98.995857,99.059216,3973560.000000
2018-03-01,99.631565,99.762317,99.485316,99.566639,663762.000000
2018-03-02,98.750525,98.864389,98.478924,98.634857,625893.000000
2018-03-05,98.710005,98.722867,98.554242,98.637561,3194489.000000
2018-03-06,98.762715,98.832487,98.631852,98.717302,607765.000000
2018-03-07,98.813032,98.854168,98.771136,98.778519,3813091.000000
2018-03-08,98.906608,98.947975,98.849261,98.911228,2279526.000000
2018-03-09,98.986227,99.015942,98.903915,98.977527,2445106.000000
2018-03-12,97.913344,97.959772,97.895764,97.914044,1417529.000000
2018-03-13,98.456290,98.583184,98.423279,98.490761,3237270.000000
2018-03-14,97.220135,97.245317,97.201772,97.232971,3642038.000000
2018-03-15,97.422004,97.470444,97.345882,97.425120,3696378.000000
2018-03-16,98.487475,98.557090,98.305454,98.395827,4752627.000000
2018-03-19,97.888825,97.981195,97.826586,97.891187,3720044.000000
2018-03-20,97.068562,97.110932,97.000101,97.026190,1520065.000000
2018-03-21,97.756767,97.780356,97.617747,97.684996,1603855.000000
2018-03-22,97.985022,98.124772,97.934702,98.059282,505521.000000
2018-03-23,97.398547,97.454787,97.367105,97.368318,1321952.000000
2018-03-26,99.078610,99.108157,98.820930,98.976124,4115499.000000
2018-03-27,100.562642,100.650527,100.462333,100.566192,2534079.000000
2018-03-28,101.133392,101.244226,101.120417,101.171819,4291975.000000
2018-03-29,101.366543,101.638716,101.340616,101.448286,851902.000000
2018-03-30,101.064984,101.136849,101.039516,101.125538,4936388.000000
2018-04-02,100.580783,100.641542,100.377393,100.467928,1741806.000000
2018-04-03,100.166909,100.245450,100.128230,100.211406,655913.000000
2018-04-04,100.086547,100.211603,99.865138,100.030670,1399199.000000
2018-04-05,101.289002,101.320345,101.233052,101.252932,779982.000000
2018-04-06,102.491278,102.580282,102.413617,102.555355,3920410.000000
2018-04-09,103.093315,103.202402,102.960449,103.035392,2847142.000000
2018-04-10,102.950083,102.955548,102.902586,102.946447,4369060.000000
2018-04-11,102.822744,102.895446,102.796395,102.851067,529218.000000
2018-04-12,102.305229,102.386338,102.254617,102.327549,2108837.000000
2018-04-13,103.352351,103.364019,103.207818,103.304801,3048271.000000
2018-04-16,103.465336,103.509396,103.422861,103.462557,1699115.000000
2018-04-17,102.939794,102.956856,102.900191,102.917918,3168128.000000
2018-04-18,103.169105,103.245741,103.099757,103.179260,4686349.000000
2018-04-19,104.104218,104.151896,104.055989,104.061693,598857.000000
2018-04-20,103.623679,103.630710,103.609386,103.609403,597860.000000
2018-04-23,103.569876,103.580587,103.347473,103.473217,4936484.000000
2018-04-24,102.696868,102.743812,102.627309,102.685891,757864.000000
2018-04-25,102.538356,102.618126,102.508881,102.563705,3485378.000000
2018-04-26,101.580935,101.669532,101.497907,101.529639,2316885.000000
2018-04-27,103.552669,103.642585,103.355534,103.593539,3486012.000000
2018-04-30,102.152297,102.240943,102.008198,102.068224,3940839.000000
2018-05-01,100.036659,100.104778,99.953007,100.036106,4363594.000000
2018-05-02,100.867584,100.965275,100.652532,100.807427,2198390.000000
2018-05-03,101.703519,101.875149,101.662331,101.718166,1312541.000000
2018-05-04,101.424629,101.605273,101.360677,101.472043,4160230.000000
2018-05-07,101.230082,101.265153,101.150529,101.178064,3628490.000000
2018-05-08,102.084760,102.272079,102.003729,102.171674,4960840.000000
2018-05-09,100.061051,100.087230,99.959660,100.008763,3166957.000000
2018-05-10,100.872388,100.962520,100.739675,100.776217,3642894.000000
2018-05-11,101.092307,101.129845,101.026683,101.081489,3345094.000000
2018-05-14,101.667398,101.885136,101.637152,101.770399,2096522.000000
2018-05-15,100.906039,101.011184,100.791023,100.879255,2842637.000000
2018-05-16,99.811198,99.908491,99.778899,99.837602,4431124.000000
2018-05-17,101.069836,101.087230,100.916078,101.033725,2273695.000000
2018-05-18,100.555615,100.574055,100.406563,100.572446,4284048.000000
2018-05-21,100.754785,100.902556,100.670427,100.744523,3478630.000000
2018-05-22,99.590948,99.893912,99.511866,99.740153,3495339.000000
2018-05-23,99.219035,99.378838,99.197629,99.279609,4014499.000000
2018-05-24,99.781935,99.784406,99.634600,99.734143,3405305.000000
2018-05-25,99.443967,99.447646,99.271477,99.381288,3869633.000000
2018-05-28,100.946739,101.060316,100.817594,100.929983,2571747.000000
2018-05-29,101.919479,101.998553,101.880880,101.887752,1448080.000000
2018-05-30,104.500830,104.653558,104.439954,104.478645,4750337.000000
2018-05-31,104.921234,104.991695,104.745610,104.899750,2084428.000000
2018-06-01,104.257048,104.387385,104.089531,104.288786,4904426.000000
2018-06-04,105.721138,105.739656,105.612979,105.691991,2338065.000000
2018-06-05,106.769563,106.910678,106.761302,106.795843,1862959.000000
2018-06-06,108.094498,108.214174,108.004891,108.157904,4065674.000000
2018-06-07,107.911194,108.007120,107.601807,107.800666,961245.000000
2018-06-08,109.735078,109.788440,109.650907,109.772035,3323451.000000
2018-06-11,110.698189,110.807096,110.569096,110.594170,3194050.000000
2018-06-12,111.225949,111.382450,111.217956,111.303599,2370810.000000
2018-06-13,112.660249,112.713924,112.616818,112.647280,3367594.000000
2018-06-14,112.557075,112.650242,112.442359,112.597210,3952048.000000
2018-06-15,112.351502,112.407798,112.279047,112.309442,1534164.000000
2018-06-18,111.450301,111.461213,111.361694,111.372628,1934891.000000
2018-06-19,111.355447,111.449933,111.340707,111.407401,1924695.000000
2018-06-20,113.519922,113.589544,113.380603,113.443451,3054689.000000
2018-06-21,113.441283,113.472288,113.418055,113.454894,2449581.000000
2018-06-22,113.176766,113.224753,113.066960,113.126720,4463612.000000
2018-06-25,112.529128,112.563603,112.382775,112.523842,2175235.000000
2018-06-26,113.488795,113.502813,113.423113,113.493662,896462.000000
2018-06-27,115.243000,115.301979,115.158145,115.170145,3957838.000000
2018-06-28,117.910923,117.956676,117.634277,117.728799,3534051.000000
2018-06-29,118.728666,118.974729,118.721664,118.822670,1094157.000000
2018-07-02,118.799330,118.943819,118.659970,118.731534,4398690.000000
2018-07-03,120.209808,120.258522,120.049961,120.236943,4879390.000000
2018-07-04,121.556619,121.682333,121.486452,121.609904,3507387.000000
2018-07-05,119.940889,119.954238,119.865799,119.921553,4622373.000000
2018-07-06,118.384942,118.418321,118.273326,118.321541,4247289.000000
2018-07-09,120.120092,120.244778,120.053189,120.082177,2018179.000000
2018-07-10,120.400824,120.565635,120.384877,120.408461,3254499.000000
2018-07-11,120.276348,120.337090,120.265973,120.293530,862387.000000
2018-07-12,118.315477,118.356538,118.207394,118.349402,3764234.000000
2018-07-13,116.590390,116.624690,116.425845,116.531438,3821334.000000
2018-07-16,115.756166,115.845713,115.650167,115.724513,1024751.000000
2018-07-17,114.893293,115.002364,114.864306,114.896259,885458.000000
2018-07-18,114.398340,114.429808,114.331752,114.374762,3195652.000000
2018-07-19,117.295697,117.343077,117.046899,117.211254,652766.000000
2018-07-20,117.806705,117.911888,117.735107,117.818205,834443.000000
2018-07-23,118.864609,118.953517,118.838840,118.862769,3103728.000000
2018-07-24,119.483570,119.559058,119.411119,119.416296,4256569.000000
2018-07-25,119.540440,119.643928,119.380776,119.610133,3649751.000000
2018-07-26,118.970202,119.075440,118.895336,118.970867,1922931.000000
2018-07-27,118.374114,118.406218,118.253137,118.352191,3695944.000000
2018-07-30,118.299929,118.325912,118.212098,118.281261,3829132.000000
2018-07-31,117.877749,118.028081,117.844291,117.951909,1794262.000000
2018-08-01,117.957991,118.107532,117.911224,118.041198,1714346.000000
2018-08-02,118.416956,118.437780,118.378217,118.428542,2244285.000000
2018-08-03,118.604150,118.756227,118.603370,118.688668,2517306.000000
2018-08-06,118.655713,118.714942,118.450588,118.665646,4378703.000000
2018-08-07,119.183040,119.279915,119.152587,119.211419,823973.000000
2018-08-08,117.171761,117.339152,117.113764,117.194322,1678783.000000
2018-08-09,118.550973,118.810546,118.497932,118.686365,4083931.000000
2018-08-10,121.178465,121.315658,121.042705,121.116109,3454399.000000
2018-08-13,122.568850,122.612977,122.251802,122.448566,3076242.000000
2018-08-14,123.167608,123.388232,123.013920,123.212410,3674991.000000
2018-08-15,123.711194,123.804259,123.557762,123.801277,4445366.000000
2018-08-16,123.492026,123.518675,123.384991,123.494928,4631305.000000
2018-08-17,123.603269,123.709722,123.477146,123.699016,4053876.000000
2018-08-20,123.306167,123.315852,123.059012,123.153475,4339234.000000
2018-08-21,124.649995,124.797769,124.567095,124.614695,2544048.000000
2018-08-22,126.253686,126.312291,126.124181,126.163539,3492019.000000
2018-08-23,127.673432,127.701285,127.415181,127.607197,2556919.000000
2018-08-24,130.538307,130.687659,130.395499,130.580429,3462900.000000
2018-08-27,130.050341,130.119777,129.933183,129.976246,2053739.000000
2018-08-28,129.671039,129.831311,129.455736,129.538142,4220062.000000
2018-08-29,128.958707,129.007627,128.951950,128.962264,1635207.000000
2018-08-30,129.800107,129.837626,129.689047,129.828777,2952088.000000
2018-08-31,129.756600,129.877944,129.638989,129.850211,3366850.000000
2018-09-03,127.997196,128.145531,127.949362,128.092964,626708.000000
2018-09-04,128.146838,128.340935,128.138862,128.210602,1533451.000000
2018-09-05,128.901628,128.940730,128.862313,128.897101,4173044.000000
2018-09-06,129.433043,129.527693,129.411367,129.480285,4265983.000000
2018-09-07,128.402420,128.512702,128.303892,128.393683,3245796.000000
2018-09-10,126.229671,126.395720,125.988318,126.037056,4927575.000000
2018-09-11,123.921413,124.180448,123.920359,123.960743,4682446.000000
2018-09-12,124.431909,124.587172,124.242960,124.314536,2831866.000000
2018-09-13,124.414385,124.556444,124.380397,124.397633,2823054.000000
2018-09-14,123.086180,123.149676,123.049891,123.129013,2258440.000000
2018-09-17,122.274882,122.385107,122.048859,122.225636,2912190.000000
2018-09-18,123.418190,123.429325,123.343172,123.421456,1338464.000000
2018-09-19,124.002097,124.252765,123.988688,124.035584,3417801.000000
2018-09-20,125.152235,125.289026,125.105599,125.108289,1411655.000000
2018-09-21,125.280759,125.479641,125.232338,125.344043,1578178.000000
2018-09-24,127.874266,127.981413,127.699404,127.882819,507774.000000
2018-09-25,129.174545,129.457160,129.077821,129.315129,941673.000000
2018-09-26,128.174489,128.310875,128.137831,128.173354,2498772.000000
2018-09-27,126.452996,126.545651,126.421204,126.536792,3607518.000000
2018-09-28,126.817929,126.937177,126.689145,126.792682,3434820.000000
2018-10-01,127.526556,127.542422,127.390466,127.418423,1701638.000000
2018-10-02,127.216337,127.293045,127.048100,127.126023,2757422.000000
2018-10-03,128.094692,128.268864,128.087086,128.156274,820389.000000
2018-10-04,127.992520,128.215183,127.980905,128.040552,3221726.000000
2018-10-05,128.420971,128.511159,128.277060,128.354153,3507885.000000
2018-10-08,127.877452,128.024359,127.694865,127.885662,3035642.000000
2018-10-09,127.246744,127.315579,127.155495,127.254935,1947682.000000
2018-10-10,127.522275,127.713381,127.418177,127.589718,4870891.000000
2018-10-11,129.180113,129.182883,129.049943,129.141038,544874.000000
2018-10-12,128.521497,128.644725,128.497174,128.579592,2707216.000000
2018-10-15,129.788969,129.869700,129.643868,129.803254,3453502.000000
2018-10-16,132.745510,132.780033,132.611052,132.731745,4227474.000000
2018-10-17,134.664021,134.703077,134.373844,134.541459,3148009.000000
2018-10-18,134.252050,134.269097,134.113950,134.180990,1676335.000000
2018-10-19,133.906615,134.012440,133.827426,133.941282,769973.000000
2018-10-22,135.013197,135.147641,134.997235,135.005875,1075625.000000
2018-10-23,135.142765,135.421758,134.980188,135.186831,1850047.000000
2018-10-24,136.407774,136.436733,136.136340,136.369431,616128.000000
2018-10-25,136.439312,136.498466,136.403671,136.464579,1926759.000000
2018-10-26,138.464222,138.780887,138.330937,138.481077,3960089.000000
2018-10-29,138.760642,139.056950,138.751758,138.848808,1677738.000000
2018-10-30,137.438881,137.513032,137.418211,137.474711,2397717.000000
2018-10-31,138.381502,138.607638,138.321868,138.422606,4763581.000000
2018-11-01,140.131324,140.203956,140.127577,140.193682,2658704.000000
2018-11-02,140.094491,140.146654,140.021353,140.088649,2611474.000000
2018-11-05,139.383613,139.595304,139.154657,139.310972,2495815.000000
2018-11-06,140.518714,140.634712,140.300055,140.451793,3153802.000000
2018-11-07,141.403647,141.463508,141.116661,141.402506,4863766.000000
2018-11-08,142.288066,142.323612,142.135382,142.284336,3224111.000000
2018-11-09,140.804409,140.878902,140.562974,140.685842,2290826.000000
2018-11-12,139.025889,139.232501,138.916871,138.954575,3855060.000000
2018-11-13,138.973047,139.079486,138.915853,139.026339,1040943.000000
2018-11-14,137.348759,137.436968,137.219074,137.235617,2726398.000000
2018-11-15,138.465207,138.676379,138.444932,138.526908,3488625.000000
2018-11-16,138.144195,138.157984,138.093761,138.094507,1143053.000000
2018-11-19,140.312221,140.352571,140.291394,140.297770,3795069.000000
2018-11-20,141.679164,141.909498,141.651802,141.761130,3800326.000000
2018-11-21,143.638899,143.730821,143.285799,143.467578,3906935.000000
2018-11-22,143.179657,143.451692,142.958623,143.116682,1993220.000000
2018-11-23,142.207108,142.223485,142.137177,142.198946,2270782.000000
2018-11-26,141.535789,141.656043,141.399194,141.570478,2593151.000000
2018-11-27,142.039669,142.173065,141.945397,141.976775,3633418.000000
2018-11-28,140.671558,140.819911,140.659026,140.707219,1935552.000000
2018-11-29,139.141743,139.223745,138.972690,139.178992,3418426.000000
2018-11-30,138.326399,138.419163,138.184050,138.241874,1109105.000000
2018-12-03,136.854173,136.909709,136.743286,136.777039,2568852.000000
2018-12-04,136.731534,136.752558,136.676827,136.720584,3280890.000000
2018-12-05,135.311100,135.430524,135.191909,135.359622,1865943.000000
2018-12-06,135.270131,135.442051,135.171050,135.316046,1757568.000000
2018-12-07,134.939738,135.037222,134.913294,134.943258,2389024.000000
2018-12-10,135.913985,136.122259,135.815063,135.833097,817330.000000
2018-12-11,134.213180,134.317164,134.085409,134.116325,767334.000000
2018-12-12,131.776275,131.892294,131.759442,131.807021,1399357.000000
2018-12-13,131.314860,131.481697,131.264441,131.324413,3877457.000000
2018-12-14,129.819525,129.889242,129.783467,129.867581,1581857.000000
2018-12-17,129.462377,129.603404,129.396739,129.458952,4960156.000000
2018-12-18,128.711691,128.856565,128.671595,128.743127,2910811.000000
2018-12-19,128.625208,128.717689,128.555222,128.642200,2543328.000000
2018-12-20,128.118769,128.179464,128.004737,128.140329,3757873.000000
2018-12-21,128.535282,128.600948,128.303817,128.553113,3478905.000000
2018-12-24,128.426102,128.456604,128.410827,128.453976,1510279.000000
2018-12-25,128.735106,128.761450,128.577792,128.744721,2648432.000000
2018-12-26,128.381299,128.441863,128.331628,128.363071,2401156.000000
2018-12-27,128.273128,128.357786,128.207713,128.309053,1193586.000000
2018-12-28,127.542778,127.872437,127.497791,127.695441,2740353.000000
2018-12-31,128.919335,128.938369,128.827157,128.869277,1551782.000000
2019-01-01,130.974324,131.053261,130.902566,130.951999,4895905.000000
2019-01-02,130.425340,130.495367,130.212507,130.453353,4890225.000000
2019-01-03,129.820481,130.052050,129.813684,129.856910,4942541.000000
2019-01-04,130.876479,130.981595,130.838099,130.875117,3178783.000000
2019-01-07,132.480026,132.571885,132.237820,132.355009,1415496.000000
2019-01-08,133.087295,133.207323,132.990057,133.074874,1937993.000000
2019-01-09,132.566087,132.767289,132.317665,132.709243,1377406.000000
2019-01-10,133.326162,133.426233,133.061735,133.242882,1219695.000000
2019-01-11,132.924060,133.083462,132.685479,133.035094,1843910.000000
2019-01-14,134.953215,135.024693,134.811779,134.965355,759416.000000
2019-01-15,135.498913,135.570663,135.298979,135.401038,701939.000000
2019-01-16,135.761244,135.909233,135.668384,135.813359,3916080.000000
2019-01-17,138.784327,138.886651,138.713690,138.761758,1813496.000000
2019-01-18,139.820167,139.878497,139.748046,139.821616,4019895.000000
2019-01-21,140.711362,140.764304,140.525454,140.646312,762632.000000
2019-01-22,140.503663,140.734762,140.320552,140.472431,3432459.000000
2019-01-23,140.939220,141.045090,140.863529,140.955175,4912188.000000
2019-01-24,140.590469,140.694487,140.489873,140.684435,1289579.000000
2019-01-25,140.965480,141.111927,140.793644,141.100526,1996456.000000
2019-01-28,139.993717,140.154553,139.925297,140.132238,1937259.000000
2019-01-29,141.088006,141.133369,140.970057,141.107536,1613619.000000
2019-01-30,142.590819,142.738754,142.544532,142.658711,2420838.000000
2019-01-31,143.358916,143.361345,143.160273,143.260666,1230656.000000
2019-02-01,144.039275,144.148403,143.932979,144.100983,4544844.000000
2019-02-04,142.653263,142.939069,142.652522,142.724173,4426488.000000
2019-02-05,140.881241,141.170657,140.821773,140.933027,2200399.000000
2019-02-06,142.590189,142.650889,142.559563,142.594571,2279464.000000
2019-02-07,144.203300,144.206581,144.161930,144.191627,4939434.000000
2019-02-08,143.914859,143.944765,143.852560,143.934251,2609363.000000
2019-02-11,144.050357,144.101975,143.977014,143.982085,544362.000000
2019-02-12,144.603583,144.817118,144.580413,144.635765,3204672.000000
2019-02-13,142.764250,142.838472,142.559127,142.621176,1510796.000000
2019-02-14,142.708853,142.965273,142.662685,142.802888,2565750.000000
2019-02-15,143.818330,144.022149,143.807684,143.957753,2250060.000000
2019-02-18,145.534740,145.656836,145.473127,145.520956,3987544.000000
2019-02-19,144.151431,144.321255,144.089190,144.259733,1704253.000000
2019-02-20,142.848414,142.883378,142.828378,142.860222,2962915.000000
2019-02-21,146.584605,146.585029,146.474046,146.582208,3529474.000000
2019-02-22,147.361430,147.403209,147.318822,147.359784,1067907.000000
2019-02-25,147.640749,147.721363,147.591963,147.638626,1274535.000000
2019-02-26,147.539145,147.583483,147.423954,147.562206,4110902.000000
2019-02-27,146.378649,146.517664,146.212280,146.449221,671545.000000
2019-02-28,147.173652,147.263759,147.166796,147.246222,1922579.000000
2019-03-01,149.662983,149.830110,149.543707,149.595268,1006451.000000
2019-03-04,150.706091,150.902343,150.546168,150.665824,978223.000000
2019-03-05,152.556406,152.764203,152.528710,152.598202,1910500.000000
2019-03-06,152.714366,152.986475,152.694670,152.706481,2043902.000000
2019-03-07,153.068608,153.163928,152.951059,153.057025,2613406.000000
2019-03-08,151.173063,151.199441,151.027197,151.081005,4969385.000000
2019-03-11,152.721437,152.869134,152.625162,152.814294,3525591.000000
2019-03-12,153.972734,154.159795,153.918577,154.106853,3256829.000000
2019-03-13,152.771492,152.899501,152.691015,152.889048,3125667.000000
2019-03-14,152.313012,152.340920,152.130804,152.254596,2660771.000000
2019-03-15,152.480350,152.665925,152.452866,152.455678,2762346.000000
2019-03-18,154.800649,154.917655,154.505719,154.883730,4328454.000000
2019-03-19,154.285958,154.509231,154.180130,154.408052,2092230.000000
2019-03-20,155.334541,155.539749,155.236473,155.282672,2211137.000000
2019-03-21,154.830042,154.864787,154.794931,154.812391,2632752.000000
2019-03-22,156.077686,156.460294,156.011694,156.247606,1045102.000000
2019-03-25,154.647354,154.854710,154.646909,154.669270,1320628.000000
2019-03-26,155.356662,155.388320,155.182102,155.324560,4137477.000000
2019-03-27,155.366697,155.595692,155.332961,155.359057,3682482.000000
2019-03-28,155.740386,156.016920,155.578341,155.874622,2097118.000000
2019-03-29,156.791887,157.014971,156.631711,156.696638,3628170.000000
2019-04-01,156.922027,157.077525,156.528889,156.687125,2319198.000000
2019-04-02,155.083888,155.288455,155.072353,155.153771,3893200.000000
2019-04-03,153.900019,154.041378,153.641504,154.000426,4588648.000000
2019-04-04,151.265258,151.388577,151.149487,151.365250,3438444.000000
2019-04-05,151.296247,151.500604,151.142293,151.309672,3033646.000000
2019-04-08,151.988499,152.120374,151.870850,151.959786,4434897.000000
2019-04-09,154.858544,155.033729,154.856067,154.914011,2229283.000000
2019-04-10,158.357134,158.730562,158.179833,158.409099,3133428.000000
2019-04-11,158.795556,158.952448,158.639604,158.949755,1396335.000000
2019-04-12,159.617114,159.659357,159.532427,159.596349,3706943.000000
2019-04-15,158.346407,158.464101,158.201109,158.383461,3039851.000000
2019-04-16,158.605771,158.822289,158.429187,158.535397,1396560.000000
2019-04-17,159.202345,159.260308,159.159810,159.211834,4942592.000000
2019-04-18,160.645630,160.778098,160.467605,160.720725,4817995.000000
2019-04-19,162.416759,162.485478,162.180934,162.313923,4945914.000000
2019-04-22,163.203802,163.333054,163.101900,163.211618,3240159.000000
2019-04-23,161.148656,161.367778,161.068835,161.311932,3343000.000000
2019-04-24,160.113491,160.330387,160.040462,160.179611,2958563.000000
2019-04-25,160.685974,160.763580,160.644468,160.707950,2853287.000000
2019-04-26,161.632597,161.717874,161.385135,161.654839,720917.000000
2019-04-29,159.221534,159.290310,159.042736,159.184359,1117377.000000
2019-04-30,158.767672,158.830101,158.685418,158.828151,1139375.000000
2019-05-01,158.757347,159.078189,158.750541,158.954529,1946965.000000
2019-05-02,158.007442,158.151967,157.848690,158.025108,3974248.000000
2019-05-03,157.411041,157.592683,157.300063,157.431180,3071202.000000
2019-05-06,158.479252,158.668706,158.390308,158.661464,3143596.000000
2019-05-07,161.396181,161.539793,161.370323,161.465845,3072234.000000
2019-05-08,163.104182,163.183802,162.872441,162.962288,1191666.000000
2019-05-09,163.387443,163.426417,163.261083,163.337722,3231670.000000
2019-05-10,165.189167,165.277000,165.158934,165.219540,1125218.000000
2019-05-13,164.558384,164.601955,164.366941,164.416169,1569379.000000
2019-05-14,162.170460,162.499005,162.126104,162.234656,2021501.000000
2019-05-15,162.712225,162.749000,162.418629,162.563509,2380896.000000
2019-05-16,164.055886,164.138870,163.997339,164.077664,718599.000000
2019-05-17,163.659203,163.725065,163.433362,163.497097,3032638.000000
2019-05-20,162.111176,162.321170,162.006034,162.095717,1750404.000000
2019-05-21,161.394910,161.627109,161.294527,161.529916,3308755.000000
2019-05-22,161.628888,161.723047,161.562762,161.613420,553685.000000
2019-05-23,161.101496,161.193217,160.887615,161.168645,2532735.000000
2019-05-24,158.944140,158.987099,158.706715,158.936576,4456435.000000
2019-05-27,159.271026,159.363432,159.208835,159.292032,4515634.000000
2019-05-28,159.451458,159.584467,159.372879,159.425544,3057048.000000
2019-05-29,160.035048,160.588463,160.028716,160.170800,4620571.000000
2019-05-30,161.448790,161.617696,161.343160,161.568242,2151760.000000
2019-05-31,164.862961,164.950524,164.638223,164.929533,1926377.000000
2019-06-03,166.859831,166.917743,166.772240,166.830494,3941746.000000
2019-06-04,167.855379,167.857046,167.713685,167.726805,952438.000000
2019-06-05,169.923348,170.051882,169.775068,169.975858,3869273.000000
2019-06-06,165.447415,165.691024,165.340391,165.624729,3535200.000000
2019-06-07,166.411773,166.441742,166.081394,166.325972,4833876.000000
2019-06-10,165.225545,165.354721,165.136104,165.161848,3433374.000000
2019-06-11,164.023231,164.139750,163.739958,163.875626,3259048.000000
2019-06-12,163.443567,163.559689,163.373257,163.532011,3489695.000000
2019-06-13,164.846407,164.905235,164.787167,164.832875,4540718.000000
2019-06-14,164.516512,164.520123,164.421400,164.440839,2338941.000000
2019-06-17,161.457652,161.513178,161.283296,161.289583,938253.000000
2019-06-18,158.559295,158.826339,158.384708,158.701434,530789.000000
2019-06-19,159.037378,159.067594,158.995451,159.066115,4857821.000000
2019-06-20,160.071153,160.119493,160.039186,160.111362,2575606.000000
2019-06-21,162.677700,162.700707,162.452857,162.600108,4029467.000000
2019-06-24,163.546239,163.560545,163.400529,163.448812,3969070.000000
2019-06-25,160.850525,160.886085,160.691980,160.873745,3152817.000000
2019-06-26,160.553431,160.785644,160.449630,160.570370,3344426.000000
2019-06-27,162.205677,162.288428,162.026711,162.247407,2005408.000000
2019-06-28,160.708878,160.802328,160.511934,160.636895,765928.000000
2019-07-01,157.398611,157.458742,157.208388,157.416755,4434288.000000
2019-07-02,157.611495,157.921704,157.565446,157.765708,2867280.000000
2019-07-03,158.613294,158.696907,158.524724,158.680047,4834789.000000
2019-07-04,159.751818,159.979355,159.513684,159.624020,4994591.000000
2019-07-05,156.728914,156.811188,156.598513,156.756705,578992.000000
2019-07-08,157.914267,157.993296,157.653521,157.755948,2765827.000000
2019-07-09,157.254483,157.323854,157.148650,157.243823,1383349.000000
2019-07-10,157.212100,157.242061,157.158499,157.188942,4104360.000000
2019-07-11,158.710950,158.777287,158.384400,158.537726,2919472.000000
2019-07-12,158.412761,158.421240,158.274455,158.290381,4765290.000000
2019-07-15,156.258032,156.330240,156.195165,156.243275,3483938.000000
2019-07-16,156.170589,156.276012,156.009785,156.145157,4047268.000000
2019-07-17,156.932991,157.114418,156.792471,156.891753,3052795.000000
2019-07-18,157.984169,158.082665,157.693734,157.903194,1382583.000000
2019-07-19,158.722372,158.927228,158.635464,158.733612,3901153.000000
2019-07-22,161.561471,161.739667,161.521290,161.579336,4786247.000000
2019-07-23,162.582041,162.709732,162.481100,162.577647,1480010.000000
2019-07-24,163.350028,163.539784,163.193812,163.480321,3594093.000000
2019-07-25,164.220827,164.344172,164.189576,164.330783,1259269.000000
2019-07-26,165.068143,165.116762,164.965305,165.010860,2912929.000000
2019-07-29,164.743427,164.804322,164.686255,164.748665,3149174.000000
2019-07-30,164.146758,164.193696,164.079173,164.188178,4180473.000000
2019-07-31,166.240321,166.241756,166.068306,166.192985,2961188.000000
2019-08-01,165.117620,165.215180,165.056978,165.076634,3613149.000000
2019-08-02,163.102321,163.252757,162.695496,162.915114,1263543.000000
2019-08-05,164.440834,164.715859,164.436903,164.537338,2603426.000000
2019-08-06,163.749806,163.795680,163.504333,163.559857,512543.000000
2019-08-07,161.830583,162.040412,161.767590,161.955852,3380941.000000
2019-08-08,162.965338,163.075911,162.942816,163.074203,2959092.000000
2019-08-09,163.104834,163.237632,162.969100,163.121225,3476758.000000
2019-08-12,163.874455,163.938921,163.763896,163.902269,3103974.000000
2019-08-13,162.477221,162.496411,162.442472,162.488769,4373950.000000
2019-08-14,162.208351,162.404390,162.039954,162.362904,1628451.000000
2019-08-15,163.578172,163.682064,163.548240,163.610971,3564838.000000
2019-08-16,161.958246,162.142398,161.879798,161.898455,1140160.000000
2019-08-19,159.350565,159.643331,159.339447,159.417390,4734658.000000
2019-08-20,156.407602,156.507569,156.366557,156.488680,2615596.000000
2019-08-21,160.158578,160.212339,160.058521,160.170988,3204040.000000
2019-08-22,159.593935,159.776583,159.422146,159.453444,4809177.000000
2019-08-23,160.693185,160.724006,160.505671,160.617861,4818824.000000
2019-08-26,162.642533,162.746501,162.475539,162.585531,4849802.000000
2019-08-27,161.516987,161.543914,161.234106,161.429138,2916374.000000
2019-08-28,160.771095,161.144481,160.734131,160.821284,2151863.000000
2019-08-29,160.195621,160.359790,160.070989,160.310287,611371.000000
2019-08-30,160.913503,160.935991,160.719768,160.840469,4812878.000000
2019-09-02,160.367711,160.798356,160.244706,160.470621,2475819.000000
2019-09-03,160.833789,160.984988,160.722287,160.977311,2119713.000000
2019-09-04,157.836052,158.017569,157.708901,157.836908,1861243.000000
2019-09-05,158.606431,158.622437,158.472469,158.489308,2713093.000000
2019-09-06,160.811138,160.867132,160.595993,160.750419,3375941.000000
2019-09-09,159.960214,160.216129,159.930727,160.080061,944155.000000
2019-09-10,159.911586,159.964744,159.763150,159.876969,2362895.000000
2019-09-11,157.861199,158.006783,157.716235,157.722754,3642456.000000
2019-09-12,157.679675,157.766032,157.639265,157.750551,3552227.000000
2019-09-13,157.583266,157.607216,157.536358,157.548938,542482.000000
2019-09-16,156.359783,156.428499,156.257113,156.419817,1286571.000000
2019-09-17,155.755094,155.830348,155.635398,155.798112,504078.000000
2019-09-18,154.234860,154.354929,154.088846,154.289911,1695143.000000
2019-09-19,155.658597,155.681750,155.512178,155.528887,1008712.000000
2019-09-20,155.033296,155.148707,154.991526,155.121511,1061477.000000
2019-09-23,153.982150,154.156612,153.788615,153.795702,1602826.000000
2019-09-24,153.318671,153.424024,153.192735,153.395271,1032323.000000
2019-09-25,150.823920,150.966817,150.757731,150.823009,3575093.000000
2019-09-26,149.774899,149.944498,149.506773,149.806186,2063621.000000
2019-09-27,150.118478,150.143009,149.774616,150.061644,574550.000000
2019-09-30,149.639462,149.873182,149.634587,149.773492,3820547.000000
2019-10-01,149.347136,149.461415,149.297578,149.363309,2455568.000000
2019-10-02,150.738166,150.786465,150.730909,150.784417,3177363.000000
2019-10-03,149.554196,149.600498,149.524688,149.571924,4281013.000000
2019-10-04,150.289327,150.519160,150.181463,150.320111,3778348.000000
2019-10-07,150.421781,150.578385,150.277857,150.347565,3411838.000000
2019-10-08,151.304321,151.629101,151.153966,151.241323,590154.000000
2019-10-09,150.400727,150.527963,150.388790,150.394598,996521.000000
2019-10-10,153.514161,153.677268,153.417243,153.458069,4512568.000000
2019-10-11,153.057001,153.123276,152.970876,153.067575,3830252.000000
2019-10-14,152.840819,153.094253,152.837392,152.865702,2985924.000000
2019-10-15,152.401171,152.770820,152.341155,152.537321,4526340.000000
2019-10-16,156.204751,156.215785,155.923790,156.081625,1145807.000000
2019-10-17,156.526377,156.756989,156.363722,156.611691,2422076.000000
2019-10-18,156.295920,156.579811,156.280412,156.364215,809708.000000
2019-10-21,157.947194,158.088061,157.922999,157.925856,4373387.000000
2019-10-22,159.011228,159.250899,159.007294,159.045662,1470099.000000
2019-10-23,158.179970,158.389100,158.100336,158.292169,4320156.000000
2019-10-24,159.511615,159.538750,159.508254,159.535897,3777050.000000
2019-10-25,158.725266,158.870286,158.690099,158.788601,3371030.000000
2019-10-28,158.001495,158.066616,157.852738,158.061918,1431190.000000
2019-10-29,159.291816,159.423359,159.239264,159.349700,4568386.000000
2019-10-30,156.664467,156.700536,156.474648,156.592161,635646.000000
2019-10-31,155.592107,155.599032,155.459153,155.528905,3606857.000000
2019-11-01,155.592051,155.694083,155.459169,155.570055,4100523.000000
2019-11-04,157.719210,157.931337,157.421830,157.575858,4304274.000000
2019-11-05,158.763766,158.818387,158.373552,158.799671,3607502.000000
2019-11-06,158.150730,158.246411,158.072030,158.088659,651685.000000
2019-11-07,158.769323,158.874352,158.610236,158.847398,1196488.000000
2019-11-08,157.895266,158.023708,157.882695,157.933442,4892772.000000
2019-11-11,158.461129,158.557722,158.380471,158.551078,2518834.000000
2019-11-12,160.220153,160.291572,160.216736,160.269659,4159292.000000
2019-11-13,161.062976,161.263616,161.040696,161.196405,4604557.000000
2019-11-14,160.627352,160.889257,160.523059,160.567365,2700416.000000
2019-11-15,161.735441,161.742370,161.495660,161.598919,1723158.000000
2019-11-18,163.456167,163.698159,163.257893,163.292557,2234918.000000
2019-11-19,165.776138,165.790125,165.649464,165.692091,618536.000000
2019-11-20,163.996413,164.254582,163.859807,163.974429,3413866.000000
2019-11-21,164.864231,164.930318,164.808413,164.870054,2567854.000000
2019-11-22,164.821562,164.890093,164.775814,164.860789,667596.000000
2019-11-25,163.812005,163.862553,163.732153,163.816233,618454.000000
2019-11-26,163.928084,164.139119,163.793024,163.938509,2990979.000000
2019-11-27,161.752644,161.872101,161.611952,161.663660,3370671.000000
2019-11-28,159.652255,159.797938,159.401598,159.662523,1122945.000000
2019-11-29,158.253437,158.403510,157.892719,158.217251,3631478.000000
2019-12-02,155.612451,155.716219,155.299552,155.649843,1279357.000000
2019-12-03,157.053248,157.089507,156.852923,156.924613,4310544.000000
2019-12-04,158.157643,158.314536,158.095058,158.139397,2790502.000000
2019-12-05,159.451256,159.621073,159.306416,159.364625,2163293.000000
2019-12-06,157.511698,157.534735,157.393440,157.463171,2102953.000000
2019-12-09,155.147957,155.539515,154.977853,155.277099,3781996.000000
2019-12-10,154.559444,154.754512,154.474682,154.713493,1403242.000000
2019-12-11,153.735783,153.981646,153.569157,153.705466,1623456.000000
2019-12-12,154.609117,154.811636,154.384098,154.451137,4818861.000000
2019-12-13,155.228926,155.444513,155.205964,155.356351,789087.000000
2019-12-16,157.353206,157.422984,157.186192,157.374548,3134106.000000
2019-12-17,157.500881,157.657290,157.422228,157.445592,4654825.000000
2019-12-18,156.805645,156.828418,156.479239,156.769346,1135913.000000
2019-12-19,156.160142,156.338724,156.130268,156.278319,2002388.000000
