date,open,high,low,close,volume
2010-01-01,99.645665,99.668372,99.537288,99.588148,2892864.000000
2010-01-04,101.052574,101.074190,101.051723,101.054377,1176924.000000
2010-01-05,101.591051,101.679471,101.537392,101.539626,1153581.000000
2010-01-06,101.418981,101.437513,101.399541,101.430523,4639918.000000
2010-01-07,103.641255,103.664884,103.476555,103.536705,1986400.000000
2010-01-08,103.052093,103.118539,102.974648,103.058865,2513463.000000
2010-01-11,101.525608,101.629490,101.478069,101.561996,4148216.000000
2010-01-12,100.835560,100.907755,100.765979,100.791946,1281331.000000
2010-01-13,101.303526,101.374561,101.289746,101.323099,2306933.000000
2010-01-14,103.898279,103.951165,103.756401,103.862257,2108390.000000
2010-01-15,102.116452,102.200976,102.047758,102.109669,2186231.000000
2010-01-18,101.672310,101.757552,101.616152,101.632741,4896516.000000
2010-01-19,101.138912,101.239503,101.036289,101.167102,4453834.000000
2010-01-20,101.204818,101.359998,101.181960,101.291861,3546011.000000
2010-01-21,102.885474,103.001098,102.811205,102.827776,2414033.000000
2010-01-22,100.816152,100.886724,100.782679,100.872013,2490261.000000
2010-01-25,102.146638,102.152398,101.828792,102.043415,3643605.000000
2010-01-26,102.065448,102.215735,102.038897,102.094720,1001497.000000
2010-01-27,102.098641,102.198263,101.981701,102.069678,2385313.000000
2010-01-28,103.381533,103.457437,103.245111,103.414586,4410242.000000
2010-01-29,104.354778,104.518647,104.311517,104.327647,4946657.000000
2010-02-01,104.784670,104.805704,104.693407,104.782290,3251200.000000
2010-02-02,103.971127,104.007766,103.755635,103.881312,4911728.000000
2010-02-03,104.904537,105.022688,104.813814,104.879152,3268763.000000
2010-02-04,105.236935,105.369727,105.138905,105.277247,4996498.000000
2010-02-05,105.666516,105.849146,105.661032,105.758804,712144.000000
2010-02-08,106.062208,106.128147,105.972502,106.102322,767897.000000
2010-02-09,106.767252,106.841112,106.757036,106.817315,4934198.000000
2010-02-10,106.899044,106.938654,106.731526,106.848520,1925700.000000
2010-02-11,106.542117,106.658146,106.530366,106.606189,2531042.000000
2010-02-12,106.663186,106.782470,106.533004,106.580470,2736610.000000
2010-02-15,107.003046,107.062296,106.997137,107.035960,4494462.000000
2010-02-16,108.039447,108.117866,107.814611,108.001575,4672075.000000
2010-02-17,107.067174,107.114895,106.945051,107.006831,2316691.000000
2010-02-18,105.098942,105.214702,105.088322,105.149600,750398.000000
2010-02-19,103.170287,103.283254,103.121804,103.237799,4602334.000000
2010-02-22,103.143680,103.147709,103.105984,103.139438,1514051.000000
2010-02-23,102.700057,102.795293,102.614700,102.658852,4319315.000000
2010-02-24,102.099704,102.116897,102.042187,102.062769,4151465.000000
2010-02-25,101.836108,101.838151,101.731345,101.773720,1441357.000000
2010-02-26,103.341811,103.372500,103.285156,103.337660,3022306.000000
2010-03-01,102.884567,102.943834,102.814422,102.914760,2045561.000000
2010-03-02,103.275420,103.354986,103.156595,103.231634,1495728.000000
2010-03-03,104.223377,104.267082,104.177567,104.259677,2941677.000000
2010-03-04,103.378645,103.490787,103.245569,103.408621,4889812.000000
2010-03-05,103.456383,103.499405,103.400695,103.496501,4681914.000000
2010-03-08,104.295585,104.311159,104.197744,104.302458,3548628.000000
2010-03-09,104.374284,104.437685,104.270953,104.313275,4617607.000000
2010-03-10,104.961278,105.100774,104.934082,105.018113,3046530.000000
2010-03-11,103.399105,103.616772,103.351539,103.488607,2047086.000000
2010-03-12,102.668986,102.699512,102.612374,102.662539,1908774.000000
2010-03-15,100.964248,100.982497,100.893588,100.911583,671797.000000
2010-03-16,101.558414,101.667794,101.419622,101.525001,4601669.000000
2010-03-17,101.499696,101.536276,101.332995,101.505287,2724557.000000
2010-03-18,102.057107,102.063507,101.988525,101.992346,2817832.000000
2010-03-19,103.121441,103.239619,103.073520,103.184664,2563718.000000
2010-03-22,102.423955,102.524439,102.405950,102.422352,2027119.000000
2010-03-23,101.657075,101.686913,101.474777,101.655384,3769449.000000
2010-03-24,99.353717,99.456856,99.299758,99.410472,2945219.000000
2010-03-25,98.153599,98.240802,98.084639,98.221263,2171855.000000
2010-03-26,98.393747,98.401655,98.331140,98.348487,4315698.000000
2010-03-29,98.718316,98.798527,98.644183,98.726100,2154661.000000
2010-03-30,98.965285,99.125504,98.795233,98.797862,1937698.000000
2010-03-31,99.251169,99.333912,99.229863,99.314892,4484033.000000
2010-04-01,98.386972,98.437945,98.283222,98.336001,1589615.000000
2010-04-02,97.992199,98.026546,97.921881,97.931986,743894.000000
2010-04-05,97.191395,97.227391,97.053702,97.139311,3545243.000000
2010-04-06,97.654575,97.803547,97.548711,97.610464,1630668.000000
2010-04-07,98.624980,98.756309,98.476687,98.569511,3178055.000000
2010-04-08,97.892054,98.081274,97.888391,97.942994,4733820.000000
2010-04-09,97.858326,97.880351,97.793358,97.820105,4358486.000000
2010-04-12,97.491206,97.562323,97.479817,97.539370,2973621.000000
2010-04-13,97.769328,97.798771,97.727175,97.768321,2418305.000000
2010-04-14,97.684144,97.698992,97.587847,97.642179,3568861.000000
2010-04-15,98.409247,98.472479,98.358469,98.394535,1533059.000000
2010-04-16,99.530917,99.597936,99.457226,99.521366,3778975.000000
2010-04-19,99.777083,99.899551,99.744551,99.758087,3930070.000000
2010-04-20,101.323653,101.450691,101.260612,101.369671,4560238.000000
2010-04-21,101.090679,101.142660,100.933193,101.050390,1624240.000000
2010-04-22,102.044840,102.151324,101.912564,102.004119,4192360.000000
2010-04-23,100.708519,100.747741,100.591763,100.677882,3578816.000000
2010-04-26,100.896398,100.925633,100.817389,100.899807,3741036.000000
2010-04-27,101.279670,101.357384,101.173895,101.278874,3914233.000000
2010-04-28,100.832856,100.866001,100.803457,100.845271,2267983.000000
2010-04-29,100.939368,100.956378,100.770531,100.820340,4853661.000000
2010-04-30,101.092767,101.187327,101.056430,101.185446,1035664.000000
2010-05-03,101.269366,101.435725,101.086242,101.192896,1343823.000000
2010-05-04,101.607520,101.654605,101.566681,101.644501,4201321.000000
2010-05-05,101.265251,101.361674,101.171289,101.305814,4043125.000000
2010-05-06,102.521189,102.572341,102.397700,102.441794,1290550.000000
2010-05-07,102.458810,102.496058,102.342795,102.402278,899136.000000
2010-05-10,104.003374,104.078531,103.782009,103.925824,4942150.000000
2010-05-11,102.563081,102.676736,102.518057,102.638328,2289786.000000
2010-05-12,104.550917,104.608708,104.510858,104.555661,1100189.000000
2010-05-13,104.354926,104.401113,104.296162,104.360151,1443685.000000
2010-05-14,103.591995,103.725662,103.554892,103.591853,1313305.000000
2010-05-17,102.515495,102.602359,102.463089,102.545630,4019658.000000
2010-05-18,101.293894,101.300784,101.222973,101.235086,4525773.000000
2010-05-19,101.756392,101.900977,101.747168,101.832232,1091691.000000
2010-05-20,102.995490,103.041402,102.954216,103.031132,692182.000000
2010-05-21,104.460569,104.554550,104.371010,104.435168,2124032.000000
2010-05-24,104.611498,104.806812,104.583991,104.584058,2631239.000000
2010-05-25,105.378734,105.586243,105.343034,105.401007,2958048.000000
2010-05-26,105.101477,105.127069,105.057987,105.085313,3892815.000000
2010-05-27,103.945940,104.002453,103.908449,103.963580,3925947.000000
2010-05-28,100.597857,100.636460,100.536884,100.608379,1375279.000000
2010-05-31,99.911044,100.110628,99.854141,100.004632,1409164.000000
2010-06-01,100.855403,100.865167,100.777863,100.839900,3296422.000000
2010-06-02,101.877575,101.944182,101.856471,101.860743,3649363.000000
2010-06-03,102.491444,102.564591,102.414152,102.497645,3396651.000000
2010-06-04,103.469439,103.485812,103.422259,103.450389,3631212.000000
2010-06-07,103.244583,103.279805,103.203259,103.261140,554894.000000
2010-06-08,103.571261,103.640817,103.515649,103.573511,3226710.000000
2010-06-09,103.361778,103.415434,103.353690,103.395421,2589888.000000
2010-06-10,101.850679,102.035120,101.838818,101.864858,2737012.000000
2010-06-11,100.291867,100.384729,100.213561,100.215985,4853687.000000
2010-06-14,101.458911,101.540527,101.437364,101.496580,3152103.000000
2010-06-15,101.937362,102.002495,101.862226,101.931529,1562683.000000
2010-06-16,102.015826,102.067427,101.934752,101.993239,990369.000000
2010-06-17,101.103113,101.304701,100.951520,101.249561,4034687.000000
2010-06-18,101.519426,101.634255,101.460365,101.568106,4507662.000000
2010-06-21,102.618409,102.636646,102.563118,102.581901,3174650.000000
2010-06-22,102.091113,102.188052,102.036317,102.142028,4437823.000000
2010-06-23,102.830185,102.882437,102.779373,102.844564,1703430.000000
2010-06-24,102.588497,102.755722,102.567068,102.655691,1145012.000000
2010-06-25,100.954224,101.023993,100.853243,100.931935,4727046.000000
2010-06-28,100.793312,100.960213,100.740776,100.856705,3794892.000000
2010-06-29,99.527984,99.674065,99.432605,99.561355,3288056.000000
2010-06-30,99.122837,99.170394,99.069513,99.086588,2067673.000000
2010-07-01,98.933070,99.026988,98.743015,98.899938,1550908.000000
2010-07-02,98.395617,98.479632,98.196735,98.328473,3884748.000000
2010-07-05,99.146384,99.150761,99.144661,99.145943,3300079.000000
2010-07-06,99.429630,99.534946,99.298549,99.444834,1469574.000000
2010-07-07,100.513876,100.578602,100.391424,100.460665,2157704.000000
2010-07-08,101.293346,101.326739,101.175822,101.307818,2562506.000000
2010-07-09,100.551851,100.607750,100.454098,100.568072,3286362.000000
2010-07-12,100.616102,100.717824,100.602250,100.613704,1313024.000000
2010-07-13,99.404264,99.439442,99.363116,99.406309,878344.000000
2010-07-14,98.363604,98.378225,98.272749,98.314382,2303131.000000
2010-07-15,99.568257,99.603126,99.534776,99.574754,3088598.000000
2010-07-16,100.105914,100.268202,100.078148,100.158894,3554557.000000
2010-07-19,100.858015,100.947580,100.857875,100.943602,4964299.000000
2010-07-20,100.592718,100.694522,100.502555,100.671456,3435082.000000
2010-07-21,101.136866,101.140377,101.042704,101.084374,1178000.000000
2010-07-22,99.891983,100.049367,99.829177,99.966393,4522777.000000
2010-07-23,99.115821,99.142725,99.080407,99.127261,3236111.000000
2010-07-26,100.818949,100.874770,100.755666,100.849188,1255224.000000
2010-07-27,102.180060,102.184863,102.107095,102.149050,2388786.000000
2010-07-28,102.202868,102.236066,102.083190,102.129320,1847503.000000
2010-07-29,102.232904,102.449464,102.190886,102.251034,2158960.000000
2010-07-30,101.332882,101.449409,101.235575,101.442350,1280734.000000
2010-08-02,100.945856,101.018612,100.902072,101.011988,3007577.000000
2010-08-03,102.962716,102.991444,102.889659,102.919548,1767558.000000
2010-08-04,101.995051,102.077140,101.891614,101.920060,4491005.000000
2010-08-05,100.356337,100.408639,100.323884,100.382565,954134.000000
2010-08-06,102.668297,102.910472,102.494043,102.775380,2789647.000000
2010-08-09,101.965471,102.066197,101.892130,101.943491,3348096.000000
2010-08-10,101.275917,101.392132,101.165465,101.295422,3255374.000000
2010-08-11,103.834296,103.969285,103.802214,103.857640,3447230.000000
2010-08-12,104.661334,104.737673,104.647642,104.678621,4349988.000000
2010-08-13,104.256390,104.278663,104.207164,104.263418,2171112.000000
2010-08-16,103.358079,103.460344,103.278239,103.374749,3753337.000000
2010-08-17,102.318382,102.380648,102.242519,102.378489,569155.000000
2010-08-18,102.712901,102.818451,102.681019,102.800981,832962.000000
2010-08-19,101.126002,101.184207,101.041068,101.157573,4602721.000000
2010-08-20,102.749887,102.777763,102.497148,102.642042,2575190.000000
2010-08-23,103.676848,103.715625,103.604155,103.661841,786382.000000
2010-08-24,102.758582,102.844476,102.592362,102.712077,1736508.000000
2010-08-25,102.201248,102.260258,101.989385,102.119765,4415082.000000
2010-08-26,105.482867,105.584693,105.411101,105.521661,3226570.000000
2010-08-27,105.176263,105.214957,105.116095,105.204831,1168935.000000
2010-08-30,104.765537,104.854962,104.613007,104.735328,3785635.000000
2010-08-31,103.960583,104.097345,103.919845,104.085758,1245845.000000
2010-09-01,102.697192,102.791513,102.662383,102.739854,3454722.000000
2010-09-02,101.080225,101.144752,101.022985,101.074806,3684720.000000
2010-09-03,98.829984,98.890461,98.813450,98.879395,4099948.000000
2010-09-06,98.368668,98.399724,98.264642,98.388375,4172224.000000
2010-09-07,97.623472,97.679770,97.563502,97.672404,2345990.000000
2010-09-08,98.444361,98.517789,98.307267,98.506578,4258087.000000
2010-09-09,98.220511,98.258655,98.106534,98.189917,2913445.000000
2010-09-10,97.865990,98.065365,97.849758,97.926324,1312906.000000
2010-09-13,99.135222,99.164634,99.010325,99.150691,2068005.000000
2010-09-14,99.651671,99.665372,99.510103,99.597679,2603163.000000
2010-09-15,98.272783,98.348609,98.240744,98.243361,3460648.000000
2010-09-16,99.926223,99.998580,99.847167,99.910103,2174345.000000
2010-09-17,98.552648,98.562007,98.412070,98.520241,3173238.000000
2010-09-20,98.876992,98.902567,98.849914,98.899562,1874374.000000
2010-09-21,98.733290,98.926051,98.722682,98.834169,3727027.000000
2010-09-22,97.107755,97.112734,96.969859,97.089721,3633997.000000
2010-09-23,98.223112,98.286162,98.102326,98.233843,3778315.000000
2010-09-24,99.490776,99.531540,99.309682,99.434403,1301987.000000
2010-09-27,98.618889,98.705641,98.605525,98.615342,4218587.000000
2010-09-28,98.939433,98.959513,98.748236,98.896723,3329303.000000
2010-09-29,101.422387,101.480372,101.332097,101.371953,1484595.000000
2010-09-30,102.094407,102.167089,102.084204,102.101732,1726531.000000
2010-10-01,102.730632,102.797288,102.522397,102.746233,4112372.000000
2010-10-04,102.886110,103.043833,102.818271,102.929190,2390702.000000
2010-10-05,101.161758,101.186928,101.087099,101.097392,3240683.000000
2010-10-06,100.041219,100.154035,99.992161,100.117077,1576237.000000
2010-10-07,101.288974,101.441281,101.225844,101.262666,2206605.000000
2010-10-08,101.760999,101.777044,101.730526,101.763080,3676471.000000
2010-10-11,103.971968,103.983959,103.922068,103.962746,653499.000000
2010-10-12,102.376645,102.462321,102.295467,102.386412,1506545.000000
2010-10-13,103.409003,103.457351,103.186538,103.353282,2147506.000000
2010-10-14,103.261572,103.309611,103.241995,103.285941,646463.000000
2010-10-15,104.878982,105.023751,104.819402,104.954972,1364111.000000
2010-10-18,104.364259,104.442775,104.362899,104.385474,607885.000000
2010-10-19,105.321897,105.373200,105.293535,105.366403,1992599.000000
2010-10-20,104.947624,104.998279,104.945385,104.991332,3278061.000000
2010-10-21,104.928209,105.061395,104.858605,105.001100,2572988.000000
2010-10-22,106.712621,106.715967,106.613372,106.696636,3182662.000000
2010-10-25,106.448639,106.684542,106.359003,106.451939,3472220.000000
2010-10-26,105.624442,105.703767,105.550293,105.651611,3600199.000000
2010-10-27,105.280065,105.349188,105.271690,105.314222,575748.000000
2010-10-28,103.188968,103.199091,103.178262,103.189635,4310351.000000
2010-10-29,104.130679,104.334989,104.056019,104.111176,4232155.000000
2010-11-01,104.223224,104.299382,104.089731,104.233781,2560091.000000
2010-11-02,104.178047,104.238264,104.055505,104.158057,865987.000000
2010-11-03,104.588937,104.624401,104.567435,104.604025,3828239.000000
2010-11-04,103.903097,103.953131,103.882885,103.918275,2620853.000000
2010-11-05,103.654907,103.697416,103.497153,103.583169,3416867.000000
2010-11-08,104.754926,104.912325,104.592779,104.611956,4431984.000000
2010-11-09,103.849914,103.923351,103.803288,103.872203,1792574.000000
2010-11-10,104.765988,104.852622,104.753945,104.757589,4045681.000000
2010-11-11,102.442388,102.545779,102.411864,102.473904,3778583.000000
2010-11-12,100.688017,100.772944,100.582873,100.724402,4911584.000000
2010-11-15,97.831696,97.900041,97.684165,97.821162,4798406.000000
2010-11-16,96.185403,96.294902,96.143889,96.207418,1986219.000000
2010-11-17,95.299676,95.311158,95.282660,95.295851,560059.000000
2010-11-18,94.094331,94.160103,94.051050,94.118004,4119330.000000
2010-11-19,94.937846,95.045263,94.887704,94.978420,2623880.000000
2010-11-22,93.599813,93.774012,93.462837,93.679950,3154523.000000
2010-11-23,93.477218,93.560140,93.336803,93.517013,1422549.000000
2010-11-24,93.949346,93.985012,93.919407,93.970672,962618.000000
2010-11-25,92.988681,93.055945,92.953564,93.036826,689207.000000
2010-11-26,91.705890,91.726407,91.591355,91.668722,3055098.000000
2010-11-29,89.224088,89.285938,89.173237,89.284140,1077406.000000
2010-11-30,90.385200,90.543211,90.367278,90.391753,825661.000000
2010-12-01,89.684961,89.698776,89.579468,89.615616,1977190.000000
2010-12-02,88.635375,88.655121,88.481490,88.581096,705384.000000
2010-12-03,90.170817,90.176659,90.030764,90.169006,1958358.000000
2010-12-06,88.848267,88.874402,88.765841,88.818523,3588877.000000
2010-12-07,88.564715,88.628610,88.520896,88.536254,3574609.000000
2010-12-08,88.689626,88.783153,88.590204,88.658398,3562136.000000
2010-12-09,88.510522,88.545252,88.359491,88.522212,4640740.000000
2010-12-10,87.605970,87.650510,87.501849,87.590169,2983924.000000
2010-12-13,89.872135,89.899073,89.779598,89.881007,692860.000000
2010-12-14,89.282526,89.304623,89.242586,89.274854,1944934.000000
2010-12-15,89.614754,89.726932,89.586465,89.606366,2517909.000000
2010-12-16,88.862873,88.976396,88.847081,88.941047,1528456.000000
2010-12-17,89.688205,89.715355,89.633921,89.663806,4769735.000000
2010-12-20,88.392037,88.417244,88.337603,88.400732,4129742.000000
2010-12-21,88.298488,88.317459,88.253041,88.265012,4987087.000000
2010-12-22,88.392347,88.451060,88.307385,88.446044,1035828.000000
2010-12-23,89.482890,89.531420,89.386906,89.492080,2555181.000000
2010-12-24,88.640203,88.707941,88.532476,88.668344,948105.000000
2010-12-27,88.186867,88.353886,88.109988,88.185347,3281047.000000
2010-12-28,88.742104,88.754279,88.610030,88.742210,2815275.000000
2010-12-29,88.049067,88.107509,87.981048,88.032969,3982741.000000
2010-12-30,87.879843,87.910203,87.820897,87.878791,3130450.000000
2010-12-31,88.505140,88.695939,88.414819,88.538547,2905309.000000
2011-01-03,88.632106,88.762180,88.587454,88.623397,2901418.000000
2011-01-04,88.698658,88.780519,88.661739,88.754801,3624331.000000
2011-01-05,88.351732,88.465005,88.301598,88.436502,2248333.000000
2011-01-06,87.686059,87.711182,87.498784,87.668827,3223178.000000
2011-01-07,87.635451,87.734419,87.456799,87.582199,4563769.000000
2011-01-10,87.704723,87.777851,87.667002,87.698535,4283824.000000
2011-01-11,86.261685,86.311433,86.093270,86.208635,1389399.000000
2011-01-12,86.615847,86.615857,86.553593,86.584096,1427258.000000
2011-01-13,86.863445,86.933668,86.788948,86.924210,2989244.000000
2011-01-14,88.750925,88.823252,88.639604,88.713623,3012347.000000
2011-01-17,89.896841,89.936521,89.865884,89.931276,4757417.000000
2011-01-18,89.578420,89.724398,89.534773,89.624370,4735245.000000
2011-01-19,90.622037,90.680132,90.573445,90.579657,4820205.000000
2011-01-20,90.011819,90.150695,90.003062,90.013960,2747010.000000
2011-01-21,89.825902,89.949446,89.702160,89.925940,4745209.000000
2011-01-24,90.582586,90.741764,90.568831,90.631654,949172.000000
2011-01-25,90.733660,90.789273,90.733136,90.757797,4449587.000000
2011-01-26,90.179775,90.340021,90.057482,90.234317,3550759.000000
2011-01-27,89.430456,89.567342,89.414754,89.485481,623469.000000
2011-01-28,89.643861,89.803323,89.577958,89.676071,4005734.000000
2011-01-31,89.250299,89.267180,89.210813,89.227771,3691142.000000
2011-02-01,90.743602,90.809680,90.718176,90.767597,771379.000000
2011-02-02,91.942346,92.004408,91.921540,91.927627,4854225.000000
2011-02-03,92.350853,92.383446,92.310492,92.371089,1884197.000000
2011-02-04,91.599489,91.752775,91.542819,91.649250,3021387.000000
2011-02-07,91.218393,91.370555,91.181543,91.304451,4292220.000000
2011-02-08,92.015716,92.022096,91.953266,91.988820,4352368.000000
2011-02-09,91.156474,91.161238,91.055079,91.138207,4580212.000000
2011-02-10,90.512146,90.595347,90.441090,90.572487,3096385.000000
2011-02-11,90.380505,90.457455,90.349711,90.392856,3390829.000000
2011-02-14,90.064588,90.086551,90.016350,90.061532,4984813.000000
2011-02-15,91.099408,91.197157,91.013593,91.177940,1424300.000000
2011-02-16,93.190231,93.273070,93.110874,93.166851,2965050.000000
2011-02-17,92.990848,93.060452,92.920955,92.985602,867684.000000
2011-02-18,92.430882,92.475864,92.288385,92.410145,2393674.000000
2011-02-21,92.923622,92.951708,92.884222,92.946937,3584630.000000
2011-02-22,93.579726,93.628855,93.520396,93.551214,1939997.000000
2011-02-23,93.481652,93.598655,93.357423,93.496839,787065.000000
2011-02-24,92.664877,92.751731,92.502828,92.647729,2520336.000000
2011-02-25,92.810300,92.850108,92.689799,92.792582,1537816.000000
2011-02-28,93.197449,93.248313,93.065985,93.231887,1439503.000000
2011-03-01,93.867363,93.898423,93.854016,93.883687,4619988.000000
2011-03-02,93.949509,94.004132,93.946982,93.966830,1594772.000000
2011-03-03,94.470173,94.565992,94.246410,94.350190,2060662.000000
2011-03-04,95.086501,95.273294,94.932957,95.020365,1435111.000000
2011-03-07,96.453523,96.488924,96.383582,96.400736,1789911.000000
2011-03-08,96.194220,96.213305,96.045062,96.129849,3784316.000000
2011-03-09,96.439901,96.493447,96.352705,96.423094,4791724.000000
2011-03-10,96.465118,96.523896,96.448178,96.521184,3311616.000000
2011-03-11,96.707067,96.802938,96.616058,96.799739,4535239.000000
2011-03-14,96.930510,97.006751,96.848588,96.866461,2702298.000000
2011-03-15,96.141247,96.276025,96.080344,96.106521,4315419.000000
2011-03-16,95.538220,95.587167,95.419595,95.535651,598061.000000
2011-03-17,95.462152,95.487962,95.349153,95.445404,2765507.000000
2011-03-18,94.607543,94.719378,94.476220,94.572225,4502525.000000
2011-03-21,96.685194,96.786247,96.545824,96.675524,4088928.000000
2011-03-22,95.723242,95.831347,95.668754,95.788091,3693169.000000
2011-03-23,96.858798,96.930980,96.840509,96.911978,1424964.000000
2011-03-24,95.645556,95.757606,95.557439,95.656793,4843429.000000
2011-03-25,95.580259,95.676395,95.576208,95.640156,4104867.000000
2011-03-28,96.196576,96.316471,96.170174,96.286490,1496300.000000
2011-03-29,97.223618,97.390281,97.209230,97.261760,884130.000000
2011-03-30,98.668447,98.735388,98.598885,98.608572,600810.000000
2011-03-31,98.750123,98.925980,98.725893,98.877473,3624093.000000
2011-04-01,98.058272,98.128628,98.040805,98.068612,1453285.000000
2011-04-04,96.729597,96.745690,96.663497,96.691166,3569372.000000
2011-04-05,95.658315,95.660215,95.567092,95.641775,3983864.000000
2011-04-06,95.576259,95.714800,95.529058,95.637351,4236086.000000
2011-04-07,96.536050,96.574830,96.535863,96.565830,4045252.000000
2011-04-08,95.225243,95.294891,95.129106,95.208044,4516270.000000
2011-04-11,96.041490,96.085876,95.992903,96.077600,1336546.000000
2011-04-12,95.494871,95.581411,95.417829,95.421433,4505906.000000
2011-04-13,95.362596,95.399174,95.336984,95.386618,4358773.000000
2011-04-14,94.183889,94.209432,94.092571,94.201333,768902.000000
2011-04-15,94.640274,94.666544,94.573349,94.664430,527250.000000
2011-04-18,94.557421,94.642381,94.474962,94.566150,1788581.000000
2011-04-19,94.298574,94.338602,94.274917,94.293367,777782.000000
2011-04-20,94.770895,94.895146,94.719725,94.799406,4927238.000000
2011-04-21,94.197278,94.220149,94.145957,94.205269,2707975.000000
2011-04-22,94.627549,94.676347,94.593586,94.619793,4864311.000000
2011-04-25,94.130639,94.225875,94.126996,94.133595,2895825.000000
2011-04-26,95.446412,95.507132,95.293574,95.377615,3707946.000000
2011-04-27,95.676966,95.778501,95.659533,95.767678,2701422.000000
2011-04-28,93.685047,93.838037,93.586887,93.783248,604005.000000
2011-04-29,94.626993,94.699611,94.600627,94.632549,4778172.000000
2011-05-02,95.882787,96.061433,95.744125,95.794627,4177402.000000
2011-05-03,97.119733,97.155275,97.091259,97.093630,3110899.000000
2011-05-04,96.774076,96.866008,96.705735,96.722586,4091821.000000
2011-05-05,97.952038,97.987629,97.883792,97.937889,3010981.000000
2011-05-06,97.082231,97.219307,96.995390,97.129489,3478501.000000
2011-05-09,96.232736,96.453536,96.167235,96.318410,1235475.000000
2011-05-10,97.053037,97.199961,96.993997,97.101547,4220466.000000
2011-05-11,97.621972,97.718208,97.561041,97.708983,2565659.000000
2011-05-12,96.531891,96.725998,96.462360,96.584950,4097798.000000
2011-05-13,96.513108,96.532622,96.385541,96.526950,734873.000000
2011-05-16,95.658222,95.757133,95.525723,95.610429,4449716.000000
2011-05-17,94.035470,94.139481,93.965934,94.063373,1187674.000000
2011-05-18,93.916536,93.987038,93.845478,93.878507,740528.000000
2011-05-19,93.327477,93.341546,93.279968,93.297808,4521506.000000
2011-05-20,94.280601,94.296311,94.246241,94.265857,4832155.000000
2011-05-23,95.570143,95.717944,95.492627,95.620739,2132592.000000
2011-05-24,97.082481,97.121591,96.931304,97.095956,3124999.000000
2011-05-25,96.911363,96.975865,96.805735,96.892511,4179058.000000
2011-05-26,96.408667,96.524734,96.366544,96.518543,2720604.000000
2011-05-27,97.132901,97.155845,97.013014,97.133845,2522677.000000
2011-05-30,96.460592,96.478486,96.199626,96.323326,2716544.000000
2011-05-31,96.074802,96.145838,96.024813,96.112439,4213719.000000
2011-06-01,94.606322,94.628280,94.420332,94.526237,3345505.000000
2011-06-02,94.315940,94.326411,94.215343,94.230165,3689092.000000
2011-06-03,93.188412,93.341266,93.124974,93.227223,2962141.000000
2011-06-06,92.112012,92.149625,92.037355,92.133529,2143242.000000
2011-06-07,91.974143,92.002366,91.971629,91.995112,1938494.000000
2011-06-08,91.486041,91.542063,91.402056,91.473260,4513459.000000
2011-06-09,91.581969,91.700954,91.536653,91.642380,2603320.000000
2011-06-10,91.783457,91.883939,91.720485,91.804029,3958826.000000
2011-06-13,91.009032,91.087522,90.910565,91.035974,2530474.000000
2011-06-14,90.944670,91.016230,90.872420,90.963215,1330569.000000
2011-06-15,91.223797,91.280697,91.171464,91.249513,3868288.000000
2011-06-16,90.239655,90.243561,90.135629,90.200999,2929627.000000
2011-06-17,90.629918,90.645557,90.586612,90.623219,4106848.000000
2011-06-20,91.659534,91.688573,91.488995,91.597620,3282604.000000
2011-06-21,91.351905,91.465741,91.327298,91.419269,1737244.000000
2011-06-22,91.634777,91.688274,91.452869,91.508665,727119.000000
2011-06-23,92.208837,92.262857,92.083513,92.102341,1465345.000000
2011-06-24,91.497292,91.606120,91.442946,91.576579,2422379.000000
2011-06-27,92.132834,92.211287,92.118349,92.180616,3127933.000000
2011-06-28,92.687791,92.703746,92.570338,92.627376,4259728.000000
2011-06-29,94.623003,94.649556,94.455730,94.570049,2520115.000000
2011-06-30,95.158760,95.245326,95.118519,95.195212,703255.000000
2011-07-01,93.850111,93.870952,93.802859,93.811893,688622.000000
2011-07-04,93.283114,93.330283,93.209783,93.289786,744168.000000
2011-07-05,94.243370,94.309840,94.238837,94.284216,1746030.000000
2011-07-06,93.187552,93.310991,93.060647,93.151314,3374573.000000
2011-07-07,93.293743,93.371958,93.185777,93.318741,2191672.000000
2011-07-08,91.629988,91.645184,91.413156,91.508465,4594403.000000
2011-07-11,92.821438,92.888008,92.719793,92.850698,4221268.000000
2011-07-12,93.570260,93.632352,93.494937,93.574628,3320934.000000
2011-07-13,92.457777,92.529801,92.433225,92.506994,1914333.000000
2011-07-14,93.127643,93.203049,92.922180,93.195074,2620337.000000
2011-07-15,94.833921,94.839169,94.693117,94.834118,1204774.000000
2011-07-18,96.335194,96.400947,96.210094,96.280625,3815012.000000
2011-07-19,95.632228,95.701121,95.587786,95.636679,2350013.000000
2011-07-20,97.046449,97.142617,96.880468,96.987159,3117972.000000
2011-07-21,97.030098,97.147611,96.957549,97.091859,2195118.000000
2011-07-22,96.775575,96.905660,96.739286,96.836249,1378033.000000
2011-07-25,97.472570,97.475855,97.360577,97.409739,3463696.000000
2011-07-26,97.835085,97.893565,97.796408,97.848850,1521910.000000
2011-07-27,99.003575,99.034266,98.896921,98.947548,4389346.000000
2011-07-28,100.580083,100.590635,100.437985,100.579050,2486833.000000
2011-07-29,100.791677,100.871937,100.759552,100.804287,714479.000000
2011-08-01,101.089086,101.103431,100.915634,100.937699,3749017.000000
2011-08-02,101.173600,101.212021,101.077826,101.179627,4309469.000000
2011-08-03,101.897632,101.901617,101.858215,101.874849,1798860.000000
2011-08-04,103.105890,103.139690,103.024907,103.060629,3331254.000000
2011-08-05,103.312725,103.368016,103.150897,103.271326,3094336.000000
2011-08-08,102.940427,103.027445,102.831639,102.850582,3941678.000000
2011-08-09,106.328721,106.392113,106.183722,106.365622,932562.000000
2011-08-10,106.871152,106.904297,106.818345,106.869147,3693841.000000
2011-08-11,108.064956,108.071119,107.973462,108.032302,1650540.000000
2011-08-12,107.199892,107.353518,107.079801,107.177763,4239019.000000
2011-08-15,108.226846,108.263921,108.096392,108.147311,3167171.000000
2011-08-16,109.179185,109.219570,109.099266,109.130311,4187658.000000
2011-08-17,108.183594,108.253494,108.156933,108.209660,1641860.000000
2011-08-18,108.102432,108.156003,108.055658,108.069360,3916818.000000
2011-08-19,106.592731,106.601902,106.431918,106.537874,3098349.000000
2011-08-22,104.750365,104.834981,104.708848,104.782538,1233530.000000
2011-08-23,104.424712,104.602040,104.374123,104.423707,1459213.000000
2011-08-24,103.739407,103.859954,103.698265,103.785907,2673038.000000
2011-08-25,105.056433,105.130566,104.971605,104.978813,3331610.000000
2011-08-26,104.244676,104.330287,104.096333,104.146460,2424448.000000
2011-08-29,102.591468,102.815973,102.379079,102.710968,4433289.000000
2011-08-30,104.224184,104.267605,104.163645,104.229018,1382062.000000
2011-08-31,103.914938,103.982737,103.799159,103.889737,1884072.000000
2011-09-01,105.341844,105.449534,105.252464,105.341300,4317110.000000
2011-09-02,106.201411,106.304800,106.062023,106.148300,4457886.000000
2011-09-05,106.141255,106.226258,106.118884,106.168149,1225568.000000
2011-09-06,104.308590,104.424661,104.283812,104.317563,4861542.000000
2011-09-07,103.554393,103.614114,103.479900,103.490766,1666670.000000
2011-09-08,101.972977,101.996382,101.798203,101.844510,4663095.000000
2011-09-09,102.937578,103.008600,102.929077,102.957421,1381707.000000
2011-09-12,102.616831,102.697243,102.533548,102.565377,1829788.000000
2011-09-13,102.427745,102.554784,102.403104,102.494879,4559861.000000
2011-09-14,101.350623,101.402191,101.237779,101.295946,3593524.000000
2011-09-15,101.216247,101.295452,101.153917,101.187681,1917385.000000
2011-09-16,100.190270,100.281560,100.154823,100.273500,4488624.000000
2011-09-19,100.719606,100.771735,100.695154,100.727611,1410381.000000
2011-09-20,99.886192,99.917925,99.650525,99.749371,4259644.000000
2011-09-21,98.306732,98.391471,98.237469,98.254173,4927450.000000
2011-09-22,98.232814,98.316162,98.129989,98.198192,2593831.000000
2011-09-23,98.681798,98.682958,98.552951,98.660648,2017527.000000
2011-09-26,101.367111,101.463239,101.133038,101.260046,1973438.000000
2011-09-27,102.453677,102.548423,102.306189,102.518405,519793.000000
2011-09-28,102.350543,102.453084,102.234820,102.415051,3032051.000000
2011-09-29,102.296631,102.457151,102.251968,102.352481,3747361.000000
2011-09-30,101.093656,101.155485,101.048993,101.066865,4923030.000000
2011-10-03,101.932845,101.956489,101.826147,101.909696,2410296.000000
2011-10-04,101.109265,101.119868,101.053650,101.115340,4044071.000000
2011-10-05,101.878664,102.057475,101.861534,101.935672,4499097.000000
2011-10-06,101.345923,101.434854,101.194971,101.368174,3878263.000000
2011-10-07,100.871515,100.887225,100.750324,100.820957,4724314.000000
2011-10-10,100.518569,100.521518,100.498938,100.509954,1342846.000000
2011-10-11,99.134832,99.141203,99.126200,99.137131,4275195.000000
2011-10-12,98.322696,98.442745,98.150788,98.260635,820542.000000
2011-10-13,97.999617,98.078603,97.924624,98.071753,4003685.000000
2011-10-14,96.179681,96.209168,96.164243,96.181262,2686985.000000
2011-10-17,95.750163,95.803501,95.689827,95.769213,2014353.000000
2011-10-18,95.112011,95.131528,95.033881,95.125488,854504.000000
2011-10-19,93.201476,93.323201,93.169319,93.183058,1320805.000000
2011-10-20,93.072060,93.192543,92.945032,93.032400,2364301.000000
2011-10-21,94.436256,94.551549,94.304015,94.333474,1098506.000000
2011-10-24,92.990532,93.046279,92.811948,92.876432,912334.000000
2011-10-25,94.731094,94.739431,94.681478,94.682628,1886050.000000
2011-10-26,94.424583,94.493729,94.422331,94.449654,759056.000000
2011-10-27,94.587052,94.709601,94.506585,94.645883,3818251.000000
2011-10-28,94.044527,94.100337,94.037855,94.078333,1851064.000000
2011-10-31,94.437246,94.629573,94.381327,94.486109,4376489.000000
2011-11-01,94.994763,95.018640,94.899307,94.936075,2979976.000000
2011-11-02,97.578909,97.646439,97.505379,97.532639,4775055.000000
2011-11-03,95.829573,95.886592,95.783610,95.837354,3931223.000000
2011-11-04,97.092650,97.130152,97.086100,97.116483,4150106.000000
2011-11-07,96.274556,96.445773,96.134318,96.329716,709642.000000
2011-11-08,97.551648,97.598154,97.499428,97.587996,4862469.000000
2011-11-09,95.435887,95.441352,95.226866,95.375367,4418886.000000
2011-11-10,95.241122,95.283739,95.195979,95.226788,1879873.000000
2011-11-11,94.396176,94.515482,94.290556,94.329190,2385274.000000
2011-11-14,94.155742,94.304530,94.060657,94.113530,2240050.000000
2011-11-15,93.756620,93.913367,93.617435,93.774208,2160061.000000
2011-11-16,95.388110,95.409717,95.312165,95.397080,4006499.000000
2011-11-17,95.448329,95.465287,95.410685,95.458128,949837.000000
2011-11-18,93.990315,94.161923,93.915864,94.058204,4665850.000000
2011-11-21,95.521729,95.608031,95.327989,95.447407,4842779.000000
2011-11-22,95.011675,95.060895,94.924230,95.021259,2497261.000000
2011-11-23,97.203777,97.317655,97.142434,97.226459,3941229.000000
2011-11-24,96.816200,96.870147,96.642961,96.781057,3523484.000000
2011-11-25,97.222211,97.277055,97.219946,97.268711,2005496.000000
2011-11-28,96.435009,96.449621,96.393160,96.418076,3345066.000000
2011-11-29,95.456915,95.486503,95.357777,95.385972,739681.000000
2011-11-30,96.724457,96.918528,96.663558,96.678433,2408569.000000
2011-12-01,96.933217,96.979676,96.881415,96.970090,4275116.000000
2011-12-02,95.887809,95.901565,95.843038,95.900947,4191668.000000
2011-12-05,96.346119,96.515263,96.243606,96.440184,3234854.000000
2011-12-06,95.304821,95.338433,95.212180,95.246461,2956600.000000
2011-12-07,95.320889,95.422139,95.141408,95.346427,1187662.000000
2011-12-08,94.639978,94.748482,94.607377,94.747467,1011516.000000
2011-12-09,94.762531,94.828457,94.747427,94.818499,3088620.000000
2011-12-12,95.654062,95.821863,95.625474,95.663900,3676527.000000
2011-12-13,94.324930,94.400303,94.173918,94.251744,4495113.000000
2011-12-14,94.805957,94.806578,94.792241,94.796876,2703431.000000
2011-12-15,94.002911,94.120616,93.938816,94.038314,2313075.000000
2011-12-16,94.579306,94.677576,94.537622,94.570958,3257500.000000
2011-12-19,94.083697,94.127101,94.051153,94.087653,2212538.000000
2011-12-20,91.994987,92.058559,91.939211,91.958102,3629387.000000
2011-12-21,91.144098,91.149432,91.080254,91.107638,4644919.000000
2011-12-22,90.499851,90.586797,90.451122,90.513368,2853286.000000
2011-12-23,90.121863,90.182509,90.019899,90.091755,3322861.000000
2011-12-26,88.754846,88.815557,88.704890,88.778857,1325674.000000
2011-12-27,87.771603,87.878649,87.758517,87.838989,707686.000000
2011-12-28,88.324187,88.340972,88.265157,88.325824,2155113.000000
2011-12-29,88.768570,88.795224,88.661351,88.744072,910103.000000
2011-12-30,88.447903,88.487844,88.341369,88.471724,4831013.000000
2012-01-02,88.014228,88.071817,87.941993,87.974518,1008557.000000
2012-01-03,88.536916,88.618920,88.365754,88.508581,1931000.000000
2012-01-04,89.113484,89.118878,89.012263,89.021670,2862111.000000
2012-01-05,89.094972,89.164578,89.062532,89.070888,1499898.000000
2012-01-06,89.417424,89.550305,89.277135,89.377240,1591502.000000
2012-01-09,88.711021,88.769494,88.657582,88.685712,3281773.000000
2012-01-10,88.744703,88.956604,88.689280,88.870405,2682748.000000
2012-01-11,89.568401,89.664747,89.509539,89.516360,4520843.000000
2012-01-12,90.026904,90.064560,89.923455,90.034480,1331677.000000
2012-01-13,91.176744,91.198385,91.092508,91.159570,806479.000000
2012-01-16,90.206215,90.279497,90.180203,90.190168,656307.000000
2012-01-17,90.669050,90.717019,90.605289,90.693448,3584841.000000
2012-01-18,90.778164,90.815279,90.727103,90.737189,2782510.000000
2012-01-19,90.100175,90.140009,90.084149,90.119359,3129382.000000
2012-01-20,90.022653,90.086689,89.949981,90.052225,2611770.000000
2012-01-23,89.471541,89.529455,89.292433,89.447441,2446284.000000
2012-01-24,88.940245,88.985259,88.912945,88.951198,1239223.000000
2012-01-25,88.498040,88.593139,88.479167,88.490836,834065.000000
2012-01-26,87.695685,87.836296,87.656409,87.775349,1290087.000000
2012-01-27,88.445480,88.477315,88.349156,88.411634,2789184.000000
2012-01-30,88.667020,88.704655,88.587287,88.588152,4437123.000000
2012-01-31,89.330811,89.369539,89.302225,89.365714,1136519.000000
2012-02-01,87.876941,87.998327,87.864158,87.939134,2394430.000000
2012-02-02,86.361118,86.361774,86.311391,86.334164,4603089.000000
2012-02-03,88.683436,88.723008,88.633500,88.670575,3419459.000000
2012-02-06,86.555922,86.624608,86.489018,86.527555,4196503.000000
2012-02-07,86.386976,86.430314,86.356760,86.410436,2251726.000000
2012-02-08,87.128758,87.279642,87.002372,87.113432,4495073.000000
2012-02-09,87.669804,87.720269,87.625142,87.660202,1033945.000000
2012-02-10,86.947508,86.950143,86.907367,86.946106,3727435.000000
2012-02-13,85.056488,85.061822,84.904133,85.027250,4810052.000000
2012-02-14,84.353151,84.434398,84.338752,84.405195,4354634.000000
2012-02-15,84.483749,84.534486,84.466187,84.510794,4466494.000000
2012-02-16,84.913815,84.945762,84.869844,84.893759,1094374.000000
2012-02-17,83.680616,83.696930,83.630014,83.662102,4135187.000000
2012-02-20,83.730537,83.773808,83.589429,83.694976,642221.000000
2012-02-21,83.787583,83.903480,83.735357,83.795076,1931335.000000
2012-02-22,84.046530,84.076481,83.946763,84.058267,4527997.000000
2012-02-23,84.396889,84.485329,84.262682,84.453695,4262518.000000
2012-02-24,84.123559,84.205490,84.117575,84.180654,3722842.000000
2012-02-27,84.719622,84.745176,84.617867,84.724828,3134886.000000
2012-02-28,85.155266,85.323334,85.152890,85.204908,4870626.000000
2012-02-29,85.423539,85.425492,85.282912,85.389278,929066.000000
2012-03-01,83.820096,83.834433,83.740470,83.783734,4898572.000000
2012-03-02,86.576297,86.626712,86.501528,86.539653,3742657.000000
2012-03-05,84.992744,85.128436,84.961463,85.001450,3032549.000000
2012-03-06,85.195385,85.275008,85.159439,85.209553,3050564.000000
2012-03-07,86.045043,86.070359,86.013579,86.029963,2260229.000000
2012-03-08,84.726378,84.921659,84.713181,84.775039,2416613.000000
2012-03-09,84.369558,84.475889,84.315280,84.323870,2656742.000000
2012-03-12,84.495570,84.541344,84.488407,84.517328,1105607.000000
2012-03-13,84.854127,84.902251,84.733589,84.814321,798420.000000
2012-03-14,84.718312,84.750512,84.655593,84.746633,1843976.000000
2012-03-15,86.074505,86.128609,85.964790,86.049164,1194981.000000
2012-03-16,86.093764,86.156070,86.077164,86.132206,4914265.000000
2012-03-19,85.414334,85.479436,85.350247,85.413367,2035633.000000
2012-03-20,86.185217,86.257926,86.109823,86.218390,3726559.000000
2012-03-21,84.662819,84.798613,84.586112,84.781214,3650867.000000
2012-03-22,85.406689,85.454186,85.340465,85.364650,4142946.000000
2012-03-23,84.855859,84.932930,84.823486,84.913895,3400048.000000
2012-03-26,85.146004,85.247609,85.019693,85.085538,4395286.000000
2012-03-27,85.044033,85.098228,84.906951,85.025584,2796142.000000
2012-03-28,86.534906,86.594351,86.503994,86.593584,2713550.000000
2012-03-29,86.774215,86.828999,86.748866,86.799817,869697.000000
2012-03-30,86.052575,86.099928,85.990482,86.070570,1335227.000000
2012-04-02,87.136068,87.188109,87.044376,87.173097,3793542.000000
2012-04-03,85.781619,85.982426,85.729694,85.871925,4695196.000000
2012-04-04,84.998210,85.102036,84.977749,85.038821,3941829.000000
2012-04-05,85.628029,85.650116,85.501982,85.598061,953733.000000
2012-04-06,86.367193,86.452590,86.294808,86.364705,2958150.000000
2012-04-09,85.839550,85.880395,85.795671,85.812587,4732599.000000
2012-04-10,87.114414,87.257295,87.003126,87.116113,3807338.000000
2012-04-11,88.361069,88.380528,88.360161,88.370255,4091807.000000
2012-04-12,89.020094,89.163166,88.893631,89.004864,4576972.000000
2012-04-13,88.405198,88.449249,88.329057,88.427634,4313961.000000
2012-04-16,89.912051,89.972015,89.784463,89.808852,1319734.000000
2012-04-17,89.652320,89.707143,89.567691,89.658110,1018317.000000
2012-04-18,88.976938,89.096151,88.940862,88.973584,1366060.000000
2012-04-19,88.584381,88.633533,88.570600,88.624115,2759137.000000
2012-04-20,88.895894,89.118932,88.872275,88.960507,1115512.000000
2012-04-23,89.456424,89.529335,89.418657,89.479083,2081484.000000
2012-04-24,89.219243,89.308482,88.954725,89.174815,859202.000000
2012-04-25,90.096790,90.165123,90.033343,90.077148,4916025.000000
2012-04-26,88.379474,88.394136,88.327864,88.378927,2520591.000000
2012-04-27,87.598727,87.649906,87.538045,87.584888,4622600.000000
2012-04-30,85.929617,85.948645,85.857806,85.906966,4333357.000000
2012-05-01,87.787354,87.865221,87.708760,87.764579,4919136.000000
2012-05-02,87.530605,87.581905,87.492997,87.521976,1592569.000000
2012-05-03,87.346239,87.428744,87.339867,87.347617,989673.000000
2012-05-04,87.899208,87.996100,87.871890,87.955304,4151013.000000
2012-05-07,89.444942,89.627170,89.428117,89.481609,3182628.000000
2012-05-08,91.285872,91.340246,91.168635,91.257619,1627716.000000
2012-05-09,92.525506,92.645870,92.454652,92.562497,1257357.000000
2012-05-10,92.012224,92.164210,91.968200,92.082153,4954197.000000
2012-05-11,91.363110,91.396092,91.344548,91.345369,2122238.000000
2012-05-14,90.982453,91.131371,90.937745,91.046525,4202895.000000
2012-05-15,93.525124,93.555849,93.507603,93.544276,810167.000000
2012-05-16,94.333670,94.445434,94.181056,94.268383,1171344.000000
2012-05-17,92.920651,92.923482,92.888458,92.911985,1225163.000000
2012-05-18,92.697353,92.721968,92.655696,92.708079,3019965.000000
2012-05-21,92.144368,92.180695,91.999269,92.055036,1371636.000000
2012-05-22,92.913439,92.968056,92.743026,92.846666,2539133.000000
2012-05-23,92.484514,92.627636,92.367279,92.483325,3493926.000000
2012-05-24,92.852305,92.930555,92.756861,92.885990,4572278.000000
2012-05-25,94.281795,94.420988,94.243947,94.276128,3924156.000000
2012-05-28,96.222820,96.431606,96.184278,96.295566,1252414.000000
2012-05-29,96.676083,96.697732,96.568244,96.647685,1937335.000000
2012-05-30,97.293793,97.408009,97.172759,97.264185,1035152.000000
2012-05-31,96.856733,96.889010,96.833777,96.849639,1445825.000000
2012-06-01,96.286568,96.408105,96.285489,96.345921,4001286.000000
2012-06-04,96.010534,96.011805,95.906422,96.009128,880568.000000
2012-06-05,95.847664,95.868976,95.753569,95.799162,4781230.000000
2012-06-06,97.398460,97.527128,97.388457,97.452716,1384618.000000
2012-06-07,98.113721,98.187582,98.005112,98.103001,3457439.000000
2012-06-08,99.468230,99.512237,99.397685,99.418861,3633921.000000
2012-06-11,101.164586,101.218200,101.152631,101.171911,4376515.000000
2012-06-12,102.010438,102.069858,101.933898,102.047614,2734603.000000
2012-06-13,101.788760,101.862868,101.679904,101.758032,4394101.000000
2012-06-14,101.497989,101.603768,101.493692,101.563422,3254596.000000
2012-06-15,100.587937,100.642501,100.508224,100.621147,4904567.000000
2012-06-18,101.599301,101.808329,101.584475,101.667068,3457313.000000
2012-06-19,103.371302,103.433907,103.260696,103.317737,3916891.000000
2012-06-20,102.279553,102.385879,102.108770,102.335997,693072.000000
2012-06-21,102.124508,102.141702,102.043278,102.134380,4946323.000000
2012-06-22,102.065657,102.139414,101.967125,102.038325,1322738.000000
2012-06-25,102.457888,102.494887,102.383891,102.467732,2489028.000000
2012-06-26,104.703837,104.799964,104.556577,104.737682,698743.000000
2012-06-27,102.977333,103.108879,102.921636,103.031613,1148215.000000
2012-06-28,103.782096,103.908154,103.743929,103.826431,4428119.000000
2012-06-29,103.947094,104.000125,103.877584,103.921552,4259311.000000
2012-07-02,103.587385,103.591523,103.421025,103.432688,1494897.000000
2012-07-03,101.993313,102.174458,101.952693,102.091453,968296.000000
2012-07-04,101.517566,101.546760,101.452083,101.469299,3671246.000000
2012-07-05,104.801025,104.826951,104.721000,104.761855,1629673.000000
2012-07-06,105.829567,105.872495,105.763822,105.824407,3504672.000000
2012-07-09,103.686457,103.763859,103.611816,103.754589,1456461.000000
2012-07-10,105.208626,105.277004,105.032816,105.168743,1546254.000000
2012-07-11,104.848227,104.915418,104.739697,104.835539,3677336.000000
2012-07-12,103.892154,103.934706,103.808653,103.869866,1811158.000000
2012-07-13,103.161295,103.226979,103.065407,103.171080,3719164.000000
2012-07-16,104.017966,104.091672,103.938627,103.994576,3871050.000000
2012-07-17,104.006716,104.085797,103.886818,104.046362,3679138.000000
2012-07-18,102.693259,102.808924,102.624323,102.754061,4654232.000000
2012-07-19,102.298443,102.425242,102.279124,102.347500,3657899.000000
2012-07-20,102.675528,102.724429,102.632366,102.652441,4293323.000000
2012-07-23,101.553968,101.621593,101.501824,101.595271,1845107.000000
2012-07-24,104.446906,104.570507,104.306795,104.515534,2317783.000000
2012-07-25,105.136836,105.187848,105.004076,105.142248,2882069.000000
2012-07-26,107.491349,107.504186,107.417535,107.445979,3800352.000000
2012-07-27,107.196478,107.398321,107.163456,107.260158,721904.000000
2012-07-30,108.560817,108.716028,108.550643,108.636200,1366841.000000
2012-07-31,110.863217,110.947184,110.839531,110.872133,1813824.000000
2012-08-01,112.960452,113.192290,112.750706,112.874392,2906839.000000
2012-08-02,111.188800,111.251752,111.144622,111.215514,3376932.000000
2012-08-03,110.824842,110.932773,110.801628,110.834117,1493653.000000
2012-08-06,111.561376,111.731273,111.528992,111.603395,860883.000000
2012-08-07,112.388470,112.499733,112.252560,112.349114,2273290.000000
2012-08-08,113.498780,113.517353,113.414964,113.505854,2809516.000000
2012-08-09,112.700353,112.904578,112.634374,112.732249,775973.000000
2012-08-10,113.877232,113.968415,113.709077,113.947138,3438778.000000
2012-08-13,115.152004,115.269801,115.031399,115.148137,812058.000000
2012-08-14,116.009771,116.331209,115.859155,115.916802,2567301.000000
2012-08-15,117.563298,117.666944,117.511751,117.574953,1825305.000000
2012-08-16,117.520604,117.687519,117.477647,117.503892,4295116.000000
2012-08-17,116.529535,116.566171,116.493272,116.507409,3701975.000000
2012-08-20,114.983946,115.114668,114.979117,115.014383,4194654.000000
2012-08-21,114.509515,114.625770,114.418352,114.567939,4205662.000000
2012-08-22,116.028307,116.113582,115.986405,116.019307,850310.000000
2012-08-23,112.987512,113.117037,112.928543,112.951737,2334136.000000
2012-08-24,113.922997,114.026989,113.915877,113.968512,4684854.000000
2012-08-27,113.798630,113.896549,113.711137,113.846518,875208.000000
2012-08-28,115.580435,115.631945,115.463685,115.599630,591692.000000
2012-08-29,115.178737,115.282915,115.155420,115.181039,1152629.000000
2012-08-30,116.440041,116.668840,116.390570,116.510214,2407667.000000
2012-08-31,118.347029,118.410604,118.276682,118.379562,3357277.000000
2012-09-03,118.194755,118.208935,118.094681,118.121277,2948953.000000
2012-09-04,115.959646,116.059965,115.896016,115.995105,3078626.000000
2012-09-05,115.833060,115.884166,115.637394,115.796253,816345.000000
2012-09-06,114.445529,114.475291,114.426336,114.445688,2616966.000000
2012-09-07,113.547071,113.630686,113.496215,113.581739,3170572.000000
2012-09-10,112.581146,112.711187,112.495783,112.567578,1941218.000000
2012-09-11,112.726773,112.757729,112.583743,112.699714,1902958.000000
2012-09-12,113.546806,113.710289,113.535262,113.704561,4443213.000000
2012-09-13,113.928342,114.033273,113.841653,113.875801,4554569.000000
2012-09-14,113.476360,113.685377,113.459131,113.482759,4736976.000000
2012-09-17,113.940087,114.082490,113.785773,114.060564,2984743.000000
2012-09-18,115.107751,115.141787,115.061830,115.120839,2235753.000000
2012-09-19,114.785851,114.853387,114.627896,114.806660,1614523.000000
2012-09-20,115.992266,116.010366,115.930559,115.940466,4495720.000000
2012-09-21,115.542640,115.779511,115.538400,115.641991,2016593.000000
2012-09-24,114.787298,114.912343,114.637773,114.749246,3105404.000000
2012-09-25,114.775974,114.900766,114.759418,114.837645,1885749.000000
2012-09-26,117.081859,117.199069,117.038957,117.146966,612717.000000
2012-09-27,115.230162,115.283717,115.157613,115.274101,4530485.000000
2012-09-28,114.184371,114.214964,114.145420,114.213810,3177095.000000
2012-10-01,114.797888,114.915497,114.726981,114.796325,2286598.000000
2012-10-02,113.133037,113.183400,113.008300,113.141311,3392918.000000
2012-10-03,111.198662,111.365772,111.054837,111.196370,4829899.000000
2012-10-04,109.275847,109.459306,109.121764,109.353944,1604066.000000
2012-10-05,108.976329,109.111846,108.963713,109.018484,3162279.000000
2012-10-08,109.506804,109.514283,109.397766,109.451739,2346507.000000
2012-10-09,108.859343,108.946873,108.760849,108.890342,1733405.000000
2012-10-10,108.845069,108.864520,108.717497,108.782113,3844685.000000
2012-10-11,107.971089,108.050225,107.884515,107.932143,1562367.000000
2012-10-12,107.042871,107.058193,106.994836,107.046601,1263502.000000
2012-10-15,106.817450,106.849637,106.788154,106.827857,4648666.000000
2012-10-16,108.473078,108.567112,108.369019,108.495232,3808993.000000
2012-10-17,107.601302,107.818428,107.535039,107.618157,820985.000000
2012-10-18,107.492606,107.634851,107.383081,107.618718,3232182.000000
2012-10-19,108.735571,108.926840,108.619870,108.714132,1459143.000000
2012-10-22,107.766581,107.891669,107.683570,107.809406,4720641.000000
2012-10-23,107.699377,107.734350,107.606401,107.660480,1273347.000000
2012-10-24,108.062173,108.111607,108.022176,108.104185,2546302.000000
2012-10-25,108.938226,109.065644,108.876064,108.984759,1726912.000000
2012-10-26,109.750698,109.863109,109.699040,109.765605,942354.000000
2012-10-29,110.539807,110.787697,110.452812,110.571072,4824044.000000
2012-10-30,112.516420,112.586759,112.484052,112.554031,1939264.000000
2012-10-31,111.843033,111.915008,111.602065,111.727585,2907149.000000
2012-11-01,110.537118,110.555797,110.410754,110.517657,2602585.000000
2012-11-02,111.668064,111.745301,111.667656,111.698002,3481866.000000
2012-11-05,111.514710,111.722921,111.508914,111.588768,4000854.000000
2012-11-06,111.996326,112.032876,111.947904,111.948082,1073049.000000
2012-11-07,113.049041,113.223504,112.945649,113.103803,839999.000000
2012-11-08,113.492074,113.617247,113.414244,113.444083,2497129.000000
2012-11-09,112.195171,112.278715,112.088012,112.193140,2132929.000000
2012-11-12,112.396039,112.475402,112.310153,112.381740,2471881.000000
2012-11-13,114.842663,114.943259,114.594088,114.739414,4816393.000000
2012-11-14,114.632370,114.694161,114.576602,114.627013,2576168.000000
2012-11-15,114.066346,114.139344,113.979781,113.990229,1448670.000000
2012-11-16,113.536248,113.658657,113.410214,113.499498,4965598.000000
2012-11-19,111.596064,111.719768,111.547687,111.559623,3919880.000000
2012-11-20,110.695179,110.807927,110.532204,110.770660,2186647.000000
2012-11-21,109.965595,109.977628,109.931049,109.939595,4308454.000000
2012-11-22,109.949565,110.053006,109.934753,109.979253,1993869.000000
2012-11-23,110.785716,110.809629,110.619881,110.757137,2821705.000000
2012-11-26,109.335998,109.431688,109.203682,109.317776,4882525.000000
2012-11-27,110.054024,110.079418,109.916518,109.926395,2218488.000000
2012-11-28,111.627766,111.668721,111.529708,111.622511,3625668.000000
2012-11-29,112.092597,112.322559,112.042117,112.150902,1690808.000000
2012-11-30,111.012445,111.105394,110.938822,111.037373,2293440.000000
2012-12-03,108.199783,108.325825,108.086398,108.225426,4667925.000000
2012-12-04,108.889500,108.905058,108.758651,108.831815,1492239.000000
2012-12-05,108.050490,108.137183,108.015651,108.051074,1817020.000000
2012-12-06,108.915513,108.971559,108.819028,108.864571,4623689.000000
2012-12-07,109.704775,109.970166,109.622308,109.785848,1963475.000000
2012-12-10,108.702100,108.801923,108.661730,108.700118,2047292.000000
2012-12-11,107.164811,107.228686,107.067111,107.108234,4875924.000000
2012-12-12,105.567302,105.611258,105.418860,105.478670,2596316.000000
2012-12-13,105.069182,105.082215,104.971747,105.018561,922515.000000
2012-12-14,105.208182,105.223355,105.093276,105.170957,4618634.000000
2012-12-17,105.468863,105.545683,105.467699,105.513201,2246894.000000
2012-12-18,106.619431,106.745226,106.588622,106.686315,2175796.000000
2012-12-19,105.635153,105.793587,105.598886,105.689526,930531.000000
2012-12-20,105.779590,105.802949,105.640689,105.780373,2578004.000000
2012-12-21,105.845907,105.875213,105.747770,105.791871,2296677.000000
2012-12-24,104.872867,104.883318,104.789136,104.874727,3600284.000000
2012-12-25,105.940896,105.962997,105.832681,105.956824,4735641.000000
2012-12-26,107.321591,107.475217,107.248425,107.315640,3498468.000000
2012-12-27,107.152112,107.286734,107.050106,107.131423,2158129.000000
2012-12-28,106.421842,106.515722,106.255085,106.350353,1326590.000000
2012-12-31,107.138838,107.185846,106.924413,107.125171,3291053.000000
2013-01-01,106.851502,106.888096,106.691995,106.751178,2757129.000000
2013-01-02,107.779912,107.813264,107.765543,107.797324,948486.000000
2013-01-03,109.528033,109.633908,109.321961,109.377151,3145099.000000
2013-01-04,108.817261,108.895823,108.706811,108.854971,2861578.000000
2013-01-07,108.635580,108.796581,108.635518,108.656854,3202227.000000
2013-01-08,109.601713,109.725962,109.568440,109.690439,909630.000000
2013-01-09,109.139841,109.219165,109.098139,109.100306,2532223.000000
2013-01-10,109.374713,109.473951,109.321668,109.391242,1427651.000000
2013-01-11,108.523370,108.558473,108.349827,108.490450,1825805.000000
2013-01-14,108.728882,108.746390,108.686622,108.724509,1488215.000000
2013-01-15,108.187483,108.246225,108.051238,108.138349,3043819.000000
2013-01-16,107.959351,108.065109,107.858078,107.963027,1232138.000000
2013-01-17,108.788323,108.814369,108.620977,108.758673,4283073.000000
2013-01-18,110.271553,110.300702,110.059269,110.192661,3503776.000000
2013-01-21,110.401769,110.608163,110.369691,110.498979,4191281.000000
2013-01-22,110.858835,110.960212,110.769318,110.792655,2036689.000000
2013-01-23,110.705000,110.797644,110.662443,110.698763,2311640.000000
2013-01-24,112.371549,112.483789,112.287872,112.393614,985124.000000
2013-01-25,110.950131,111.044314,110.850762,110.863136,2800526.000000
2013-01-28,111.241378,111.311241,111.191297,111.225787,3320485.000000
2013-01-29,113.246048,113.305136,113.120091,113.202769,2060230.000000
2013-01-30,114.045615,114.120076,113.875186,113.967998,2135271.000000
2013-01-31,115.242145,115.267836,115.065977,115.253075,1617676.000000
2013-02-01,115.231254,115.375172,115.148684,115.277826,4362376.000000
2013-02-04,117.220653,117.294780,116.986437,117.214321,925058.000000
2013-02-05,116.645922,116.758383,116.615962,116.707449,1180606.000000
2013-02-06,117.560479,117.774456,117.520875,117.661840,4729001.000000
2013-02-07,118.058647,118.174730,117.995574,118.061100,2841588.000000
2013-02-08,119.886912,119.971404,119.734272,119.761360,2303317.000000
2013-02-11,120.018025,120.074927,119.973202,120.067808,3695791.000000
2013-02-12,119.558290,119.582573,119.496826,119.529842,2037016.000000
2013-02-13,119.286453,119.301232,118.935925,119.195039,3071035.000000
2013-02-14,119.372457,119.404475,119.341974,119.368833,4775271.000000
2013-02-15,118.094996,118.106879,118.052923,118.073914,3167108.000000
2013-02-18,119.681867,119.754360,119.578286,119.688399,4055764.000000
2013-02-19,119.759177,119.759600,119.710297,119.756439,1368788.000000
2013-02-20,119.703970,119.751053,119.542804,119.633861,825931.000000
2013-02-21,119.062392,119.164091,119.032094,119.060289,1969556.000000
2013-02-22,120.628147,120.641188,120.425272,120.569330,4534289.000000
2013-02-25,120.566537,120.617357,120.468892,120.483933,1067253.000000
2013-02-26,120.438006,120.485452,120.396446,120.485148,1568054.000000
2013-02-27,121.248552,121.322048,121.246469,121.302807,4709412.000000
2013-02-28,120.391609,120.530448,120.190519,120.286853,4414134.000000
2013-03-01,120.003396,120.075388,119.873774,120.001483,3923863.000000
2013-03-04,119.887911,120.057544,119.826367,119.958712,1282352.000000
2013-03-05,121.708756,121.820512,121.473831,121.543198,3563853.000000
2013-03-06,120.065631,120.189038,119.981730,120.101507,2557251.000000
2013-03-07,119.760867,119.957238,119.730468,119.848485,4874083.000000
2013-03-08,121.358672,121.478569,121.137131,121.400552,601526.000000
2013-03-11,122.243151,122.302295,122.180371,122.181879,4956403.000000
2013-03-12,122.343889,122.500437,122.213310,122.412273,4630275.000000
2013-03-13,120.971816,121.233848,120.868709,121.088547,2682708.000000
2013-03-14,122.240166,122.377127,122.108219,122.199959,4426059.000000
2013-03-15,121.976295,122.059230,121.884023,121.947234,3598004.000000
2013-03-18,120.598427,120.680430,120.550336,120.629961,594755.000000
2013-03-19,121.228356,121.429056,120.961775,121.136863,4688165.000000
2013-03-20,122.416479,122.451137,122.331241,122.430336,912084.000000
2013-03-21,123.302686,123.323554,122.986820,123.125943,3272053.000000
2013-03-22,122.223603,122.302233,122.134632,122.236425,4288162.000000
2013-03-25,120.103097,120.214036,120.078545,120.166784,784795.000000
2013-03-26,121.212051,121.264778,121.082166,121.240363,1787167.000000
2013-03-27,121.588715,121.637308,121.570903,121.587256,3288134.000000
2013-03-28,121.225843,121.434621,121.107097,121.169425,3669776.000000
2013-03-29,123.750457,123.911724,123.550802,123.737854,2577634.000000
2013-04-01,123.264513,123.379077,123.194201,123.369831,4600290.000000
2013-04-02,123.803911,123.812266,123.704572,123.809016,2260264.000000
2013-04-03,124.103707,124.120922,124.076634,124.112061,4992931.000000
2013-04-04,125.206344,125.266826,125.087289,125.191229,4568061.000000
2013-04-05,125.270164,125.298062,125.074875,125.213267,1040173.000000
2013-04-08,123.820565,123.899226,123.779501,123.841403,1338062.000000
2013-04-09,124.302890,124.375965,124.125261,124.270478,1017148.000000
2013-04-10,126.683403,126.865014,126.680847,126.800381,3933997.000000
2013-04-11,126.320570,126.418445,126.172709,126.347318,2061225.000000
2013-04-12,126.660846,126.691834,126.428893,126.645469,1239196.000000
2013-04-15,126.898381,126.945471,126.644278,126.853709,3386326.000000
2013-04-16,124.268651,124.357588,124.140371,124.227344,2448697.000000
2013-04-17,123.633368,123.763295,123.571028,123.612275,3356539.000000
2013-04-18,122.708552,122.914425,122.543874,122.596285,2960893.000000
2013-04-19,122.896000,122.976248,122.870320,122.957038,4281446.000000
2013-04-22,123.897158,123.976748,123.756131,123.854524,3332621.000000
2013-04-23,123.156704,123.214570,123.015768,123.045792,3282327.000000
2013-04-24,123.585728,123.606517,123.543849,123.547150,2078755.000000
2013-04-25,122.121495,122.217838,121.869200,122.079247,593906.000000
2013-04-26,123.402285,123.501391,123.346293,123.403263,3073450.000000
2013-04-29,124.060595,124.234161,123.873685,123.989499,4859257.000000
2013-04-30,125.342516,125.442807,125.254542,125.368415,3714661.000000
2013-05-01,124.385077,124.406540,124.282596,124.318220,4499181.000000
2013-05-02,125.015719,125.190808,124.975346,125.064118,1097215.000000
2013-05-03,124.998487,125.162090,124.899589,124.976381,3026458.000000
2013-05-06,124.024128,124.082212,123.926019,123.953598,4964426.000000
2013-05-07,124.279305,124.429774,124.234581,124.241822,3336876.000000
2013-05-08,125.421763,125.462788,125.354146,125.444712,2718163.000000
2013-05-09,125.318266,125.434118,125.214760,125.375215,3670804.000000
2013-05-10,127.475102,127.588621,127.443684,127.561504,4187277.000000
2013-05-13,127.750615,127.806735,127.664066,127.688234,3042182.000000
2013-05-14,127.502806,127.544489,127.359218,127.437329,4549685.000000
2013-05-15,128.031463,128.060652,128.025482,128.040952,2379585.000000
2013-05-16,127.172696,127.191701,127.045396,127.120168,4870036.000000
2013-05-17,126.707660,126.773627,126.692459,126.772510,547963.000000
2013-05-20,128.677421,128.762835,128.629790,128.710063,3905118.000000
2013-05-21,128.568382,128.682367,128.386245,128.517711,3001454.000000
2013-05-22,126.883591,126.941569,126.794574,126.893033,2546701.000000
2013-05-23,126.389522,126.493021,126.214919,126.384843,2509427.000000
2013-05-24,124.681111,124.691030,124.592903,124.676949,2591562.000000
2013-05-27,124.426056,124.610766,124.254932,124.275586,4364642.000000
2013-05-28,126.100437,126.248550,126.004997,126.050452,4592318.000000
2013-05-29,127.016403,127.130811,126.904743,127.091161,1374158.000000
2013-05-30,128.451110,128.490152,128.345411,128.420934,638028.000000
2013-05-31,126.754736,126.776982,126.619810,126.629412,2599310.000000
2013-06-03,127.393047,127.468929,127.344106,127.431303,4130315.000000
2013-06-04,125.824200,125.853823,125.749437,125.838806,2015728.000000
2013-06-05,128.241400,128.362225,127.999512,128.260652,4299796.000000
2013-06-06,128.961738,129.059561,128.823456,128.861847,2010483.000000
2013-06-07,128.376751,128.593001,128.323350,128.421692,4351139.000000
2013-06-10,126.863029,127.022650,126.603421,126.831256,3912281.000000
2013-06-11,126.012705,126.065843,125.935925,126.025195,575777.000000
2013-06-12,125.195331,125.230822,125.138215,125.162120,2211202.000000
2013-06-13,124.874866,124.940734,124.805789,124.903648,1913320.000000
2013-06-14,123.344910,123.572202,123.319594,123.343511,786257.000000
2013-06-17,122.554965,122.678185,122.458413,122.599022,4431003.000000
2013-06-18,120.014317,120.069095,119.954852,120.020669,839709.000000
2013-06-19,121.852696,121.901402,121.790646,121.885061,4987434.000000
2013-06-20,121.032533,121.124939,120.886075,120.947698,1771475.000000
2013-06-21,121.152979,121.175494,121.136201,121.141956,4143310.000000
2013-06-24,121.287507,121.430790,121.254839,121.302489,3213700.000000
2013-06-25,120.153902,120.198004,120.049148,120.130663,1107785.000000
2013-06-26,120.763386,120.818746,120.638160,120.708150,1599692.000000
2013-06-27,120.791327,120.851087,120.686602,120.761291,1682436.000000
2013-06-28,121.176560,121.323066,121.098730,121.186578,550624.000000
2013-07-01,122.279613,122.434308,122.171687,122.265507,4394751.000000
2013-07-02,122.270365,122.499097,122.242065,122.382370,2524646.000000
2013-07-03,121.298507,121.386541,121.073942,121.213182,1623489.000000
2013-07-04,121.795644,121.895485,121.783671,121.847910,529310.000000
2013-07-05,121.314549,121.393486,121.284150,121.355986,758116.000000
2013-07-08,121.994331,122.168064,121.971071,122.030041,765832.000000
2013-07-09,122.216225,122.242749,122.172741,122.239280,3320456.000000
2013-07-10,121.723715,121.756988,121.566895,121.633590,2907444.000000
2013-07-11,121.374692,121.479884,121.360693,121.393080,2575146.000000
2013-07-12,119.728946,119.883295,119.629563,119.841954,3661984.000000
2013-07-15,118.874105,118.961490,118.795876,118.831145,3818736.000000
2013-07-16,120.486379,120.498058,120.359979,120.382843,1290584.000000
2013-07-17,120.125045,120.125494,120.049273,120.075185,2561602.000000
2013-07-18,119.805480,119.893441,119.776874,119.858757,2255661.000000
2013-07-19,119.308542,119.527972,119.278452,119.394659,2972812.000000
2013-07-22,120.912606,121.022606,120.904427,120.967671,4268800.000000
2013-07-23,121.576217,121.648618,121.568957,121.633907,3340905.000000
2013-07-24,122.162093,122.347519,122.015221,122.253228,4946296.000000
2013-07-25,122.000288,122.053617,121.783859,121.979187,4078701.000000
2013-07-26,122.485251,122.586180,122.365133,122.506410,2362056.000000
2013-07-29,120.546143,120.634620,120.456189,120.578084,2757487.000000
2013-07-30,120.596173,120.707209,120.500146,120.645741,1981330.000000
2013-07-31,123.702075,123.762445,123.640292,123.681821,4794250.000000
2013-08-01,123.105423,123.253916,122.961988,123.103263,4643688.000000
2013-08-02,125.964972,126.071813,125.917897,125.945396,1490899.000000
2013-08-05,125.607402,125.718164,125.481283,125.545964,4255965.000000
2013-08-06,125.668495,125.730829,125.625803,125.683340,3097273.000000
2013-08-07,124.133411,124.167503,123.819470,123.990857,4352552.000000
2013-08-08,124.338262,124.364596,124.250244,124.350014,1803807.000000
2013-08-09,127.798947,127.836277,127.791555,127.812233,3990352.000000
2013-08-12,126.431612,126.439914,126.405625,126.433826,4594232.000000
2013-08-13,124.500898,124.723237,124.377616,124.445637,2133578.000000
2013-08-14,125.012556,125.220714,124.940126,125.042795,3621553.000000
2013-08-15,124.456932,124.562623,124.340709,124.559000,573054.000000
2013-08-16,122.307102,122.477364,122.240010,122.385609,3608913.000000
2013-08-19,121.610091,121.689475,121.480131,121.621573,3831305.000000
2013-08-20,121.777843,121.821268,121.693078,121.707524,4053303.000000
2013-08-21,123.663887,123.679380,123.542570,123.601379,2042578.000000
2013-08-22,121.545460,121.679287,121.512556,121.601026,3968686.000000
2013-08-23,122.604668,122.735425,122.468038,122.533874,1763691.000000
2013-08-26,120.318473,120.397968,120.213870,120.300693,2957025.000000
2013-08-27,121.137148,121.225287,121.011377,121.117263,3744428.000000
2013-08-28,121.302155,121.486242,121.199162,121.404065,1749512.000000
2013-08-29,123.715461,123.771899,123.598762,123.623312,707217.000000
2013-08-30,124.591535,124.599287,124.508350,124.557034,1812747.000000
2013-09-02,125.294767,125.325115,125.097662,125.239191,559263.000000
2013-09-03,126.250494,126.294960,126.138973,126.168355,1895042.000000
2013-09-04,126.424882,126.431319,126.320781,126.336946,1551565.000000
2013-09-05,124.740571,124.834576,124.621832,124.811481,4944646.000000
2013-09-06,125.259211,125.413806,125.082412,125.315789,1209556.000000
2013-09-09,126.156663,126.297327,126.132111,126.170930,1379118.000000
2013-09-10,126.303774,126.413459,126.222158,126.340170,4414293.000000
2013-09-11,124.060562,124.144146,123.950208,123.966918,3917309.000000
2013-09-12,124.854128,124.864300,124.800720,124.808167,3821887.000000
2013-09-13,126.049251,126.261983,125.940218,126.063048,2114710.000000
2013-09-16,126.811447,126.828801,126.732188,126.772494,1105473.000000
2013-09-17,127.192399,127.243668,127.050267,127.188629,2865804.000000
2013-09-18,124.566597,124.569619,124.318076,124.441696,3534482.000000
2013-09-19,124.287159,124.517507,124.242160,124.298249,2947996.000000
2013-09-20,124.925637,124.932078,124.885214,124.903258,4292715.000000
2013-09-23,125.003747,125.115847,124.974661,125.025903,3263602.000000
2013-09-24,125.274438,125.376777,125.193719,125.210207,1551494.000000
2013-09-25,124.331970,124.391323,124.250092,124.262814,3000646.000000
2013-09-26,124.239117,124.411267,124.173887,124.275068,4378220.000000
2013-09-27,122.677672,122.823073,122.607938,122.726283,1594616.000000
2013-09-30,124.110060,124.245356,124.026664,124.224731,943818.000000
2013-10-01,122.414754,122.528496,122.232383,122.372096,4668499.000000
2013-10-02,121.832107,121.955590,121.819109,121.906015,3996664.000000
2013-10-03,122.380490,122.600752,122.244664,122.439826,1003961.000000
2013-10-04,124.086630,124.147540,123.982444,124.105316,4715416.000000
2013-10-07,123.644693,123.778723,123.617879,123.761275,3653085.000000
2013-10-08,121.326952,121.539064,121.284242,121.362463,4930116.000000
2013-10-09,120.894133,120.938838,120.856203,120.916113,1510462.000000
2013-10-10,121.387291,121.444214,121.186422,121.284493,3905557.000000
2013-10-11,119.953890,120.050634,119.773235,119.877951,3221370.000000
2013-10-14,121.166967,121.424882,121.113147,121.241676,4738878.000000
2013-10-15,123.441239,123.485830,123.285234,123.453834,3364399.000000
2013-10-16,124.883681,124.902484,124.832220,124.834236,2498136.000000
2013-10-17,125.870827,125.982553,125.717963,125.799648,563832.000000
2013-10-18,125.812678,125.923720,125.745340,125.781195,1490164.000000
2013-10-21,123.965726,123.994887,123.943868,123.978201,2395000.000000
2013-10-22,123.409535,123.554253,123.264910,123.345349,3768928.000000
2013-10-23,123.945421,123.948177,123.807721,123.907082,2306116.000000
2013-10-24,124.059981,124.164783,124.028859,124.103666,1096295.000000
2013-10-25,124.688477,124.911417,124.597703,124.763440,3959672.000000
2013-10-28,125.463435,125.631628,125.361024,125.439168,3584809.000000
2013-10-29,124.756522,124.973304,124.588818,124.860205,2908960.000000
2013-10-30,127.842491,127.848493,127.799140,127.838299,3415246.000000
2013-10-31,126.995359,127.124542,126.888655,127.007835,3139954.000000
2013-11-01,124.794466,124.987932,124.692853,124.774335,3651241.000000
2013-11-04,124.313170,124.440616,124.293145,124.382341,3761892.000000
2013-11-05,125.730241,125.835457,125.631032,125.766528,711976.000000
2013-11-06,127.047242,127.049738,126.953786,127.007486,3938263.000000
2013-11-07,124.683014,124.765152,124.524813,124.760272,2638276.000000
2013-11-08,126.650885,126.769417,126.399450,126.566145,946444.000000
2013-11-11,127.905359,127.919075,127.728614,127.844272,4998100.000000
2013-11-12,127.626340,127.671151,127.615616,127.667240,4416943.000000
2013-11-13,127.095109,127.360320,127.089781,127.157376,4419288.000000
2013-11-14,125.554891,125.691811,125.416209,125.494555,2653306.000000
2013-11-15,124.327839,124.341856,124.230657,124.341034,3444225.000000
2013-11-18,125.614202,125.796406,125.508813,125.584998,2568373.000000
2013-11-19,126.788216,126.844319,126.745490,126.777477,2709558.000000
2013-11-20,126.583846,126.613980,126.356208,126.547408,3394112.000000
2013-11-21,125.853093,125.929173,125.814626,125.833800,1119005.000000
2013-11-22,125.416268,125.564905,125.319586,125.320464,3739809.000000
2013-11-25,124.775216,124.977749,124.772437,124.829277,1271768.000000
2013-11-26,123.178963,123.340278,123.132551,123.259107,3745008.000000
2013-11-27,121.886897,121.956294,121.872827,121.930441,1415442.000000
2013-11-28,120.973163,121.060351,120.860991,121.032753,4287276.000000
2013-11-29,121.628359,121.636429,121.431595,121.511156,3562169.000000
2013-12-02,120.570907,120.608326,120.391270,120.511391,707435.000000
2013-12-03,121.091019,121.109040,121.062952,121.094599,1040351.000000
2013-12-04,121.798435,121.859491,121.647312,121.837856,1715087.000000
2013-12-05,122.201204,122.286758,122.084523,122.141416,1011224.000000
2013-12-06,121.704958,121.872248,121.651051,121.813547,1162210.000000
2013-12-09,119.775427,119.919837,119.712201,119.746651,2756029.000000
2013-12-10,121.129643,121.270005,121.068659,121.076164,1018870.000000
2013-12-11,121.906325,122.101491,121.760288,121.936313,4978791.000000
2013-12-12,120.093885,120.186611,120.068013,120.148585,3700179.000000
2013-12-13,120.753805,120.792344,120.598553,120.667583,4367012.000000
2013-12-16,119.665320,119.755335,119.661006,119.707607,2254999.000000
2013-12-17,122.586890,122.589091,122.513045,122.554195,3303376.000000
2013-12-18,123.473886,123.534745,123.467860,123.494042,1446335.000000
2013-12-19,122.211489,122.239090,121.999795,122.143874,681991.000000
2013-12-20,123.840099,123.922470,123.634341,123.718937,1443973.000000
2013-12-23,125.478583,125.564963,125.297296,125.441993,2917875.000000
2013-12-24,125.745233,125.893591,125.637448,125.799899,3066735.000000
2013-12-25,123.710130,123.756449,123.530693,123.657126,3489154.000000
2013-12-26,124.035304,124.115207,123.985690,124.042615,4763164.000000
2013-12-27,123.320860,123.451727,123.281491,123.419074,3888099.000000
2013-12-30,122.573709,122.653312,122.489831,122.494457,876673.000000
2013-12-31,121.263273,121.390016,121.075642,121.388632,1332824.000000
2014-01-01,121.111858,121.146067,121.095104,121.105243,2155883.000000
2014-01-02,120.205373,120.361681,120.015856,120.126456,3949275.000000
2014-01-03,122.502683,122.656144,122.410580,122.515729,1483919.000000
2014-01-06,122.286399,122.403771,122.247686,122.382608,4155561.000000
2014-01-07,121.464183,121.633536,121.452500,121.577657,4840145.000000
2014-01-08,121.441873,121.554813,121.340621,121.506898,4894675.000000
2014-01-09,120.803422,120.929545,120.730543,120.870664,2952589.000000
2014-01-10,121.438198,121.556103,121.217645,121.279563,1655614.000000
2014-01-13,121.719682,121.758400,121.614437,121.733843,1630411.000000
2014-01-14,123.850216,123.952167,123.793505,123.931723,2065601.000000
2014-01-15,124.118192,124.133797,123.931730,124.084470,3617371.000000
2014-01-16,124.132338,124.138414,124.052999,124.122506,4884357.000000
2014-01-17,123.655099,123.661085,123.558691,123.593263,2908551.000000
2014-01-20,124.178081,124.277548,123.923644,124.019823,3278492.000000
2014-01-21,123.234711,123.441261,123.183662,123.192026,1457331.000000
2014-01-22,121.716005,121.798907,121.605898,121.655370,2943560.000000
2014-01-23,122.190661,122.299234,121.992215,122.102129,3797623.000000
2014-01-24,121.942399,121.953083,121.859140,121.904393,2414669.000000
2014-01-27,121.541801,121.563735,121.411969,121.539935,990979.000000
2014-01-28,118.947924,118.964312,118.796769,118.885551,2035655.000000
2014-01-29,119.375205,119.557171,119.326686,119.382046,2184628.000000
2014-01-30,120.383673,120.449616,120.208944,120.336753,4185993.000000
2014-01-31,123.092354,123.123893,123.015205,123.042750,702546.000000
2014-02-03,123.240780,123.344543,123.170033,123.232486,4578487.000000
2014-02-04,126.629688,126.668521,126.596774,126.615459,557145.000000
2014-02-05,126.503707,126.641011,126.461521,126.504041,1149178.000000
2014-02-06,127.070178,127.176149,126.973376,127.114417,4276960.000000
2014-02-07,126.579927,126.916138,126.445478,126.765855,3339419.000000
2014-02-10,127.480311,127.585156,127.466497,127.478044,521368.000000
2014-02-11,128.461692,128.500859,128.386444,128.451379,1910335.000000
2014-02-12,130.540647,130.814886,130.417764,130.626053,3599950.000000
2014-02-13,130.522117,130.633000,130.347533,130.478963,2103471.000000
2014-02-14,128.703621,128.829149,128.679475,128.710899,4654268.000000
2014-02-17,128.033155,128.095600,128.009531,128.019892,2718987.000000
2014-02-18,126.797062,126.797183,126.630795,126.787805,2405319.000000
2014-02-19,125.990874,126.124474,125.857721,126.020691,1012019.000000
2014-02-20,125.052716,125.185463,124.876342,125.156386,793431.000000
2014-02-21,125.934563,125.992187,125.911335,125.971275,1977221.000000
2014-02-24,125.687608,125.792888,125.525078,125.602010,2202676.000000
2014-02-25,126.745903,126.964545,126.600755,126.778523,4443533.000000
2014-02-26,124.854750,124.884488,124.646585,124.779234,2657146.000000
2014-02-27,124.472733,124.516932,124.435658,124.496640,3228867.000000
2014-02-28,126.007913,126.177732,125.790748,125.988760,4912330.000000
2014-03-03,127.197672,127.301648,127.069734,127.246279,3326396.000000
2014-03-04,128.624549,128.788522,128.554251,128.636150,640578.000000
2014-03-05,130.816127,130.958251,130.670835,130.681649,3487807.000000
2014-03-06,132.409471,132.611308,132.377473,132.496966,3224704.000000
2014-03-07,133.258243,133.335826,133.107276,133.260130,2584223.000000
2014-03-10,132.752203,132.841194,132.739414,132.739843,2172767.000000
2014-03-11,132.032700,132.145963,131.904369,131.985971,1661854.000000
2014-03-12,132.218930,132.263424,132.132365,132.215129,2072827.000000
2014-03-13,133.505793,133.625849,133.452051,133.489554,4711443.000000
2014-03-14,131.947278,132.076414,131.891378,132.025305,2957096.000000
2014-03-17,131.964380,132.017525,131.757140,131.812032,1045662.000000
2014-03-18,131.627302,131.771424,131.624221,131.701392,3712794.000000
2014-03-19,133.392673,133.452270,133.295636,133.334345,1977410.000000
2014-03-20,130.271201,130.335267,130.247162,130.280401,2679450.000000
2014-03-21,129.420647,129.457388,129.325187,129.355919,3337640.000000
2014-03-24,129.214127,129.282019,129.189848,129.245170,1446502.000000
2014-03-25,130.378736,130.712802,130.249942,130.459819,3302399.000000
2014-03-26,131.841911,131.891101,131.799718,131.808278,3594874.000000
2014-03-27,132.061033,132.131485,131.875108,131.935511,1740899.000000
2014-03-28,131.046951,131.191255,130.787264,131.099196,2508892.000000
2014-03-31,131.276852,131.362947,131.020469,131.247980,3595848.000000
2014-04-01,130.799734,130.850562,130.551116,130.706495,4150486.000000
2014-04-02,129.310967,129.339987,129.196611,129.275216,1411988.000000
2014-04-03,127.092945,127.193951,126.976894,127.148150,635366.000000
2014-04-04,124.345257,124.499130,124.309502,124.393539,564014.000000
2014-04-07,123.419289,123.519040,123.306041,123.377859,2190147.000000
2014-04-08,125.022146,125.053454,124.879921,125.002492,4424382.000000
2014-04-09,125.171227,125.347125,125.148998,125.253006,829667.000000
2014-04-10,126.191680,126.273688,126.112621,126.235817,1719644.000000
2014-04-11,128.415489,128.478808,128.291041,128.376389,1393829.000000
2014-04-14,128.298605,128.432788,128.243628,128.275432,4378488.000000
2014-04-15,129.966619,130.035041,129.950726,129.986730,3269117.000000
2014-04-16,131.496013,131.520762,131.382096,131.482599,2606135.000000
2014-04-17,132.335919,132.339349,132.115631,132.304545,2149424.000000
2014-04-18,132.637933,132.716344,132.501205,132.706399,2100317.000000
2014-04-21,131.604117,131.707248,131.453519,131.636132,3002019.000000
2014-04-22,131.436892,131.546512,131.426751,131.475324,2942403.000000
2014-04-23,132.166019,132.221746,132.133558,132.202217,3339865.000000
2014-04-24,134.767054,134.800597,134.668469,134.771600,628777.000000
2014-04-25,134.114647,134.241000,133.869256,134.071990,3147474.000000
2014-04-28,135.216147,135.376354,135.165062,135.311832,1418338.000000
2014-04-29,134.907365,134.919450,134.568928,134.734602,1218980.000000
2014-04-30,135.983634,136.207373,135.903284,136.002899,2861813.000000
2014-05-01,133.149633,133.263573,133.031422,133.162108,3943020.000000
2014-05-02,134.666214,134.763510,134.502647,134.535883,3928221.000000
2014-05-05,136.851104,137.008078,136.696362,136.929539,2983679.000000
2014-05-06,135.409607,135.471681,135.137465,135.308488,2189673.000000
2014-05-07,134.760195,134.826107,134.590010,134.717830,2279995.000000
2014-05-08,134.750275,134.776513,134.540954,134.698482,4805847.000000
2014-05-09,134.918860,135.057814,134.845227,134.994320,2807051.000000
2014-05-12,134.848389,134.949577,134.716812,134.791513,3470278.000000
2014-05-13,134.503277,134.629537,134.433645,134.627974,967812.000000
2014-05-14,134.348422,134.469110,134.225384,134.407412,1087518.000000
2014-05-15,135.917520,135.959053,135.820839,135.843051,3122265.000000
2014-05-16,136.850048,136.997211,136.770654,136.955292,3218592.000000
2014-05-19,136.055129,136.108064,135.884227,136.008209,3128083.000000
2014-05-20,135.450247,135.758898,135.385644,135.626294,1913564.000000
2014-05-21,134.851738,134.960291,134.778429,134.896080,1597640.000000
2014-05-22,135.677094,135.771722,135.551593,135.608874,3751865.000000
2014-05-23,139.724420,139.738788,139.583078,139.713918,2958462.000000
2014-05-26,141.606237,141.738802,141.494171,141.701177,618824.000000
2014-05-27,144.530090,144.660178,144.310694,144.433656,1586549.000000
2014-05-28,143.014102,143.210256,142.869298,143.090459,3043448.000000
2014-05-29,140.969258,141.074718,140.847547,140.952357,3821661.000000
2014-05-30,141.427666,141.455176,141.283365,141.319638,1096246.000000
2014-06-02,142.897081,142.998217,142.836634,142.985339,4524066.000000
2014-06-03,142.012054,142.078727,141.914221,142.059451,1680166.000000
2014-06-04,140.082324,140.272978,139.934840,140.143525,1630979.000000
2014-06-05,140.023223,140.088729,139.977977,140.024915,4615592.000000
2014-06-06,138.850484,138.902318,138.618421,138.636033,1306311.000000
2014-06-09,138.892240,139.120954,138.843493,138.947328,2855840.000000
2014-06-10,139.167665,139.315934,139.006628,139.202525,1150806.000000
2014-06-11,137.985308,138.126262,137.897765,138.080835,1735126.000000
2014-06-12,141.417286,141.468534,141.253767,141.390556,1243827.000000
2014-06-13,140.179317,140.200238,139.998685,140.079592,2465819.000000
2014-06-16,139.927287,140.025605,139.805983,139.908494,1014506.000000
2014-06-17,142.817946,143.041769,142.797443,142.809177,3984001.000000
2014-06-18,139.706024,139.831440,139.522717,139.671311,3702763.000000
2014-06-19,138.530531,138.785137,138.475348,138.601301,3156449.000000
2014-06-20,135.862602,135.972587,135.631152,135.932548,4192734.000000
2014-06-23,138.385369,138.566201,138.380520,138.466196,598126.000000
2014-06-24,139.067002,139.166674,139.021222,139.152137,3281062.000000
2014-06-25,139.283841,139.554517,139.065077,139.160343,1176180.000000
2014-06-26,138.213609,138.341421,138.138852,138.194806,2026520.000000
2014-06-27,134.632867,134.757930,134.602570,134.701930,4069971.000000
2014-06-30,134.905539,135.019812,134.745539,134.981506,3862385.000000
2014-07-01,135.954571,136.069021,135.865276,135.997567,2651019.000000
2014-07-02,134.600406,134.888654,134.553469,134.735395,3769698.000000
2014-07-03,133.840837,133.936055,133.606708,133.893046,1221752.000000
2014-07-04,130.520774,130.650570,130.379543,130.615792,1517426.000000
2014-07-07,131.204313,131.219271,131.156758,131.204398,1985672.000000
2014-07-08,130.773599,130.810222,130.635666,130.808210,4229472.000000
2014-07-09,131.850406,131.942607,131.676628,131.822707,4344915.000000
2014-07-10,131.666483,131.828843,131.604439,131.627289,3019478.000000
2014-07-11,132.733591,132.737781,132.545822,132.587423,4978248.000000
2014-07-14,132.258282,132.376486,131.972328,132.122600,589136.000000
2014-07-15,132.345272,132.485869,132.275645,132.328713,1435457.000000
2014-07-16,131.854044,132.007752,131.713534,131.924269,1013669.000000
2014-07-17,127.626440,127.757132,127.520302,127.607059,4087427.000000
2014-07-18,126.262372,126.476511,126.246763,126.374155,1015688.000000
2014-07-21,126.677700,126.749005,126.580353,126.622514,2693259.000000
2014-07-22,127.705782,127.824747,127.588944,127.686494,2982753.000000
2014-07-23,128.279635,128.342934,128.025470,128.198121,1901661.000000
2014-07-24,128.063126,128.151940,127.934236,128.015332,2580185.000000
2014-07-25,125.561566,125.631879,125.558015,125.597610,1167073.000000
2014-07-28,123.824056,124.193883,123.807995,123.998734,3753545.000000
2014-07-29,123.948513,124.047130,123.905041,123.966887,1900602.000000
2014-07-30,121.755029,121.871588,121.721947,121.861530,3542452.000000
2014-07-31,121.866594,121.962514,121.820298,121.936391,2928184.000000
2014-08-01,119.576394,119.669256,119.429170,119.533777,3904683.000000
2014-08-04,117.655688,117.682881,117.522111,117.582341,2268559.000000
2014-08-05,116.202314,116.255847,116.053804,116.190614,1980646.000000
2014-08-06,115.750842,115.858728,115.720464,115.764732,922303.000000
2014-08-07,114.847995,114.856254,114.748202,114.807490,1427555.000000
2014-08-08,114.978050,115.107581,114.833485,114.878727,1453068.000000
2014-08-11,114.984981,115.029514,114.835542,114.888503,3868231.000000
2014-08-12,116.097158,116.178993,116.063930,116.144554,3443300.000000
2014-08-13,115.326646,115.343701,115.287100,115.314684,4749433.000000
2014-08-14,115.941728,116.002856,115.889860,115.944716,3988471.000000
2014-08-15,116.296200,116.330952,116.160211,116.209751,1673727.000000
2014-08-18,117.681907,117.770486,117.656792,117.740942,2604062.000000
2014-08-19,118.528112,118.566417,118.397045,118.431292,1139465.000000
2014-08-20,120.091773,120.135077,120.038882,120.109028,4498896.000000
2014-08-21,121.886935,122.137548,121.728992,121.968338,4907218.000000
2014-08-22,124.535119,124.558463,124.425549,124.477537,828032.000000
2014-08-25,124.601508,124.672328,124.554257,124.567919,3008499.000000
2014-08-26,125.452737,125.545216,125.363829,125.425123,2501382.000000
2014-08-27,125.103795,125.340122,125.091268,125.231725,4702596.000000
2014-08-28,127.557613,127.676583,127.381978,127.569104,3983844.000000
2014-08-29,128.784299,128.859554,128.646983,128.744313,1386221.000000
2014-09-01,128.349599,128.393279,128.112511,128.290440,4437738.000000
2014-09-02,127.201235,127.283589,127.103367,127.233083,2167828.000000
2014-09-03,128.090722,128.193004,127.885734,127.944481,1730647.000000
2014-09-04,128.479463,128.592836,128.390355,128.516466,2701085.000000
2014-09-05,132.262765,132.335324,131.976977,132.322892,4264077.000000
2014-09-08,134.955176,134.993417,134.866471,134.908582,4370544.000000
2014-09-09,138.190942,138.437510,138.178735,138.331971,2532054.000000
2014-09-10,137.225036,137.358145,137.121676,137.319081,4145602.000000
2014-09-11,137.813899,137.960976,137.642165,137.756097,3373769.000000
2014-09-12,140.481986,140.596213,140.368816,140.422620,3198754.000000
2014-09-15,140.943642,141.020360,140.863618,141.007272,2349143.000000
2014-09-16,139.031513,139.147691,138.818165,138.985940,1695967.000000
2014-09-17,137.640009,137.759612,137.589537,137.614612,3580998.000000
2014-09-18,136.204284,136.336334,136.108964,136.142313,548078.000000
2014-09-19,137.813209,137.853441,137.640656,137.673823,3712878.000000
2014-09-22,135.359773,135.514544,135.265251,135.384115,3019283.000000
2014-09-23,135.198801,135.295036,135.089442,135.199367,1180962.000000
2014-09-24,133.135230,133.226063,133.054797,133.111813,1186834.000000
2014-09-25,134.740485,134.800169,134.732119,134.769699,2053607.000000
2014-09-26,136.978999,137.150630,136.895436,137.080261,3799548.000000
2014-09-29,140.314417,140.420285,140.178947,140.228506,2271858.000000
2014-09-30,140.587650,140.613968,140.443531,140.475509,3039827.000000
2014-10-01,139.944643,140.001742,139.857317,139.906984,2208840.000000
2014-10-02,139.605817,139.845634,139.582924,139.673383,1121424.000000
2014-10-03,140.701237,140.915844,140.532326,140.712557,997060.000000
2014-10-06,142.016396,142.115401,141.762665,141.964267,2078728.000000
2014-10-07,140.918452,140.999210,140.877924,140.980349,4138304.000000
2014-10-08,140.289546,140.523270,140.247043,140.270797,4537144.000000
2014-10-09,140.693850,140.695226,140.525899,140.602761,1219701.000000
2014-10-10,140.325298,140.371546,140.235499,140.367830,1472635.000000
2014-10-13,139.564756,139.738465,139.235856,139.482489,4007367.000000
2014-10-14,140.298907,140.394571,140.268935,140.302411,1341100.000000
2014-10-15,140.023701,140.053924,139.908144,139.915050,4782820.000000
2014-10-16,141.354668,141.415366,141.148992,141.306219,2418340.000000
2014-10-17,141.680748,141.891164,141.625686,141.833181,618007.000000
2014-10-20,142.037454,142.130435,141.961308,141.962912,3736593.000000
2014-10-21,143.074220,143.203223,142.990841,143.064896,3180514.000000
2014-10-22,142.092026,142.239130,141.899227,142.199460,3045410.000000
2014-10-23,145.080771,145.123190,145.005133,145.097563,3351874.000000
2014-10-24,146.462139,146.670763,146.346717,146.609775,1900255.000000
2014-10-27,146.182445,146.197841,145.981682,146.046024,2853542.000000
2014-10-28,147.045994,147.159436,146.942461,147.046207,4799220.000000
2014-10-29,147.862573,147.895349,147.528759,147.707748,3872836.000000
2014-10-30,150.111311,150.141468,149.876766,150.065751,1763802.000000
2014-10-31,147.121701,147.200978,147.081106,147.159391,4147805.000000
2014-11-03,148.306724,148.343824,148.182033,148.283558,4477157.000000
2014-11-04,149.326755,149.596867,149.182084,149.408556,1713437.000000
2014-11-05,146.984433,147.143367,146.903340,147.065575,2709018.000000
2014-11-06,146.951185,147.061377,146.818377,146.936453,3989708.000000
2014-11-07,146.679723,146.881888,146.476619,146.775419,1372666.000000
2014-11-10,146.395218,146.437199,146.250386,146.378989,3168118.000000
2014-11-11,148.760321,148.861113,148.623685,148.672383,4212089.000000
2014-11-12,148.616704,148.780277,148.605813,148.654210,1469440.000000
2014-11-13,148.858834,148.858981,148.713211,148.768703,4218070.000000
2014-11-14,149.959666,149.991019,149.879427,149.961638,2319435.000000
2014-11-17,148.380983,148.446077,148.261478,148.415514,3758015.000000
2014-11-18,147.144239,147.205184,146.991360,147.145471,4328930.000000
2014-11-19,147.134635,147.183000,146.880467,147.132971,1310766.000000
2014-11-20,148.016058,148.028773,147.962926,147.964256,3133472.000000
2014-11-21,146.890313,147.026100,146.884208,146.925539,3303303.000000
2014-11-24,147.692843,147.758545,147.664967,147.726322,1703790.000000
2014-11-25,146.998093,147.056288,146.805440,146.913230,2106692.000000
2014-11-26,147.778058,147.872093,147.681896,147.766190,3537110.000000
2014-11-27,148.202226,148.671500,148.121105,148.320548,4804763.000000
2014-11-28,149.634741,149.839600,149.627816,149.692435,2647961.000000
2014-12-01,153.104122,153.162935,152.996551,153.094257,685583.000000
2014-12-02,153.239958,153.376591,153.139263,153.350975,3481405.000000
2014-12-03,151.706240,151.809095,151.654475,151.755928,2631768.000000
2014-12-04,152.802674,152.904356,152.651217,152.811979,3211733.000000
2014-12-05,153.475206,153.573145,153.403526,153.501139,1132038.000000
2014-12-08,154.488928,154.612737,154.333700,154.395969,3720126.000000
2014-12-09,154.937057,155.090895,154.814126,154.868980,4113398.000000
2014-12-10,153.163962,153.234290,153.040982,153.091775,4073061.000000
2014-12-11,153.005473,153.148305,152.939290,153.058022,569861.000000
2014-12-12,152.357847,152.591433,152.161098,152.299854,2565672.000000
2014-12-15,153.545593,153.699507,153.426392,153.530917,4232440.000000
2014-12-16,152.530261,152.558317,152.274559,152.433571,3122038.000000
2014-12-17,154.104029,154.108835,154.051849,154.088197,2060868.000000
2014-12-18,152.181725,152.281356,152.131303,152.222131,4205470.000000
2014-12-19,150.457693,150.487746,150.158162,150.370658,1989438.000000
2014-12-22,150.632151,150.715712,150.599572,150.656370,4227979.000000
2014-12-23,149.413559,149.470527,149.244984,149.334460,3900488.000000
2014-12-24,151.759598,151.928897,151.715692,151.794951,4817662.000000
2014-12-25,153.263852,153.333464,153.105834,153.326039,3230503.000000
2014-12-26,153.761381,153.891955,153.761354,153.814963,1153750.000000
2014-12-29,152.646913,152.919379,152.160796,152.752557,3391607.000000
2014-12-30,154.755892,154.838491,154.593439,154.812416,1357353.000000
2014-12-31,157.048618,157.201178,156.998993,157.179530,1822352.000000
2015-01-01,155.924396,156.022461,155.849298,155.902220,4544923.000000
2015-01-02,154.521385,154.673522,154.431878,154.549330,4498943.000000
2015-01-05,151.662533,151.724862,151.461328,151.511368,3345980.000000
2015-01-06,153.923078,154.004504,153.810964,153.912904,1329682.000000
2015-01-07,152.883648,152.967890,152.809491,152.903505,3802607.000000
2015-01-08,152.754010,152.938110,152.643597,152.875489,1196477.000000
2015-01-09,153.847709,153.970146,153.703863,153.895106,4408352.000000
2015-01-12,150.443542,150.466826,150.349676,150.408318,1614135.000000
2015-01-13,150.255006,150.378199,150.195850,150.318852,1258524.000000
2015-01-14,150.341511,150.420861,150.219384,150.232860,1609134.000000
2015-01-15,149.182585,149.236358,149.054206,149.115460,2056536.000000
2015-01-16,147.636225,147.868755,147.388966,147.793022,2993804.000000
2015-01-19,148.690623,148.750469,148.680095,148.710017,3047798.000000
2015-01-20,148.387794,148.441511,148.122721,148.307527,2868502.000000
2015-01-21,147.692702,147.760124,147.667551,147.673594,4853081.000000
2015-01-22,149.318064,149.431681,149.170122,149.369521,4412716.000000
2015-01-23,146.981480,147.063834,146.785365,146.948824,3567913.000000
2015-01-26,147.835742,148.016493,147.813816,147.864642,1577513.000000
2015-01-27,147.546092,147.694162,147.434868,147.564408,4201000.000000
2015-01-28,146.882614,146.978833,146.852760,146.878291,4293467.000000
2015-01-29,146.427225,146.630988,145.984050,146.377343,3875518.000000
2015-01-30,144.772078,144.815710,144.576840,144.744358,2487135.000000
2015-02-02,144.869073,144.939820,144.719632,144.813276,4538290.000000
2015-02-03,146.495114,146.505878,146.234107,146.464083,841960.000000
2015-02-04,145.007292,145.033352,144.965436,144.985289,2605991.000000
2015-02-05,144.910424,145.051256,144.674427,144.879781,2304476.000000
2015-02-06,146.377127,146.394732,146.268912,146.368202,774823.000000
2015-02-09,144.997346,145.041682,144.804333,144.910813,855718.000000
2015-02-10,147.060131,147.133514,146.815420,147.060616,2892138.000000
2015-02-11,148.364945,148.371186,148.248728,148.358299,1600375.000000
2015-02-12,148.098366,148.104825,147.936853,148.056005,2170484.000000
2015-02-13,147.921348,147.937396,147.620477,147.743755,1571554.000000
2015-02-16,148.622826,148.734423,148.368411,148.532474,2881731.000000
2015-02-17,148.716447,148.854832,148.632945,148.827514,3240202.000000
2015-02-18,148.654912,148.740303,148.567009,148.710426,3868161.000000
2015-02-19,147.205909,147.245780,147.108163,147.183286,4427068.000000
2015-02-20,144.909970,145.201928,144.769891,145.033943,2376797.000000
2015-02-23,146.353982,146.568282,146.281498,146.368969,2115156.000000
2015-02-24,148.240446,148.294540,148.194606,148.198900,3954857.000000
2015-02-25,148.040885,148.176824,147.961410,148.065838,2514600.000000
2015-02-26,145.556621,145.586582,145.307207,145.492264,1001467.000000
2015-02-27,145.098614,145.282141,145.020109,145.101513,2424029.000000
2015-03-02,144.539494,144.744872,144.441556,144.689123,2668343.000000
2015-03-03,144.023472,144.118616,143.833576,143.908171,3867655.000000
2015-03-04,142.376342,142.393717,142.196755,142.360962,1307810.000000
2015-03-05,141.375618,141.419119,141.057078,141.220694,2429795.000000
2015-03-06,143.445148,143.458202,143.306362,143.338023,4388701.000000
2015-03-09,142.047058,142.167999,142.046081,142.110790,3784448.000000
2015-03-10,144.090878,144.203507,143.918903,144.104998,3170335.000000
2015-03-11,143.662698,143.888745,143.621369,143.717762,3900948.000000
2015-03-12,147.073335,147.235161,146.884868,147.125039,1932484.000000
2015-03-13,145.233405,145.371378,145.181599,145.245562,1636078.000000
2015-03-16,146.169455,146.258622,145.868984,146.193859,2760924.000000
2015-03-17,146.401176,146.461116,146.223189,146.434539,1553584.000000
2015-03-18,147.802529,147.815466,147.560914,147.723650,3780077.000000
2015-03-19,145.921740,146.072658,145.877596,145.959866,4985616.000000
2015-03-20,147.242555,147.268018,147.024775,147.205473,2376981.000000
2015-03-23,148.902945,149.066595,148.854349,149.001248,819837.000000
2015-03-24,146.077525,146.104104,145.850355,145.958784,3516527.000000
2015-03-25,145.216477,145.311668,145.049689,145.218866,957634.000000
2015-03-26,147.331571,147.488021,147.026229,147.467155,1670548.000000
2015-03-27,148.178641,148.291261,148.060115,148.175234,3654469.000000
2015-03-30,145.381696,145.504590,145.218229,145.434267,4087479.000000
2015-03-31,149.539691,149.627763,149.410093,149.597510,2050904.000000
2015-04-01,149.025873,149.043636,148.907450,149.026034,2839363.000000
2015-04-02,149.715413,150.004615,149.633630,149.883272,2300660.000000
2015-04-03,150.218140,150.436394,150.115964,150.340146,1853460.000000
2015-04-06,146.485187,146.589774,146.255555,146.354131,1214761.000000
2015-04-07,147.395658,147.537922,147.250761,147.466393,2425735.000000
2015-04-08,147.176576,147.315831,146.950870,147.212908,2000960.000000
2015-04-09,146.345403,146.707329,146.114630,146.194409,1145349.000000
2015-04-10,144.760445,144.992954,144.634224,144.855360,679559.000000
2015-04-13,143.188957,143.290958,143.137724,143.148502,4801530.000000
2015-04-14,140.436244,140.644401,140.396699,140.434785,1441193.000000
2015-04-15,140.637380,140.719031,140.618030,140.655135,4347719.000000
2015-04-16,141.126107,141.216090,140.977678,141.054414,979027.000000
2015-04-17,143.175439,143.190396,142.952004,143.176359,4550525.000000
2015-04-20,142.353695,142.435585,142.216205,142.244702,4171598.000000
2015-04-21,143.678138,143.710511,143.570014,143.694207,4965137.000000
2015-04-22,143.880622,144.019143,143.761083,143.883559,1932063.000000
2015-04-23,141.867740,142.077020,141.783030,141.867831,4797800.000000
2015-04-24,142.859016,143.048238,142.771651,143.005720,1036274.000000
2015-04-27,142.370048,142.613261,142.321842,142.403678,1444293.000000
2015-04-28,144.773463,144.803559,144.635408,144.724363,1470819.000000
2015-04-29,144.145023,144.435227,144.099944,144.288680,4026127.000000
2015-04-30,144.876018,144.914322,144.813160,144.866841,4006158.000000
2015-05-01,148.193238,148.258848,148.072461,148.074014,4137466.000000
2015-05-04,148.087788,148.252263,148.086418,148.210724,1273089.000000
2015-05-05,148.147812,148.150114,148.048907,148.128625,767401.000000
2015-05-06,146.956009,147.264185,146.881693,146.945649,1149370.000000
2015-05-07,147.495951,147.546660,147.315946,147.467791,1895771.000000
2015-05-08,147.933057,147.942134,147.838389,147.926649,2410694.000000
2015-05-11,148.060425,148.290720,147.967766,148.021253,1002643.000000
2015-05-12,147.100430,147.264576,147.000695,147.101130,3358416.000000
2015-05-13,148.081777,148.123656,147.884250,148.017727,3023373.000000
2015-05-14,149.824605,149.963903,149.724042,149.802864,4109287.000000
2015-05-15,150.239286,150.324992,150.218648,150.302547,1805461.000000
2015-05-18,149.531231,149.634432,149.489418,149.608312,2804388.000000
2015-05-19,149.312105,149.413514,149.198228,149.275292,4182451.000000
2015-05-20,147.407319,147.413779,147.347320,147.360653,4121671.000000
2015-05-21,149.033193,149.196630,148.977382,149.047396,4098387.000000
2015-05-22,147.709096,147.971167,147.656260,147.870083,3199950.000000
2015-05-25,149.438312,149.481480,149.361389,149.374365,2002744.000000
2015-05-26,147.377130,147.577496,147.352378,147.418123,4299360.000000
2015-05-27,147.573938,147.659697,147.543366,147.642819,1501078.000000
2015-05-28,146.441100,146.449213,146.209866,146.377120,2620898.000000
2015-05-29,145.967420,146.077712,145.857659,145.932755,2821214.000000
2015-06-01,144.898731,145.073726,144.792859,145.036738,4121020.000000
2015-06-02,144.081632,144.215808,143.823432,143.973340,2601811.000000
2015-06-03,142.332298,142.671376,142.219370,142.477744,1955454.000000
2015-06-04,141.014179,141.156594,140.760790,141.089779,2466413.000000
2015-06-05,140.641012,140.771069,140.425263,140.586143,4108787.000000
2015-06-08,138.144567,138.178080,137.975226,138.067608,708323.000000
2015-06-09,136.038253,136.071489,135.778736,135.873436,4801319.000000
2015-06-10,136.641695,136.729767,136.593898,136.665640,3554641.000000
2015-06-11,137.793965,137.879864,137.736395,137.803436,2788598.000000
2015-06-12,136.751262,136.969441,136.650222,136.695400,1781808.000000
2015-06-15,136.521274,136.717146,136.449401,136.659704,4035500.000000
2015-06-16,136.378316,136.440259,136.196883,136.409303,2098987.000000
2015-06-17,136.431046,136.489296,136.276259,136.483080,3980174.000000
2015-06-18,135.713832,135.853419,135.557476,135.736687,3211564.000000
2015-06-19,133.400609,133.512563,133.245189,133.358982,821911.000000
2015-06-22,134.504763,134.640605,134.334312,134.397616,1596425.000000
2015-06-23,133.886419,133.945320,133.837372,133.944582,2916256.000000
2015-06-24,134.708075,134.763823,134.611321,134.749912,2568395.000000
2015-06-25,135.707596,135.827649,135.692850,135.780303,4254572.000000
2015-06-26,134.322251,134.490795,134.121229,134.290201,2572492.000000
2015-06-29,133.074112,133.157056,133.037202,133.115187,1023863.000000
2015-06-30,129.664572,129.821495,129.586968,129.818832,3435829.000000
2015-07-01,128.340841,128.363466,128.237857,128.323547,4012029.000000
2015-07-02,129.363944,129.563240,129.196969,129.357883,4222659.000000
2015-07-03,130.230715,130.247794,130.027005,130.164360,864853.000000
2015-07-06,131.183740,131.324904,131.170092,131.272604,3255724.000000
2015-07-07,131.668995,131.875069,131.634538,131.688968,2467311.000000
2015-07-08,129.720598,129.732881,129.670062,129.703010,3726037.000000
2015-07-09,130.563689,130.585592,130.426301,130.583311,4014820.000000
2015-07-10,128.731776,128.889413,128.691149,128.733959,1890089.000000
2015-07-13,128.542598,128.597226,128.535235,128.593015,4614458.000000
2015-07-14,128.632424,128.803105,128.485102,128.627167,3527869.000000
2015-07-15,128.481847,128.699552,128.402415,128.482537,3041343.000000
2015-07-16,127.672726,127.790044,127.550929,127.674900,3199182.000000
2015-07-17,125.162758,125.315048,124.929162,125.185723,4911601.000000
2015-07-20,125.663515,125.739192,125.521850,125.735003,1224979.000000
2015-07-21,128.003170,128.047440,127.903919,127.975490,1723139.000000
2015-07-22,125.982788,126.025036,125.943560,126.022884,2775610.000000
2015-07-23,125.254523,125.538417,125.131790,125.262890,2674547.000000
2015-07-24,125.063487,125.187141,125.022720,125.074248,2676272.000000
2015-07-27,125.568007,125.643984,125.535561,125.597735,1116851.000000
2015-07-28,124.864373,124.986045,124.780221,124.907399,817024.000000
2015-07-29,125.552415,125.624626,125.357925,125.435379,4618724.000000
2015-07-30,124.872460,124.935383,124.766921,124.858645,1059738.000000
2015-07-31,123.556834,123.661517,123.426531,123.562223,3679272.000000
2015-08-03,121.917655,121.991804,121.812854,121.927592,2447809.000000
2015-08-04,124.158035,124.272336,123.981839,124.090230,1599715.000000
2015-08-05,124.976103,124.978415,124.636609,124.891616,1724849.000000
2015-08-06,124.216513,124.325872,124.201445,124.204293,2057748.000000
2015-08-07,124.583508,124.674764,124.473148,124.525947,1023180.000000
2015-08-10,124.889575,124.922594,124.853007,124.860708,1578280.000000
2015-08-11,127.775817,127.918891,127.537845,127.717647,1130284.000000
2015-08-12,126.235005,126.324860,126.150121,126.205419,2205759.000000
2015-08-13,125.646718,125.756673,125.541216,125.681587,955533.000000
2015-08-14,127.207978,127.208922,126.987519,127.089180,952160.000000
2015-08-17,127.429204,127.565333,127.312751,127.480185,831577.000000
2015-08-18,127.796977,127.864859,127.795748,127.837702,2996753.000000
2015-08-19,125.688435,125.825732,125.643661,125.685778,2894366.000000
2015-08-20,125.289587,125.394084,125.197062,125.371535,2247390.000000
2015-08-21,126.191897,126.370369,126.116880,126.322850,4316718.000000
2015-08-24,123.681592,123.715827,123.466125,123.589812,587168.000000
2015-08-25,122.141722,122.146523,122.082954,122.118766,4698197.000000
2015-08-26,121.798327,121.951695,121.796916,121.857828,3039561.000000
2015-08-27,123.222239,123.305733,123.167000,123.256069,1199486.000000
2015-08-28,126.153218,126.281457,126.141270,126.246544,4803801.000000
2015-08-31,123.414154,123.417772,123.363878,123.370286,4328839.000000
2015-09-01,122.413852,122.436174,122.393642,122.407097,3770976.000000
2015-09-02,120.835093,121.021853,120.786772,120.964801,1419807.000000
2015-09-03,122.244304,122.382655,122.184658,122.266475,535519.000000
2015-09-04,122.593514,122.643600,122.372587,122.493967,1700900.000000
2015-09-07,121.934958,122.078267,121.878062,121.963078,1200022.000000
2015-09-08,122.982647,123.106145,122.892004,122.943618,1773381.000000
2015-09-09,123.226029,123.258767,123.102121,123.217468,2221177.000000
2015-09-10,124.438407,124.518875,124.388657,124.487909,1446028.000000
2015-09-11,125.924535,126.135857,125.834028,125.949448,1278603.000000
2015-09-14,125.281755,125.309083,125.134584,125.272062,1763855.000000
2015-09-15,126.279917,126.342684,126.035453,126.202721,1946964.000000
2015-09-16,125.122849,125.282689,125.066908,125.169537,4238140.000000
2015-09-17,125.246981,125.444815,125.118484,125.286110,4114942.000000
2015-09-18,126.362112,126.548814,126.210992,126.256036,4930585.000000
2015-09-21,126.618921,126.742547,126.463491,126.625014,3030657.000000
2015-09-22,126.734968,126.745277,126.674409,126.729261,3291982.000000
2015-09-23,127.568730,127.624434,127.436615,127.613839,4192000.000000
2015-09-24,127.845227,127.919379,127.730446,127.900982,3964294.000000
2015-09-25,129.697677,129.699625,129.398104,129.573863,4974153.000000
2015-09-28,128.753929,128.777440,128.686432,128.743472,3974898.000000
2015-09-29,129.281143,129.308099,129.142393,129.280115,3543866.000000
2015-09-30,130.322658,130.366583,130.241940,130.333032,3680440.000000
2015-10-01,129.916235,130.030852,129.795916,129.815141,2569738.000000
2015-10-02,130.973571,131.160648,130.885107,130.967203,3146813.000000
2015-10-05,129.591625,129.755679,129.480524,129.521762,4461485.000000
2015-10-06,126.544242,126.577524,126.470464,126.485976,4137301.000000
2015-10-07,127.494071,127.515256,127.381000,127.431035,4761479.000000
2015-10-08,127.217925,127.424110,127.086933,127.285788,4839099.000000
2015-10-09,129.235217,129.372323,129.157022,129.194176,3897037.000000
2015-10-12,129.849448,130.073758,129.847917,129.903541,1427501.000000
2015-10-13,128.295005,128.303073,128.184971,128.298252,3411814.000000
2015-10-14,127.369852,127.400364,127.331246,127.387200,4740790.000000
2015-10-15,127.893603,128.031335,127.852329,127.879545,2226476.000000
2015-10-16,130.619005,130.650453,130.519218,130.598456,4740688.000000
2015-10-19,129.669547,129.806923,129.640390,129.689088,4912915.000000
2015-10-20,129.809817,129.959942,129.784185,129.827571,3556563.000000
2015-10-21,130.076017,130.358550,129.884756,130.228130,1653116.000000
2015-10-22,130.874592,131.129956,130.676348,131.020136,2379112.000000
2015-10-23,132.725563,132.771394,132.687635,132.742469,1305130.000000
2015-10-26,134.556388,134.563262,134.469483,134.503714,4113244.000000
2015-10-27,134.069651,134.235081,133.999282,134.025818,680632.000000
2015-10-28,132.885714,133.040623,132.805728,132.947679,3838240.000000
2015-10-29,133.198003,133.229901,133.082867,133.083729,767450.000000
2015-10-30,132.815069,132.904764,132.714921,132.801865,3242940.000000
2015-11-02,132.981597,133.102398,132.966039,133.050976,2674460.000000
2015-11-03,133.953079,134.138103,133.947660,134.111845,3816741.000000
2015-11-04,133.604422,133.655892,133.540257,133.592280,1302888.000000
2015-11-05,134.920551,135.042017,134.831247,134.929633,4110310.000000
2015-11-06,136.552449,136.746652,136.467860,136.593219,4635089.000000
2015-11-09,138.371924,138.383288,138.224043,138.344130,1817476.000000
2015-11-10,140.402314,140.744725,140.261596,140.293551,3926834.000000
2015-11-11,141.175902,141.356693,141.032441,141.292934,4819010.000000
2015-11-12,143.036245,143.100020,142.752334,142.966451,3014998.000000
2015-11-13,144.420282,144.510388,144.347460,144.445512,920043.000000
2015-11-16,148.209877,148.524812,148.154638,148.244654,3441787.000000
2015-11-17,147.553934,147.575560,147.455058,147.562827,1834591.000000
2015-11-18,149.491810,149.559137,149.203679,149.331463,1371033.000000
2015-11-19,144.326946,144.447578,144.125558,144.320563,1790625.000000
2015-11-20,144.673466,144.832252,144.550147,144.764802,3542525.000000
2015-11-23,144.617060,144.824960,144.476548,144.607000,3986642.000000
2015-11-24,142.790916,142.951290,142.582136,142.664189,1219897.000000
2015-11-25,144.604074,144.766856,144.434486,144.691900,2318723.000000
2015-11-26,144.942438,145.018584,144.869901,144.997975,1621396.000000
2015-11-27,144.173307,144.248571,144.168402,144.187636,1514292.000000
2015-11-30,144.085802,144.162823,144.020427,144.061649,3971745.000000
2015-12-01,145.182855,145.271807,144.980246,145.103455,1433989.000000
2015-12-02,145.338658,145.513011,145.162073,145.364034,3724896.000000
2015-12-03,144.862675,144.888577,144.710059,144.815465,2332685.000000
2015-12-04,143.800131,143.994801,143.690446,143.808013,1605869.000000
2015-12-07,142.252732,142.274513,142.165679,142.219131,607344.000000
2015-12-08,144.900505,144.943168,144.865973,144.910530,3824311.000000
2015-12-09,143.867563,143.904968,143.509472,143.772319,1779861.000000
2015-12-10,148.665717,148.761740,148.566097,148.580240,1060037.000000
2015-12-11,147.647825,147.870877,147.615690,147.798472,1705160.000000
2015-12-14,148.487458,148.840335,148.210897,148.448482,937942.000000
2015-12-15,148.456427,148.599611,148.187895,148.358643,1421663.000000
2015-12-16,147.082507,147.190959,147.032126,147.169977,3071249.000000
2015-12-17,147.242266,147.353529,147.215280,147.248963,4880799.000000
2015-12-18,147.598183,147.603320,147.451156,147.559632,2195844.000000
2015-12-21,147.796721,147.860061,147.602951,147.820363,3105365.000000
2015-12-22,148.839869,148.868256,148.639579,148.768783,4346592.000000
2015-12-23,150.254956,150.400868,150.200122,150.204394,2136359.000000
2015-12-24,149.560838,149.647558,149.429290,149.585055,1027113.000000
2015-12-25,150.203778,150.259527,149.952403,150.082040,869412.000000
2015-12-28,151.484406,151.489507,151.233932,151.426755,3382392.000000
2015-12-29,152.128629,152.272793,152.026915,152.113985,4381819.000000
2015-12-30,149.782717,149.824760,149.554654,149.779032,4644562.000000
2015-12-31,153.205252,153.231633,153.188837,153.219085,1958243.000000
2016-01-01,149.213258,149.369643,149.063639,149.200231,2473041.000000
2016-01-04,149.189501,149.252328,149.039367,149.245425,4587583.000000
2016-01-05,150.699417,150.905003,150.600725,150.770440,3885726.000000
2016-01-06,153.579450,153.653953,153.501647,153.602121,3779321.000000
2016-01-07,153.733043,153.901668,153.471868,153.723866,961567.000000
2016-01-08,156.818873,156.954141,156.723934,156.853785,4242917.000000
2016-01-11,156.724130,156.930027,156.587381,156.774429,2045402.000000
2016-01-12,156.941156,157.056182,156.865677,156.915260,4373662.000000
2016-01-13,159.449297,159.713572,159.169321,159.299995,4035163.000000
2016-01-14,161.165838,161.243373,161.069567,161.212601,1381280.000000
2016-01-15,160.011493,160.219730,159.892525,159.954673,2618507.000000
2016-01-18,160.745440,160.819366,160.645174,160.703713,3833985.000000
2016-01-19,160.093146,160.127259,159.595744,159.992147,2961569.000000
2016-01-20,159.647447,159.705369,159.614183,159.621526,3838000.000000
2016-01-21,159.669772,159.669989,159.605011,159.610277,1081415.000000
2016-01-22,159.250581,159.393320,159.033511,159.217403,915388.000000
2016-01-25,163.032039,163.191822,162.896383,163.043853,2382894.000000
2016-01-26,160.178200,160.219260,160.111247,160.114483,1633275.000000
2016-01-27,163.180685,163.213099,163.167252,163.182897,3825719.000000
2016-01-28,162.287458,162.362510,162.074358,162.161678,1263973.000000
2016-01-29,164.031423,164.212250,164.018636,164.124794,3858701.000000
2016-02-01,162.685585,162.810518,162.504615,162.759256,2947499.000000
2016-02-02,161.351435,161.643846,161.331170,161.485325,4440509.000000
2016-02-03,161.350179,161.425722,161.145230,161.333018,2165756.000000
2016-02-04,159.636115,159.704103,159.552362,159.644813,4699677.000000
2016-02-05,159.903361,159.920796,159.880822,159.900680,3388478.000000
2016-02-08,159.504191,159.541175,159.492305,159.500179,883295.000000
2016-02-09,158.367965,158.428056,158.151625,158.364017,2091828.000000
2016-02-10,158.753225,158.879396,158.569309,158.683222,4745608.000000
2016-02-11,158.863619,158.914215,158.610294,158.815498,3610678.000000
2016-02-12,156.836137,156.848505,156.627737,156.703296,2932143.000000
2016-02-15,155.436756,155.576572,155.381619,155.428381,4751066.000000
2016-02-16,153.802806,153.843787,153.761081,153.776133,531267.000000
2016-02-17,155.245070,155.302493,155.139136,155.243433,1034851.000000
2016-02-18,154.069498,154.078519,153.931579,154.019602,4016680.000000
2016-02-19,154.821810,154.905007,154.548587,154.726529,3949444.000000
2016-02-22,154.411557,154.572144,154.246382,154.351366,4448323.000000
2016-02-23,154.558900,154.725135,154.498371,154.597264,4314291.000000
2016-02-24,157.343032,157.403284,157.232611,157.311309,2763094.000000
2016-02-25,157.786139,157.941282,157.643285,157.704961,649164.000000
2016-02-26,159.053720,159.234131,158.986661,159.076787,2794488.000000
2016-02-29,159.273780,159.345573,159.167880,159.200412,2599961.000000
2016-03-01,159.386732,159.627538,159.147338,159.252556,4070098.000000
2016-03-02,157.640193,157.755098,157.617944,157.680151,3625643.000000
2016-03-03,154.176051,154.217796,154.018704,154.121083,3126222.000000
2016-03-04,154.607062,154.773485,154.385083,154.561744,3694387.000000
2016-03-07,152.638993,152.664460,152.585057,152.618151,3781718.000000
2016-03-08,151.738259,151.840772,151.551718,151.672914,4643647.000000
2016-03-09,153.227034,153.313300,153.031089,153.129749,3693976.000000
2016-03-10,156.031868,156.143181,155.944431,156.126683,4806009.000000
2016-03-11,156.273528,156.418404,156.111146,156.340185,1092428.000000
2016-03-14,155.719346,155.821440,155.533276,155.709878,2707743.000000
2016-03-15,156.240668,156.256849,156.170101,156.222937,2139885.000000
2016-03-16,157.729109,157.816392,157.450278,157.645684,1169363.000000
2016-03-17,157.646068,158.059644,157.578951,157.788377,4103317.000000
2016-03-18,155.580773,155.739724,155.435010,155.539127,4154413.000000
2016-03-21,157.777241,158.053896,157.723274,157.861231,2812305.000000
2016-03-22,156.401556,156.593390,156.134051,156.332624,4680582.000000
2016-03-23,156.792910,156.844569,156.746134,156.798260,2398913.000000
2016-03-24,158.837170,158.938995,158.787379,158.909215,4940416.000000
2016-03-25,161.362710,161.498522,161.326929,161.479744,3418414.000000
2016-03-28,159.246618,159.385343,159.163110,159.243936,926088.000000
2016-03-29,162.055967,162.208640,161.828640,162.120812,4894278.000000
2016-03-30,162.516356,162.531433,162.188145,162.435434,1518783.000000
2016-03-31,163.075873,163.096723,162.915803,163.014447,3106354.000000
2016-04-01,161.667877,161.772896,161.470256,161.678292,4402305.000000
2016-04-04,159.640967,159.861426,159.598738,159.653365,4324761.000000
2016-04-05,157.774836,157.794616,157.616226,157.728077,1606467.000000
2016-04-06,155.401011,155.532232,155.271265,155.349489,1369489.000000
2016-04-07,157.165999,157.399960,157.161401,157.198200,2066234.000000
2016-04-08,157.783588,157.951342,157.675673,157.898699,4057828.000000
2016-04-11,158.585854,158.691468,158.419740,158.510458,2215952.000000
2016-04-12,157.825170,157.944793,157.771867,157.783484,550386.000000
2016-04-13,160.566559,160.776834,160.128606,160.647827,4310088.000000
2016-04-14,163.483950,163.506052,163.385856,163.503884,3107699.000000
2016-04-15,164.830312,164.944768,164.784364,164.821182,3607424.000000
2016-04-18,166.382041,166.552219,166.283709,166.394694,3694138.000000
2016-04-19,165.644196,165.664817,165.606131,165.660627,664792.000000
2016-04-20,164.272587,164.414064,164.116653,164.244067,698004.000000
2016-04-21,162.501329,162.503724,162.324002,162.432330,3639853.000000
2016-04-22,160.989000,161.250015,160.859517,161.081041,2346289.000000
2016-04-25,159.199705,159.240350,158.865309,159.177506,3062220.000000
2016-04-26,161.224518,161.498737,161.123300,161.188981,2785725.000000
2016-04-27,161.071190,161.103348,160.846497,160.931745,2266642.000000
2016-04-28,163.585478,163.703792,163.567410,163.573337,3810774.000000
2016-04-29,161.304538,161.486105,161.259263,161.309628,666625.000000
2016-05-02,160.476092,160.596054,160.242817,160.340352,3260494.000000
2016-05-03,162.349843,162.652006,162.349314,162.464910,2790003.000000
2016-05-04,161.719045,161.794284,161.473544,161.682754,2740011.000000
2016-05-05,160.732085,160.803200,160.453613,160.648561,3126192.000000
2016-05-06,160.566780,160.722200,160.333249,160.667955,2166631.000000
2016-05-09,158.647975,158.781124,158.601352,158.697523,1297876.000000
2016-05-10,158.237989,158.417907,158.197500,158.205939,601521.000000
2016-05-11,157.861442,158.039186,157.806314,157.894095,4073168.000000
2016-05-12,157.282102,157.366361,157.161506,157.260555,1955873.000000
2016-05-13,157.783792,157.909665,157.654555,157.701551,958017.000000
2016-05-16,157.702892,157.813954,157.561668,157.781959,3546652.000000
2016-05-17,157.196560,157.323899,157.182201,157.288130,2619482.000000
2016-05-18,158.706906,158.808075,158.645444,158.759432,1953952.000000
2016-05-19,161.421388,161.648681,161.406264,161.525493,2388839.000000
2016-05-20,160.929432,161.052879,160.736441,160.905293,1653977.000000
2016-05-23,159.475976,159.515214,159.332694,159.475149,3357618.000000
2016-05-24,159.303825,159.465553,159.019113,159.278669,2857179.000000
2016-05-25,163.297600,163.441288,163.190920,163.367883,2405226.000000
2016-05-26,161.539653,161.626460,161.439058,161.507876,3046485.000000
2016-05-27,161.146794,161.319910,161.134572,161.182969,4312821.000000
2016-05-30,158.784093,159.015233,158.772079,158.876549,3019507.000000
2016-05-31,158.915263,159.074680,158.803583,158.933276,3733430.000000
2016-06-01,157.936731,158.090231,157.845794,158.061583,1602339.000000
2016-06-02,161.144414,161.169254,160.815737,160.988651,555403.000000
2016-06-03,160.473021,160.768468,160.410454,160.551752,2853473.000000
2016-06-06,160.443745,160.667451,160.224593,160.375520,1260445.000000
2016-06-07,161.169051,161.286155,161.133570,161.158912,3236535.000000
2016-06-08,161.218616,161.343471,161.108048,161.273851,3937331.000000
2016-06-09,158.787062,159.027054,158.684774,158.921506,1252615.000000
2016-06-10,157.034254,157.243920,156.767412,157.018537,2403352.000000
2016-06-13,157.708414,157.748543,157.667930,157.673461,4827001.000000
2016-06-14,155.369127,155.393065,155.231355,155.267881,4027046.000000
2016-06-15,156.267556,156.285756,156.229787,156.234390,3486754.000000
2016-06-16,153.473727,153.531716,153.368250,153.504648,2700520.000000
2016-06-17,154.791086,155.022483,154.530341,154.893132,4664851.000000
2016-06-20,156.808668,156.866395,156.659306,156.860879,1208165.000000
2016-06-21,155.838039,155.929627,155.715326,155.761069,1244117.000000
2016-06-22,154.336660,154.507788,154.122290,154.483156,4591395.000000
2016-06-23,153.840374,153.873183,153.780103,153.859650,3078678.000000
2016-06-24,155.256840,155.258910,155.160867,155.234560,4688064.000000
2016-06-27,155.554815,155.813198,155.457426,155.650406,4910358.000000
2016-06-28,156.742598,157.047817,156.704321,156.776506,580419.000000
2016-06-29,155.986180,156.188717,155.840104,156.072911,1652692.000000
2016-06-30,157.252054,157.454229,157.185971,157.368599,4849553.000000
2016-07-01,157.440565,157.634788,157.301663,157.572022,2677086.000000
2016-07-04,155.232613,155.513042,155.210903,155.265410,2479183.000000
2016-07-05,153.728466,153.866433,153.662459,153.728674,2612262.000000
2016-07-06,155.488855,155.535107,155.417729,155.456558,2898346.000000
2016-07-07,154.997699,155.142146,154.813884,154.885327,3710018.000000
2016-07-08,157.157770,157.202607,157.001236,157.164683,2215892.000000
2016-07-11,157.475549,157.655326,157.407003,157.598859,4520518.000000
2016-07-12,161.969799,162.052530,161.854654,162.052157,3862392.000000
2016-07-13,161.849363,161.915728,161.682424,161.832064,2306045.000000
2016-07-14,163.520981,163.537764,163.373692,163.491502,4313962.000000
2016-07-15,164.855517,164.962876,164.819410,164.939872,3751294.000000
2016-07-18,165.228839,165.318790,165.090245,165.266283,560373.000000
2016-07-19,165.275899,165.424322,165.240149,165.359063,4678111.000000
2016-07-20,164.556419,164.735464,164.360110,164.513530,1090845.000000
2016-07-21,162.159321,162.395471,162.054475,162.200921,1967594.000000
2016-07-22,161.514730,161.692666,161.508417,161.619876,2559157.000000
2016-07-25,162.544517,162.589403,162.467314,162.567355,3893631.000000
2016-07-26,163.258519,163.299632,162.996219,163.156307,4565848.000000
2016-07-27,164.173124,164.216433,163.948938,164.056032,2751904.000000
2016-07-28,163.133139,163.157223,162.896213,163.012286,1862985.000000
2016-07-29,161.842023,161.979312,161.603734,161.890548,3979478.000000
2016-08-01,162.236127,162.410487,161.982985,162.150050,1532927.000000
2016-08-02,162.818849,163.044876,162.472834,162.827007,1744401.000000
2016-08-03,164.901913,165.215296,164.829407,164.985201,3992129.000000
2016-08-04,166.333003,166.395777,166.247871,166.268216,2858344.000000
2016-08-05,166.064885,166.251209,165.945152,166.194172,2178984.000000
2016-08-08,166.787435,166.917334,166.576407,166.788620,1705541.000000
2016-08-09,168.531323,168.746630,168.364418,168.509454,4821443.000000
2016-08-10,168.930694,169.097618,168.761084,168.984778,2609959.000000
2016-08-11,168.944835,169.067070,168.871988,168.971642,1576605.000000
2016-08-12,167.221661,167.383661,167.216307,167.294645,4310531.000000
2016-08-15,168.230674,168.287201,168.171178,168.178815,2132487.000000
2016-08-16,167.403551,167.458587,167.403312,167.408391,1723220.000000
2016-08-17,166.237972,166.467300,166.143919,166.149516,4421069.000000
2016-08-18,164.550741,165.023870,164.489915,164.659536,4450581.000000
2016-08-19,163.528087,163.756110,163.491319,163.547670,1932038.000000
2016-08-22,162.721071,162.756067,162.373957,162.578216,3944997.000000
2016-08-23,164.754559,164.914690,164.586876,164.898597,1404048.000000
2016-08-24,165.763976,165.873054,165.172477,165.509583,4601857.000000
2016-08-25,164.529741,164.580955,164.425475,164.547461,4622220.000000
2016-08-26,166.320667,166.437280,166.298884,166.350740,3211564.000000
2016-08-29,163.849020,163.945294,163.832534,163.874064,1254099.000000
2016-08-30,162.680438,162.801415,162.398478,162.567439,3455253.000000
2016-08-31,161.615361,161.754790,161.585249,161.638507,1972008.000000
2016-09-01,161.683306,161.796629,161.615561,161.694796,2256260.000000
2016-09-02,161.156945,161.417103,161.133882,161.316046,3030297.000000
2016-09-05,163.079545,163.137149,162.995349,163.115432,3544755.000000
2016-09-06,160.031495,160.066839,159.893093,159.992952,1450566.000000
2016-09-07,162.449305,162.514699,162.386677,162.430483,4091087.000000
2016-09-08,165.396307,165.489625,165.338091,165.480343,2368392.000000
2016-09-09,165.477374,165.506312,165.362351,165.363413,977606.000000
2016-09-12,165.300746,165.503097,165.295656,165.315521,2572329.000000
2016-09-13,166.760983,166.806383,166.720119,166.774928,2153434.000000
2016-09-14,170.165798,170.258708,169.909088,170.164210,2084408.000000
2016-09-15,165.985941,166.356193,165.948347,166.080151,1455773.000000
2016-09-16,167.440363,167.479610,167.346173,167.467407,3094301.000000
2016-09-19,166.287642,166.381339,166.245031,166.276559,4465246.000000
2016-09-20,165.559914,165.711997,165.524830,165.677614,2930800.000000
2016-09-21,163.019468,163.060337,162.906070,162.987366,2829765.000000
2016-09-22,162.922531,163.109272,162.911818,162.991130,4569498.000000
2016-09-23,164.339865,164.465200,164.002074,164.194606,1259008.000000
2016-09-26,163.722191,163.730170,163.523069,163.651912,2088324.000000
2016-09-27,162.919282,163.071295,162.909003,162.927736,4364731.000000
2016-09-28,165.643635,165.787012,165.598973,165.654787,3945768.000000
2016-09-29,164.824888,164.962400,164.732946,164.942464,1500177.000000
2016-09-30,167.058335,167.252210,167.055061,167.186114,2429711.000000
2016-10-03,168.998629,169.024738,168.818864,168.918467,2313867.000000
2016-10-04,170.014891,170.015176,169.806685,169.919140,681702.000000
2016-10-05,170.847376,170.989718,170.820734,170.919453,4910976.000000
2016-10-06,168.425042,168.441027,168.286219,168.398985,1384360.000000
2016-10-07,167.277086,167.358167,167.265309,167.313258,1887807.000000
2016-10-10,168.172211,168.272899,167.987659,168.195062,1784851.000000
2016-10-11,166.990012,167.390938,166.963224,167.081044,3974139.000000
2016-10-12,167.498678,167.705904,167.484411,167.634145,3266171.000000
2016-10-13,168.527170,168.649143,168.382938,168.481595,4936906.000000
2016-10-14,166.636624,166.637708,166.595312,166.612433,1807119.000000
2016-10-17,166.852953,167.038689,166.756273,166.877845,1923554.000000
2016-10-18,165.737692,165.943851,165.517225,165.649858,2713609.000000
2016-10-19,166.061180,166.246786,165.922806,165.945831,3462583.000000
2016-10-20,164.928820,165.051712,164.699895,164.908270,2374925.000000
2016-10-21,165.778760,166.063827,165.699574,165.958689,1981224.000000
2016-10-24,165.639686,165.930524,165.543945,165.644678,2199799.000000
2016-10-25,163.690444,163.858580,163.674798,163.856240,3237691.000000
2016-10-26,163.202945,163.308050,163.072346,163.303199,3073959.000000
2016-10-27,161.689951,161.774557,161.656956,161.725164,2478396.000000
2016-10-28,159.074026,159.386545,159.007453,159.281505,2264531.000000
2016-10-31,157.713965,157.845057,157.642365,157.810183,613986.000000
2016-11-01,157.836372,158.033038,157.720049,157.910421,1979313.000000
2016-11-02,158.959310,159.117662,158.937844,158.993246,845321.000000
2016-11-03,157.931004,157.952433,157.824886,157.910310,2287959.000000
2016-11-04,154.108366,154.135926,153.937154,154.030937,1713910.000000
2016-11-07,153.509963,153.532517,153.396355,153.496108,1094435.000000
2016-11-08,153.876136,153.896682,153.810070,153.890900,525147.000000
2016-11-09,153.360560,153.431666,153.211282,153.303838,2707392.000000
2016-11-10,154.673919,154.700825,154.579807,154.680510,655045.000000
2016-11-11,155.090230,155.213637,155.023454,155.162869,1260727.000000
2016-11-14,153.370725,153.435956,153.046561,153.294673,2399410.000000
2016-11-15,153.515284,153.576879,153.339212,153.480472,3989847.000000
2016-11-16,152.071346,152.227562,151.961709,152.117472,3301410.000000
2016-11-17,153.050344,153.086765,152.893668,153.049563,2879061.000000
2016-11-18,151.713133,151.803089,151.390199,151.669646,2651892.000000
2016-11-21,150.383533,150.577349,150.293085,150.410723,1158526.000000
2016-11-22,150.354233,150.440408,150.200349,150.235702,1128966.000000
2016-11-23,148.188581,148.258535,148.132630,148.216354,1682589.000000
2016-11-24,147.986446,148.151470,147.821659,148.092665,3570530.000000
2016-11-25,147.792623,147.822079,147.504309,147.694036,4851595.000000
2016-11-28,147.120211,147.135171,146.821780,146.981040,1714328.000000
2016-11-29,147.342088,147.473298,147.215799,147.325872,4868415.000000
2016-11-30,147.557317,147.609140,147.481210,147.534768,3206430.000000
2016-12-01,148.887173,149.095568,148.839366,149.001176,1464204.000000
2016-12-02,149.354890,149.559376,149.072728,149.188201,653289.000000
2016-12-05,146.324056,146.541079,146.182122,146.493997,4180915.000000
2016-12-06,146.555175,146.849178,146.546864,146.676600,4365420.000000
2016-12-07,144.167886,144.477648,144.072159,144.376646,3383375.000000
2016-12-08,141.974619,142.027464,141.808449,141.943267,2730912.000000
2016-12-09,141.374333,141.501323,141.310932,141.316192,3690300.000000
2016-12-12,144.041474,144.063527,143.752278,143.882720,3388326.000000
2016-12-13,141.866784,141.882583,141.829975,141.832369,1563807.000000
2016-12-14,141.183969,141.257586,141.135372,141.236145,641802.000000
2016-12-15,137.503261,137.635850,137.386062,137.450275,1470071.000000
2016-12-16,135.999827,136.060513,135.804567,135.942924,871880.000000
2016-12-19,135.496822,135.619675,135.447817,135.457352,1532464.000000
2016-12-20,137.896593,137.907083,137.806393,137.820020,1696508.000000
2016-12-21,138.324130,138.391547,138.219112,138.257903,4843296.000000
2016-12-22,139.059496,139.170452,138.999426,139.008281,741628.000000
2016-12-23,137.519992,137.585402,137.364834,137.568082,3508470.000000
2016-12-26,135.789359,136.076305,135.783461,135.970317,905893.000000
2016-12-27,136.042104,136.063805,135.820793,136.041422,1244394.000000
2016-12-28,136.601647,136.679158,136.566108,136.585609,631238.000000
2016-12-29,137.927849,138.073196,137.711253,138.051023,3566599.000000
2016-12-30,137.253343,137.359460,137.116561,137.217726,2063751.000000
2017-01-02,134.941688,134.967265,134.686320,134.852116,4738431.000000
2017-01-03,135.010283,135.094327,134.831094,135.078621,3984858.000000
2017-01-04,135.171420,135.177563,134.985270,135.084521,2807536.000000
2017-01-05,133.157656,133.181826,132.909191,133.055898,1191919.000000
2017-01-06,131.523783,131.617779,131.378199,131.519146,3435410.000000
2017-01-09,131.318015,131.442224,131.310628,131.348876,714944.000000
2017-01-10,131.283122,131.342272,131.173372,131.184120,3827938.000000
2017-01-11,133.931348,134.079462,133.894569,134.010529,3934807.000000
2017-01-12,135.146166,135.237508,135.135970,135.184079,2243111.000000
2017-01-13,134.577926,134.606415,134.535130,134.571056,4979147.000000
2017-01-16,136.051374,136.099003,136.003894,136.019693,2319641.000000
2017-01-17,136.005345,136.169153,135.989859,136.054029,1708160.000000
2017-01-18,134.259035,134.314404,134.114745,134.154190,599554.000000
2017-01-19,133.332918,133.403566,133.101643,133.364847,3030184.000000
2017-01-20,134.235398,134.278102,134.127601,134.135214,927058.000000
2017-01-23,133.405552,133.446210,133.095964,133.270339,4109735.000000
2017-01-24,133.072824,133.089141,132.938423,133.026463,2479118.000000
2017-01-25,130.423329,130.471781,130.362481,130.379753,3133553.000000
2017-01-26,131.916939,131.972819,131.897193,131.913637,4788412.000000
2017-01-27,134.808979,134.941491,134.677733,134.882294,802013.000000
2017-01-30,133.531407,133.633679,133.440199,133.571212,4498057.000000
2017-01-31,133.457253,133.550812,133.448922,133.461683,4395958.000000
2017-02-01,133.137511,133.340387,133.066243,133.124211,1381804.000000
2017-02-02,130.905471,131.064394,130.845423,130.922954,1177030.000000
2017-02-03,131.354276,131.542666,131.242389,131.319249,1792539.000000
2017-02-06,130.599752,130.653690,130.457469,130.623184,766140.000000
2017-02-07,130.746324,130.791675,130.670311,130.739772,2331958.000000
2017-02-08,131.132574,131.222765,131.011486,131.113353,4332109.000000
2017-02-09,130.631585,130.777258,130.615390,130.708959,1703628.000000
2017-02-10,130.585644,130.628624,130.465011,130.509702,3614313.000000
2017-02-13,131.553768,131.696525,131.316577,131.522232,4009215.000000
2017-02-14,132.822595,132.860169,132.771489,132.844552,4647257.000000
2017-02-15,132.096776,132.270408,132.096454,132.138972,3553416.000000
2017-02-16,132.344908,132.415648,132.306445,132.406132,4273278.000000
2017-02-17,130.807973,130.813930,130.704757,130.753315,4682821.000000
2017-02-20,132.115013,132.190761,132.071854,132.138564,2202740.000000
2017-02-21,131.029807,131.244787,130.989944,131.077981,2387398.000000
2017-02-22,130.618460,130.623682,130.587997,130.616453,4061748.000000
2017-02-23,132.288560,132.416884,132.267100,132.304807,4212876.000000
2017-02-24,133.069501,133.182915,132.869966,133.052005,3310387.000000
2017-02-27,132.951953,133.042143,132.804634,132.902881,2697842.000000
2017-02-28,131.980469,132.036615,131.681875,131.758007,746235.000000
2017-03-01,130.254712,130.420302,130.250233,130.291349,1862590.000000
2017-03-02,130.914161,131.010043,130.899714,130.949100,1163155.000000
2017-03-03,131.614818,131.780403,131.559459,131.756112,3944413.000000
2017-03-06,131.165788,131.184856,131.020064,131.156792,2873229.000000
2017-03-07,132.468186,132.499277,132.363535,132.437416,1784242.000000
2017-03-08,132.575644,132.651190,132.571287,132.599200,2325397.000000
2017-03-09,129.423713,129.496342,129.312579,129.376773,2118024.000000
2017-03-10,128.218671,128.306179,128.108991,128.157559,1684026.000000
2017-03-13,126.871036,126.888935,126.815412,126.832879,4634222.000000
2017-03-14,125.845392,125.920657,125.844026,125.883444,2094916.000000
2017-03-15,126.509673,126.645422,126.273303,126.521041,2824279.000000
2017-03-16,124.306525,124.544608,124.263714,124.337876,2052709.000000
2017-03-17,122.865424,123.015872,122.776344,122.958867,703260.000000
2017-03-20,122.027211,122.138638,122.020004,122.072261,4232931.000000
2017-03-21,123.088518,123.280269,122.919318,123.013936,1350474.000000
2017-03-22,123.684668,123.858481,123.595592,123.714837,3107037.000000
2017-03-23,125.790390,125.998163,125.726133,125.891892,3756510.000000
2017-03-24,126.580034,126.618480,126.512411,126.539841,2431807.000000
2017-03-27,126.956560,127.078818,126.832699,127.001798,3406921.000000
2017-03-28,127.477179,127.568958,127.317655,127.463722,4988210.000000
2017-03-29,126.898048,126.914318,126.845976,126.855139,2376184.000000
2017-03-30,126.005966,126.199477,125.844632,126.116927,2665810.000000
2017-03-31,124.171616,124.200152,123.936370,124.032745,4981872.000000
2017-04-03,126.015223,126.185572,125.963124,126.055056,1622086.000000
2017-04-04,126.778660,126.846109,126.481972,126.747114,3943067.000000
2017-04-05,125.497576,125.583506,125.399101,125.550387,564971.000000
2017-04-06,126.068217,126.162574,126.003623,126.160970,1404282.000000
2017-04-07,125.813734,125.906588,125.782593,125.851507,3066388.000000
2017-04-10,126.623822,126.736280,126.520848,126.647042,2817463.000000
2017-04-11,128.276947,128.469117,128.111726,128.152595,1381941.000000
2017-04-12,128.289188,128.429680,128.124363,128.221776,682210.000000
2017-04-13,128.906626,128.936687,128.846663,128.928181,1643117.000000
2017-04-14,127.990798,128.230500,127.909549,128.122244,2404478.000000
2017-04-17,130.494629,130.607290,130.475878,130.555291,2028416.000000
2017-04-18,129.442719,129.514346,129.379222,129.508035,4824287.000000
2017-04-19,133.179589,133.206042,133.007216,133.148629,4636336.000000
2017-04-20,134.170500,134.376489,134.093574,134.236232,1400341.000000
2017-04-21,134.146344,134.217045,134.104075,134.128504,2730269.000000
2017-04-24,131.440245,131.504530,131.282065,131.400626,1320887.000000
2017-04-25,132.157398,132.241346,132.035452,132.213630,3482749.000000
2017-04-26,132.898303,133.013900,132.799981,132.905246,3343388.000000
2017-04-27,133.372778,133.446761,133.241925,133.421491,1938090.000000
2017-04-28,133.221822,133.226955,132.959123,133.186439,4460936.000000
2017-05-01,134.813767,134.820573,134.692881,134.813682,1858929.000000
2017-05-02,133.570439,133.571694,133.364483,133.495294,2007198.000000
2017-05-03,133.535315,133.634125,133.497997,133.514350,2782211.000000
2017-05-04,133.418347,133.523270,133.395891,133.411956,2684143.000000
2017-05-05,135.596145,135.692584,135.277714,135.461707,3491011.000000
2017-05-08,138.001675,138.054963,137.840028,137.933284,4198178.000000
2017-05-09,136.607892,136.659417,136.543520,136.628714,752863.000000
2017-05-10,137.907698,138.132696,137.890039,137.999523,4480310.000000
2017-05-11,136.351472,136.481371,136.286218,136.410365,2235566.000000
2017-05-12,135.137501,135.230866,135.098241,135.154648,1814739.000000
2017-05-15,136.132209,136.240405,136.102312,136.177337,4671383.000000
2017-05-16,133.679860,133.750263,133.643513,133.690980,2968459.000000
2017-05-17,133.884504,134.107235,133.857140,133.926697,3107850.000000
2017-05-18,137.104497,137.137400,137.030257,137.126321,1932343.000000
2017-05-19,141.321400,141.458043,141.253331,141.457926,4842135.000000
2017-05-22,138.739847,138.796298,138.714158,138.785040,4232506.000000
2017-05-23,138.153335,138.378005,138.010827,138.166061,2469006.000000
2017-05-24,138.039626,138.187325,138.038849,138.049564,1561785.000000
2017-05-25,136.221264,136.409104,136.098662,136.152220,1395697.000000
2017-05-26,134.853679,134.941454,134.712881,134.902268,4636939.000000
2017-05-29,131.792544,131.896246,131.648877,131.819229,4435512.000000
2017-05-30,132.478112,132.662351,132.458013,132.526708,1157409.000000
2017-05-31,135.698173,135.867929,135.619517,135.695021,2152767.000000
2017-06-01,133.832187,134.091823,133.669431,133.704223,3700209.000000
2017-06-02,133.936819,134.082546,133.930459,133.962124,508094.000000
2017-06-05,135.130190,135.194198,135.027075,135.072548,3924891.000000
2017-06-06,135.036502,135.161186,134.936677,135.043936,535283.000000
2017-06-07,137.378050,137.477109,137.276218,137.359204,1161370.000000
2017-06-08,133.668015,133.914036,133.540683,133.736216,2295992.000000
2017-06-09,135.422969,135.529844,135.292368,135.503307,4731168.000000
2017-06-12,137.772490,137.925591,137.599015,137.870161,3824393.000000
2017-06-13,137.000133,137.161664,136.932252,136.963544,4777189.000000
2017-06-14,134.674250,134.908567,134.654765,134.770917,3968159.000000
2017-06-15,133.384266,133.491134,133.285804,133.346418,3156821.000000
2017-06-16,133.390762,133.467091,133.316094,133.416781,1305635.000000
2017-06-19,132.201787,132.368558,132.077429,132.314970,4651536.000000
2017-06-20,132.992144,133.060873,132.881686,132.963686,2129720.000000
2017-06-21,132.028589,132.205163,131.979603,132.048309,3966028.000000
2017-06-22,132.412686,132.428667,132.170318,132.398773,2852013.000000
2017-06-23,131.074069,131.194673,131.068033,131.163801,4879957.000000
2017-06-26,133.225378,133.409743,132.886888,133.136699,1146465.000000
2017-06-27,132.481539,132.501835,132.327384,132.437847,1481404.000000
2017-06-28,131.379119,131.487519,131.162414,131.316986,3920333.000000
2017-06-29,131.174127,131.230294,131.146281,131.158377,3981817.000000
2017-06-30,130.934646,131.035177,130.845070,130.957649,4562110.000000
2017-07-03,130.622163,130.734701,130.532703,130.725001,4839915.000000
2017-07-04,128.832930,128.842635,128.688392,128.824822,2849250.000000
2017-07-05,127.879021,127.934965,127.780046,127.909184,3339528.000000
2017-07-06,127.953392,128.012287,127.815225,127.983159,1058832.000000
2017-07-07,128.021668,128.104506,127.993420,128.083022,865117.000000
2017-07-10,127.113388,127.218127,126.995052,127.128583,1836123.000000
2017-07-11,125.046717,125.207642,124.961963,125.047458,4017783.000000
2017-07-12,126.161559,126.215921,126.008315,126.146249,1705326.000000
2017-07-13,125.920913,125.990153,125.909425,125.927380,1654343.000000
2017-07-14,127.139962,127.181339,127.089542,127.170691,830161.000000
2017-07-17,128.127462,128.142560,128.055530,128.077542,1566472.000000
2017-07-18,126.336964,126.401401,126.162733,126.220397,4320906.000000
2017-07-19,126.214884,126.233978,126.148193,126.213175,2534855.000000
2017-07-20,126.436880,126.512856,126.373163,126.414299,3168113.000000
2017-07-21,124.701715,124.747414,124.643234,124.662958,3504140.000000
2017-07-24,124.144884,124.217845,124.056164,124.117516,4334441.000000
2017-07-25,125.158250,125.305829,125.111029,125.166361,3476394.000000
2017-07-26,125.704992,125.846122,125.567348,125.607877,3519688.000000
2017-07-27,124.582225,124.790223,124.395953,124.466757,4434616.000000
2017-07-28,125.734818,125.883194,125.579193,125.819272,1049890.000000
2017-07-31,126.055985,126.153674,125.985438,126.063111,2483261.000000
2017-08-01,126.439152,126.611165,126.304754,126.482097,4390707.000000
2017-08-02,124.607349,124.698278,124.389023,124.629046,2479762.000000
2017-08-03,124.919455,124.967330,124.824045,124.911017,1841425.000000
2017-08-04,125.743463,125.769712,125.676813,125.693158,3285088.000000
2017-08-07,125.471020,125.619978,125.286351,125.553931,1226134.000000
2017-08-08,125.332678,125.357034,125.280413,125.291620,3375495.000000
2017-08-09,122.684472,122.907670,122.568455,122.754004,4370480.000000
2017-08-10,121.731407,121.811217,121.671850,121.780998,3054435.000000
2017-08-11,119.884229,120.136206,119.814301,119.934166,2180505.000000
2017-08-14,119.045723,119.102790,118.932664,119.031634,1015756.000000
2017-08-15,118.285760,118.340112,118.270319,118.282940,4836992.000000
2017-08-16,119.387072,119.490777,119.367913,119.417295,2833629.000000
2017-08-17,119.509718,119.752244,119.389191,119.560105,3528930.000000
2017-08-18,119.676076,119.737772,119.624094,119.639331,4322259.000000
2017-08-21,118.960593,119.054092,118.897395,118.982363,3694113.000000
2017-08-22,117.671687,117.697611,117.562077,117.675200,2925313.000000
2017-08-23,118.090272,118.194368,118.084405,118.102628,1843394.000000
2017-08-24,119.266834,119.358139,119.184967,119.285920,1226338.000000
2017-08-25,119.119283,119.202349,119.072393,119.147726,937241.000000
2017-08-28,120.205637,120.292305,120.146238,120.164193,1085116.000000
2017-08-29,121.033651,121.080180,120.965705,121.060622,3943407.000000
2017-08-30,120.493911,120.588067,120.338065,120.583228,4353702.000000
2017-08-31,119.949565,120.000062,119.925316,119.974583,2404113.000000
2017-09-01,117.917228,117.920626,117.873175,117.906868,1736900.000000
2017-09-04,117.277043,117.413417,117.210395,117.302847,688292.000000
2017-09-05,116.596330,116.648810,116.579037,116.612536,3409669.000000
2017-09-06,114.414865,114.536772,114.268783,114.467521,4939404.000000
2017-09-07,115.937464,116.042721,115.863146,116.009396,819623.000000
2017-09-08,116.696848,116.749747,116.570448,116.658673,2592144.000000
2017-09-11,116.246409,116.439409,116.211575,116.297796,1626488.000000
2017-09-12,114.768415,114.800760,114.661256,114.699694,4056966.000000
2017-09-13,115.914629,116.042361,115.897938,115.925465,2858688.000000
2017-09-14,116.336970,116.478482,116.299104,116.323309,4776088.000000
2017-09-15,116.462415,116.584929,116.228822,116.531870,4222181.000000
2017-09-18,119.261895,119.371161,119.089692,119.212563,4280709.000000
2017-09-19,120.156011,120.310367,120.046418,120.172667,861516.000000
2017-09-20,120.770501,120.775811,120.597799,120.707473,3004237.000000
2017-09-21,121.773609,121.843552,121.662768,121.821663,4004860.000000
2017-09-22,121.735886,121.869198,121.675210,121.820749,1940458.000000
2017-09-25,121.392951,121.422234,121.202736,121.380780,1994035.000000
2017-09-26,121.025461,121.084052,121.018293,121.040775,2655566.000000
2017-09-27,122.853985,122.912484,122.816616,122.865173,1823431.000000
2017-09-28,122.975705,123.094717,122.934879,122.957075,3427360.000000
2017-09-29,123.149376,123.333992,123.081391,123.169556,2880985.000000
2017-10-02,122.532346,122.651326,122.373241,122.602551,4161854.000000
2017-10-03,123.713330,123.739282,123.591921,123.631819,4560254.000000
2017-10-04,123.312180,123.392607,123.138258,123.389698,3297611.000000
2017-10-05,124.501810,124.511069,124.410700,124.451351,3904788.000000
2017-10-06,122.315484,122.465108,122.076620,122.401479,2191774.000000
2017-10-09,120.588503,120.601222,120.458201,120.541016,2236825.000000
2017-10-10,122.579606,122.586631,122.511574,122.571886,1877971.000000
2017-10-11,122.263598,122.324451,122.213885,122.320687,762286.000000
2017-10-12,122.207151,122.338220,122.168975,122.307306,4409234.000000
2017-10-13,125.999248,126.028494,125.929905,125.971953,4573601.000000
2017-10-16,126.724347,126.940990,126.566744,126.662703,4089854.000000
2017-10-17,127.609730,127.644137,127.403930,127.493586,1714695.000000
2017-10-18,126.215116,126.256573,126.063664,126.131701,3189842.000000
2017-10-19,127.645523,127.694043,127.574161,127.636471,3932913.000000
2017-10-20,129.530434,129.559152,129.425853,129.556107,1516044.000000
2017-10-23,127.933557,128.071012,127.715134,127.916564,2750706.000000
2017-10-24,128.110409,128.401144,127.892699,128.080361,3146377.000000
2017-10-25,125.993857,126.144240,125.919569,126.087120,2017231.000000
2017-10-26,125.812939,126.088361,125.634045,125.999565,2451660.000000
2017-10-27,123.453627,123.596871,123.346981,123.441439,516547.000000
2017-10-30,124.202017,124.286004,124.002283,124.193071,4972879.000000
2017-10-31,124.832195,124.863365,124.802186,124.858769,3667108.000000
2017-11-01,123.214418,123.277839,123.207135,123.276733,4240040.000000
2017-11-02,123.325759,123.531912,123.129902,123.285186,1219173.000000
2017-11-03,123.189569,123.312394,123.033232,123.092377,800596.000000
2017-11-06,125.635225,125.755262,125.633002,125.708761,4421996.000000
2017-11-07,126.043783,126.109202,125.984990,126.013073,2737574.000000
2017-11-08,127.291088,127.331741,127.258822,127.307183,4199137.000000
2017-11-09,129.036167,129.162244,128.880688,129.021181,2267057.000000
2017-11-10,129.324700,129.583348,129.126173,129.149772,4738515.000000
2017-11-13,126.429731,126.506074,126.317709,126.504750,2023810.000000
2017-11-14,127.039665,127.048438,126.878224,127.031018,2615065.000000
2017-11-15,127.220853,127.272038,127.169027,127.179778,3855958.000000
2017-11-16,125.953808,125.966741,125.836693,125.935864,4079394.000000
2017-11-17,123.947665,123.983924,123.638111,123.947375,758244.000000
2017-11-20,123.340086,123.341908,123.264690,123.320232,4453092.000000
2017-11-21,122.114620,122.239172,121.965800,122.204651,3373781.000000
2017-11-22,122.423981,122.549591,122.141335,122.349389,2778217.000000
2017-11-23,120.857639,121.027593,120.755651,120.945307,1457480.000000
2017-11-24,123.546861,123.572958,123.478343,123.480309,1326645.000000
2017-11-27,124.004136,124.095601,124.003880,124.025321,3309317.000000
2017-11-28,123.764692,123.917078,123.759524,123.879452,4216822.000000
2017-11-29,125.827122,125.900794,125.723097,125.799654,4609004.000000
2017-11-30,124.750635,124.863710,124.741532,124.825261,610286.000000
2017-12-01,127.603731,127.706315,127.462255,127.624495,3338789.000000
2017-12-04,127.310832,127.419269,127.215936,127.321516,2314779.000000
2017-12-05,126.766877,126.859360,126.572131,126.667436,526431.000000
2017-12-06,125.864756,125.884348,125.769550,125.852123,3959439.000000
2017-12-07,126.382584,126.408642,126.180143,126.284194,4203302.000000
2017-12-08,125.640957,125.700570,125.450161,125.573321,4057924.000000
2017-12-11,125.375071,125.486802,125.371348,125.374262,3090709.000000
2017-12-12,123.921992,123.932482,123.836620,123.912882,2565121.000000
2017-12-13,123.351786,123.383870,123.208055,123.343241,2041366.000000
2017-12-14,121.770812,122.072876,121.754070,121.847587,4703934.000000
2017-12-15,120.900115,121.047618,120.877171,121.022292,3473939.000000
2017-12-18,119.678086,119.767024,119.649338,119.682334,2036472.000000
2017-12-19,120.727800,120.948387,120.667457,120.702337,4556335.000000
2017-12-20,119.941445,120.120446,119.836505,119.981236,2980249.000000
2017-12-21,118.919910,119.020956,118.783721,118.972640,4638789.000000
2017-12-22,118.083853,118.214107,117.875179,118.054866,2769899.000000
2017-12-25,118.851123,118.938042,118.805260,118.868489,4832826.000000
2017-12-26,117.971365,118.008860,117.937152,117.962302,4286957.000000
2017-12-27,118.567844,118.801113,118.549751,118.596349,1110347.000000
2017-12-28,119.944027,120.007459,119.853330,119.884284,3359864.000000
2017-12-29,117.568759,117.601578,117.484525,117.551130,2671483.000000
2018-01-01,117.546647,117.727826,117.544480,117.616089,1708872.000000
2018-01-02,119.516398,119.550129,119.349638,119.440119,4264984.000000
2018-01-03,118.855791,118.870903,118.756282,118.853661,2228342.000000
2018-01-04,119.266626,119.359340,118.972543,119.127043,4983239.000000
2018-01-05,119.193805,119.300812,119.003521,119.179237,3674084.000000
2018-01-08,120.047910,120.129358,119.895829,120.018394,4808859.000000
2018-01-09,119.874045,119.939066,119.656783,119.871595,2973129.000000
2018-01-10,118.930509,119.074399,118.865946,119.045507,698328.000000
2018-01-11,121.665651,121.901470,121.508994,121.794450,846995.000000
2018-01-12,122.816334,122.961761,122.814916,122.863999,2386816.000000
2018-01-15,122.226786,122.362566,122.156147,122.274596,1261661.000000
2018-01-16,121.074196,121.124639,120.999860,121.083179,4553464.000000
2018-01-17,120.890119,121.033249,120.828170,120.919326,4224771.000000
2018-01-18,120.788172,120.997508,120.711386,120.714291,4865287.000000
2018-01-19,120.468437,120.477137,120.329136,120.456202,1847143.000000
2018-01-22,119.312187,119.335912,119.063118,119.242109,1540092.000000
2018-01-23,117.980367,118.087739,117.822583,117.976295,4443831.000000
2018-01-24,118.309499,118.437440,118.264554,118.386256,2607731.000000
2018-01-25,119.395187,119.531758,119.300789,119.423990,2037798.000000
2018-01-26,118.937726,119.042063,118.855624,118.917809,2833047.000000
2018-01-29,119.989930,120.082723,119.898031,119.996245,3504193.000000
2018-01-30,118.968691,119.120860,118.892627,119.110491,4406535.000000
2018-01-31,117.272171,117.487145,117.259089,117.337098,1048789.000000
2018-02-01,117.537659,117.645032,117.429870,117.532521,4256666.000000
2018-02-02,117.206474,117.275939,117.026270,117.122053,4219063.000000
2018-02-05,119.684555,119.692745,119.504914,119.584176,4203333.000000
2018-02-06,118.986880,119.053002,118.912265,119.014440,3617373.000000
2018-02-07,119.943158,120.127025,119.778389,119.858475,4410873.000000
2018-02-08,121.286608,121.287625,121.012332,121.144891,4116233.000000
2018-02-09,118.720706,118.739457,118.596315,118.706058,2783877.000000
2018-02-12,116.465892,116.571596,116.350166,116.435076,545549.000000
2018-02-13,117.066358,117.168386,116.948645,117.108883,3461984.000000
2018-02-14,118.243212,118.297346,118.042255,118.125880,1512374.000000
2018-02-15,119.417230,119.456875,119.300838,119.420036,581039.000000
2018-02-16,119.680465,119.686308,119.611402,119.664670,4639198.000000
2018-02-19,119.753509,119.769220,119.664134,119.700203,1490457.000000
2018-02-20,120.767828,120.925882,120.691341,120.722861,3772819.000000
2018-02-21,122.037516,122.066253,121.990298,122.031705,4755220.000000
2018-02-22,121.393643,121.527749,121.373330,121.450767,3454990.000000
2018-02-23,119.779969,119.844110,119.747917,119.766919,3228337.000000
2018-02-26,120.914567,121.089991,120.751312,120.941727,3192729.000000
2018-02-27,117.613320,117.626127,117.599044,117.610049,552535.000000
2018-02-28,116.696402,116.767071,116.686000,116.704715,512122.000000
2018-03-01,117.113374,117.142242,117.053124,117.124138,3869942.000000
2018-03-02,117.322324,117.323322,117.032394,117.190249,3101853.000000
2018-03-05,117.828290,117.953339,117.743175,117.777195,1711561.000000
2018-03-06,116.554772,116.607245,116.429640,116.560556,4951082.000000
2018-03-07,116.264644,116.270385,116.257266,116.261142,1482944.000000
2018-03-08,117.820778,117.834958,117.732997,117.798585,2676330.000000
2018-03-09,118.107170,118.139997,117.959390,118.090805,2583774.000000
2018-03-12,119.643121,119.786402,119.539449,119.658300,4053715.000000
2018-03-13,118.997890,119.125541,118.869001,119.011640,4369490.000000
2018-03-14,119.650157,119.718798,119.630782,119.675310,4812616.000000
2018-03-15,120.410499,120.483117,120.228859,120.357255,2668900.000000
2018-03-16,122.278228,122.392473,122.149233,122.356444,3425568.000000
2018-03-19,121.587228,121.652937,121.551728,121.571985,2843340.000000
2018-03-20,118.919706,119.077596,118.913303,118.940967,1487641.000000
2018-03-21,118.289232,118.380479,118.210662,118.270402,1081870.000000
2018-03-22,118.980304,119.106758,118.876492,119.020466,3520198.000000
2018-03-23,118.473788,118.499345,118.409950,118.478234,3597807.000000
2018-03-26,118.844647,118.910994,118.758601,118.897086,3658298.000000
2018-03-27,119.046927,119.065679,118.807068,118.966957,2851063.000000
2018-03-28,118.648734,118.691565,118.547704,118.682335,3090907.000000
2018-03-29,119.236938,119.319066,119.130679,119.268147,769863.000000
2018-03-30,119.967041,120.026488,119.864844,119.979588,4503482.000000
2018-04-02,117.887156,118.020894,117.692083,117.958244,1912011.000000
2018-04-03,117.393821,117.461081,117.393198,117.418815,4423745.000000
2018-04-04,116.806029,116.844356,116.760030,116.765811,1259632.000000
2018-04-05,118.905175,119.002937,118.871261,118.886630,1069998.000000
2018-04-06,119.962186,120.131276,119.912152,120.116347,1524366.000000
2018-04-09,118.458309,118.526308,118.360701,118.404113,2360965.000000
2018-04-10,118.857816,118.901839,118.754670,118.767053,3840501.000000
2018-04-11,118.720389,118.825981,118.614632,118.741416,2105501.000000
2018-04-12,120.735895,120.962764,120.673974,120.851240,4749836.000000
2018-04-13,123.428215,123.583663,123.359737,123.385291,3136321.000000
2018-04-16,123.944032,123.961301,123.816852,123.881308,747063.000000
2018-04-17,121.984548,122.045694,121.856314,122.005153,2247123.000000
2018-04-18,122.013143,122.123845,121.959585,122.003133,4582214.000000
2018-04-19,121.498322,121.544095,121.221288,121.456563,4870299.000000
2018-04-20,123.078918,123.097074,122.961411,122.991404,4480342.000000
2018-04-23,123.780685,123.842632,123.591092,123.757570,2812233.000000
2018-04-24,123.071712,123.118250,122.938974,122.994606,3727164.000000
2018-04-25,125.008143,125.126283,124.809960,124.993939,1975021.000000
2018-04-26,124.213293,124.288040,124.030422,124.246116,2179661.000000
2018-04-27,123.038728,123.167610,122.901064,123.033947,3795885.000000
2018-04-30,122.370547,122.463114,122.290430,122.393332,3551247.000000
2018-05-01,121.508385,121.636573,121.410681,121.462228,2491429.000000
2018-05-02,121.041891,121.111862,120.957281,121.065762,4804765.000000
2018-05-03,118.308748,118.511107,118.295406,118.369013,3889657.000000
2018-05-04,118.871914,118.904189,118.747784,118.837273,4799787.000000
2018-05-07,117.307515,117.460434,117.230527,117.367081,3184391.000000
2018-05-08,117.765136,117.937782,117.694103,117.872643,4719866.000000
2018-05-09,119.588101,119.746947,119.422051,119.549068,3534592.000000
2018-05-10,118.854719,118.997887,118.759626,118.980192,4137973.000000
2018-05-11,117.553322,117.701134,117.499995,117.598010,3821722.000000
2018-05-14,116.170972,116.228754,116.153616,116.174659,3092700.000000
2018-05-15,117.575280,117.588665,117.565080,117.587641,1010170.000000
2018-05-16,117.848833,118.072056,117.750951,117.816949,830998.000000
2018-05-17,118.574926,118.598813,118.442353,118.499100,944730.000000
2018-05-18,119.547238,119.670101,119.473060,119.642960,2207561.000000
2018-05-21,120.493421,120.591867,120.334194,120.476113,2446485.000000
2018-05-22,121.432067,121.564350,121.281248,121.380026,3789093.000000
2018-05-23,120.650147,120.885117,120.613497,120.621405,1006270.000000
2018-05-24,120.355086,120.365951,120.243497,120.365073,4053270.000000
2018-05-25,119.608416,119.667150,119.558872,119.631257,1893253.000000
2018-05-28,115.591555,115.691782,115.569578,115.679118,1379979.000000
2018-05-29,116.314483,116.421600,116.291566,116.353100,4589309.000000
2018-05-30,116.335487,116.369762,116.330159,116.338160,3950884.000000
2018-05-31,116.661081,116.720225,116.649453,116.712115,829873.000000
2018-06-01,116.558141,116.687310,116.431707,116.490242,3963130.000000
2018-06-04,119.241985,119.294344,119.176983,119.234721,4860357.000000
2018-06-05,118.329074,118.360728,118.237339,118.348748,3269655.000000
2018-06-06,118.126153,118.172518,117.896691,118.037161,3651670.000000
2018-06-07,117.356296,117.447963,117.191215,117.373536,2278034.000000
2018-06-08,115.347802,115.394553,115.239370,115.360840,3070567.000000
2018-06-11,115.970935,115.999147,115.843655,115.911222,1344063.000000
2018-06-12,113.819011,113.935549,113.774882,113.811075,1736753.000000
2018-06-13,114.216848,114.309428,114.069405,114.266807,4976077.000000
2018-06-14,111.707406,111.776003,111.704504,111.732609,1196276.000000
2018-06-15,112.498056,112.629447,112.492626,112.564835,1213773.000000
2018-06-18,113.013912,113.074026,112.931853,112.975627,1057589.000000
2018-06-19,112.204926,112.213164,112.078784,112.097709,508864.000000
2018-06-20,111.143221,111.300508,111.077087,111.212190,4035622.000000
2018-06-21,111.008202,111.152894,110.941203,111.079147,2477888.000000
2018-06-22,110.621002,110.653795,110.517647,110.581491,2901940.000000
2018-06-25,109.636877,109.714771,109.544311,109.611490,729237.000000
2018-06-26,110.035206,110.084035,109.858650,110.061559,3703435.000000
2018-06-27,111.252846,111.410906,111.213381,111.271070,732443.000000
2018-06-28,112.318127,112.368806,112.162274,112.334867,2517452.000000
2018-06-29,113.516111,113.576190,113.367474,113.487713,1448464.000000
2018-07-02,114.928964,115.049016,114.769454,114.946138,4576216.000000
2018-07-03,116.595678,116.752489,116.532884,116.573212,2548266.000000
2018-07-04,114.682460,114.789836,114.649334,114.691880,3237096.000000
2018-07-05,114.115308,114.244286,113.899859,114.078215,1168378.000000
2018-07-06,111.054637,111.115749,110.976792,111.036914,3407016.000000
2018-07-09,111.793031,111.952805,111.778384,111.807914,3354935.000000
2018-07-10,111.553631,111.641127,111.490932,111.583975,2802088.000000
2018-07-11,111.969508,112.041900,111.844277,111.948894,3120156.000000
2018-07-12,112.819021,112.829288,112.791045,112.814742,1940047.000000
2018-07-13,110.999848,111.074231,110.906273,111.007545,4587888.000000
2018-07-16,108.957537,109.041519,108.846614,109.000645,2860252.000000
2018-07-17,108.429602,108.481650,108.414185,108.444642,4614812.000000
2018-07-18,107.762278,107.803090,107.739082,107.765095,1576056.000000
2018-07-19,107.190665,107.290358,107.126733,107.286447,4652671.000000
2018-07-20,107.028996,107.071676,106.921527,107.037110,2342262.000000
2018-07-23,107.068610,107.189135,106.971186,107.016124,2346997.000000
2018-07-24,108.118769,108.250772,108.071455,108.101559,1777602.000000
2018-07-25,108.072152,108.189226,107.944877,108.179356,4104071.000000
2018-07-26,107.124611,107.176204,106.986202,107.093371,1331036.000000
2018-07-27,107.632229,107.672226,107.522449,107.541544,1833917.000000
2018-07-30,106.964362,107.171853,106.771003,106.879427,2904926.000000
2018-07-31,107.953770,108.023353,107.763954,107.848990,1850508.000000
2018-08-01,107.010496,107.078749,106.880877,107.013204,1161126.000000
2018-08-02,108.262349,108.320790,108.241027,108.282581,3107454.000000
2018-08-03,107.900726,107.982517,107.828279,107.847119,1277031.000000
2018-08-06,106.256021,106.404902,106.236337,106.303571,4509683.000000
2018-08-07,106.376897,106.540322,106.293591,106.428299,4120909.000000
2018-08-08,105.850167,106.064496,105.832144,105.904598,4895948.000000
2018-08-09,104.771294,104.792034,104.744956,104.777539,2027080.000000
2018-08-10,106.345604,106.361452,106.155074,106.305110,4773869.000000
2018-08-13,106.249950,106.262387,106.085622,106.163117,2318843.000000
2018-08-14,106.553007,106.780584,106.455041,106.616008,641056.000000
2018-08-15,104.911662,105.013705,104.844634,104.993908,1722395.000000
2018-08-16,103.324532,103.421136,103.267789,103.310885,1064718.000000
2018-08-17,103.033184,103.069594,102.912908,103.058231,2475566.000000
2018-08-20,103.311232,103.376874,103.222689,103.363998,2707883.000000
2018-08-21,103.122851,103.292966,103.081446,103.155926,3524211.000000
2018-08-22,102.307606,102.359461,102.172031,102.358389,3184586.000000
2018-08-23,102.145747,102.238134,102.059308,102.180260,3546373.000000
2018-08-24,102.285069,102.358804,102.252690,102.326907,3659206.000000
2018-08-27,103.092291,103.212371,103.038120,103.123345,3680233.000000
2018-08-28,103.087438,103.141664,103.051387,103.102404,4859860.000000
2018-08-29,104.168666,104.266699,104.127028,104.141322,554629.000000
2018-08-30,103.207076,103.215494,103.018701,103.094278,3304118.000000
2018-08-31,102.374223,102.431997,102.313124,102.395045,2369244.000000
2018-09-03,103.335764,103.380555,103.321041,103.364480,2544162.000000
2018-09-04,101.954551,102.025379,101.921955,102.006538,3404729.000000
2018-09-05,101.360328,101.456845,101.313895,101.422455,1682295.000000
2018-09-06,101.066611,101.159253,100.963345,101.091238,1821834.000000
2018-09-07,98.868282,98.954116,98.835282,98.947862,3809213.000000
2018-09-10,98.076516,98.161707,97.862806,98.036434,612935.000000
2018-09-11,98.115436,98.145837,98.055296,98.079412,3370985.000000
2018-09-12,97.590537,97.646968,97.577186,97.615923,1920847.000000
2018-09-13,97.499146,97.571149,97.406272,97.475888,2142252.000000
2018-09-14,97.263793,97.265570,97.170046,97.214106,2109531.000000
2018-09-17,96.625112,96.765785,96.576589,96.708089,2232369.000000
2018-09-18,96.667785,96.741555,96.493663,96.593655,652080.000000
2018-09-19,97.051916,97.164156,97.022262,97.121851,1606176.000000
2018-09-20,97.262640,97.355468,97.152213,97.314957,2143622.000000
2018-09-21,96.234220,96.319438,96.197541,96.259243,3789307.000000
2018-09-24,97.014067,97.163186,96.965244,97.066514,1250254.000000
2018-09-25,97.834461,97.899950,97.751494,97.824982,4539199.000000
2018-09-26,96.815970,96.886297,96.807714,96.860421,2933496.000000
2018-09-27,96.685377,96.783482,96.658633,96.720526,2765648.000000
2018-09-28,95.887569,95.921908,95.704784,95.853982,4987384.000000
2018-10-01,95.019837,95.084682,94.929003,94.964204,2650357.000000
2018-10-02,94.840298,94.852890,94.635251,94.811903,3776725.000000
2018-10-03,93.900004,93.910098,93.869998,93.899204,3251809.000000
2018-10-04,95.964671,96.052661,95.925210,96.030070,3541362.000000
2018-10-05,96.621727,96.636589,96.591931,96.594765,3315018.000000
2018-10-08,97.419748,97.497095,97.387182,97.395827,3920199.000000
2018-10-09,98.920241,98.937666,98.773662,98.827947,1909577.000000
2018-10-10,98.831581,98.873604,98.772128,98.851343,3267509.000000
2018-10-11,98.261318,98.446665,98.194245,98.318182,4432423.000000
2018-10-12,97.590883,97.596368,97.541682,97.578924,3229548.000000
2018-10-15,97.286396,97.336625,97.225063,97.297470,4773398.000000
2018-10-16,94.691658,94.700038,94.646053,94.652960,4661766.000000
2018-10-17,94.700449,94.712902,94.492491,94.621271,4892651.000000
2018-10-18,93.938650,93.990287,93.910284,93.971995,2542376.000000
2018-10-19,93.889268,93.905261,93.822010,93.900492,3018589.000000
2018-10-22,93.460564,93.639230,93.384574,93.465337,4326989.000000
2018-10-23,93.299966,93.428485,93.258035,93.332177,4782415.000000
2018-10-24,91.602555,91.705988,91.566545,91.626290,2284034.000000
2018-10-25,90.901214,90.927816,90.886160,90.908111,3215696.000000
2018-10-26,89.626832,89.707980,89.618630,89.647960,1377912.000000
2018-10-29,88.773548,88.877389,88.623807,88.743921,4041868.000000
2018-10-30,87.199851,87.408174,87.169557,87.250943,1496894.000000
2018-10-31,88.021932,88.147243,87.945515,88.042490,4007267.000000
2018-11-01,87.881482,87.924115,87.791070,87.880648,1041763.000000
2018-11-02,88.227374,88.325289,88.175970,88.276525,4770619.000000
2018-11-05,89.112052,89.155635,89.070199,89.087623,4651441.000000
2018-11-06,89.307490,89.359729,89.257760,89.305364,1769430.000000
2018-11-07,89.579716,89.648533,89.548056,89.571256,3821389.000000
2018-11-08,89.549045,89.659425,89.470944,89.588728,2557705.000000
2018-11-09,89.080167,89.129683,89.016686,89.022990,4395656.000000
2018-11-12,88.443932,88.488643,88.387392,88.453713,1818596.000000
2018-11-13,87.112413,87.202213,86.970625,87.107156,1343702.000000
2018-11-14,85.401703,85.410409,85.279357,85.392571,2973863.000000
2018-11-15,85.285483,85.374759,85.199672,85.237295,595650.000000
2018-11-16,85.654711,85.703873,85.652054,85.669445,3853554.000000
2018-11-19,86.009775,86.021482,85.956471,86.001644,532594.000000
2018-11-20,86.068429,86.111232,86.064883,86.077184,2931227.000000
2018-11-21,86.652701,86.679657,86.642742,86.647859,4138879.000000
2018-11-22,85.885633,86.003431,85.728803,85.859503,3341767.000000
2018-11-23,86.222060,86.388732,86.109701,86.275608,3731857.000000
2018-11-26,84.731483,84.760345,84.709798,84.756351,1482005.000000
2018-11-27,84.913727,84.952529,84.884342,84.924747,3490350.000000
2018-11-28,84.465996,84.489122,84.248597,84.401792,3755502.000000
2018-11-29,83.107591,83.151094,83.084134,83.121813,2706218.000000
2018-11-30,82.122032,82.141711,82.000544,82.049841,1131691.000000
2018-12-03,82.693381,82.731338,82.631620,82.683649,4584871.000000
2018-12-04,82.752397,82.857935,82.752242,82.785630,1709347.000000
2018-12-05,82.482824,82.487576,82.345340,82.405844,4819057.000000
2018-12-06,83.354247,83.410792,83.349803,83.354800,4462177.000000
2018-12-07,81.974811,82.054921,81.925119,82.002929,1440634.000000
2018-12-10,81.958727,81.976663,81.926609,81.926977,4349217.000000
2018-12-11,82.265352,82.328535,82.227916,82.290005,1087440.000000
2018-12-12,81.964354,81.990274,81.887005,81.975432,1518575.000000
2018-12-13,81.818611,81.830030,81.760015,81.786595,1583452.000000
2018-12-14,82.319521,82.410181,82.300229,82.318492,3158965.000000
2018-12-17,81.729042,81.729873,81.593685,81.706658,2377683.000000
2018-12-18,82.526628,82.582399,82.510846,82.542818,3392642.000000
2018-12-19,83.141769,83.192183,83.117530,83.192130,1296761.000000
2018-12-20,83.344577,83.469721,83.317882,83.359642,4391020.000000
2018-12-21,82.783303,82.829374,82.660356,82.820432,3227709.000000
2018-12-24,83.736998,83.874429,83.712420,83.840941,2779794.000000
2018-12-25,84.832838,84.903359,84.768019,84.829948,2599609.000000
2018-12-26,86.411634,86.461296,86.331331,86.454904,3542077.000000
2018-12-27,86.756429,86.765476,86.547907,86.651308,3082909.000000
2018-12-28,88.885493,89.049937,88.857202,89.020146,2130897.000000
2018-12-31,88.727407,88.765464,88.707534,88.749168,3223573.000000
2019-01-01,87.633007,87.683286,87.530616,87.632907,4507136.000000
2019-01-02,86.820975,86.883745,86.741172,86.841911,2211603.000000
2019-01-03,88.341455,88.386694,88.248812,88.261732,727541.000000
2019-01-04,88.574015,88.577716,88.523353,88.528480,651484.000000
2019-01-07,88.939070,88.945044,88.781167,88.926800,4560587.000000
2019-01-08,88.036409,88.038973,87.903249,87.970788,4849271.000000
2019-01-09,89.616368,89.658866,89.551969,89.576791,1927536.000000
2019-01-10,89.002059,89.060223,88.971610,89.046543,4299891.000000
2019-01-11,88.742857,88.766251,88.720042,88.761672,2406199.000000
2019-01-14,89.384880,89.436667,89.268747,89.307102,3886230.000000
2019-01-15,90.132190,90.158606,90.085650,90.097861,4232450.000000
2019-01-16,90.953435,91.014476,90.804213,90.879458,4401258.000000
2019-01-17,91.479990,91.540779,91.358503,91.456505,3528472.000000
2019-01-18,93.037121,93.114536,92.943854,93.014410,4231855.000000
2019-01-21,92.229221,92.321573,92.173079,92.314645,1501363.000000
2019-01-22,92.619733,92.667989,92.558444,92.650372,966348.000000
2019-01-23,92.865457,92.912943,92.728458,92.906085,2440635.000000
2019-01-24,92.611209,92.617457,92.503842,92.574338,3536117.000000
2019-01-25,92.592267,92.729680,92.551794,92.583651,4900974.000000
2019-01-28,94.722778,94.736256,94.644209,94.700687,3553583.000000
2019-01-29,95.859736,95.979755,95.807817,95.883722,1451022.000000
2019-01-30,95.466562,95.490367,95.462154,95.473501,1029246.000000
2019-01-31,94.536229,94.560735,94.392769,94.487305,1507933.000000
2019-02-01,95.645147,95.677067,95.563020,95.640352,4552937.000000
2019-02-04,94.564429,94.573246,94.469007,94.562975,4517166.000000
2019-02-05,93.969778,93.991119,93.860781,93.983249,4208792.000000
2019-02-06,93.565430,93.689530,93.536284,93.667191,3837931.000000
2019-02-07,93.524566,93.600635,93.440980,93.503543,1264730.000000
2019-02-08,94.259421,94.317130,94.239486,94.316952,3549601.000000
2019-02-11,94.820218,94.872907,94.780077,94.799192,4388354.000000
2019-02-12,94.601982,94.674341,94.572951,94.604962,3867789.000000
2019-02-13,94.095816,94.173086,94.013799,94.166359,4253059.000000
2019-02-14,93.060175,93.095412,93.006495,93.076429,2132220.000000
2019-02-15,93.868404,93.919661,93.809495,93.874798,3185682.000000
2019-02-18,94.442055,94.617030,94.373584,94.525680,4512146.000000
2019-02-19,96.563801,96.663259,96.462058,96.609561,1818817.000000
2019-02-20,97.510267,97.546921,97.354752,97.503402,4400398.000000
2019-02-21,98.614931,98.625863,98.499561,98.555225,534494.000000
2019-02-22,98.372223,98.410194,98.297591,98.396462,3067955.000000
2019-02-25,98.501582,98.513010,98.404729,98.456804,1391097.000000
2019-02-26,98.804970,98.820442,98.768424,98.807514,1610364.000000
2019-02-27,97.345136,97.371278,97.139865,97.239511,4942924.000000
2019-02-28,97.458711,97.463857,97.325732,97.441576,2525311.000000
2019-03-01,96.065101,96.223201,96.038376,96.075776,2092713.000000
2019-03-04,95.143191,95.154567,95.064095,95.104848,4852219.000000
2019-03-05,93.850095,93.915278,93.847754,93.909568,2524031.000000
2019-03-06,93.605546,93.660051,93.573699,93.611950,658741.000000
2019-03-07,92.878068,92.903025,92.821329,92.867631,4803411.000000
2019-03-08,92.610372,92.693394,92.479651,92.530437,1280763.000000
2019-03-11,92.911040,93.091437,92.884623,92.971197,2393892.000000
2019-03-12,92.635711,92.668754,92.554604,92.581815,2132609.000000
2019-03-13,93.000532,93.002264,92.911132,92.984236,4256206.000000
2019-03-14,93.690301,93.719301,93.515775,93.628723,2918629.000000
2019-03-15,91.910649,91.978872,91.778239,91.966865,4309286.000000
2019-03-18,92.268930,92.373406,92.192664,92.194480,4793515.000000
2019-03-19,91.804717,91.835994,91.658070,91.764797,2015633.000000
2019-03-20,92.178389,92.198389,92.138957,92.172184,3491561.000000
2019-03-21,94.729269,94.751964,94.651414,94.666728,1651164.000000
2019-03-22,96.247426,96.395170,96.220811,96.304070,4329752.000000
2019-03-25,95.663736,95.776204,95.589723,95.595850,4891571.000000
2019-03-26,95.014322,95.047816,94.853168,94.957234,1197935.000000
2019-03-27,95.931860,95.994085,95.850453,95.911266,3296637.000000
2019-03-28,95.509790,95.608256,95.408366,95.585704,785678.000000
2019-03-29,96.632703,96.715104,96.580411,96.676417,3433136.000000
2019-04-01,97.258007,97.340453,97.234022,97.327539,4817934.000000
2019-04-02,97.776450,97.888278,97.710638,97.807318,1605327.000000
2019-04-03,98.493180,98.554538,98.429696,98.515304,2586295.000000
2019-04-04,97.855671,97.882746,97.749225,97.854432,2317810.000000
2019-04-05,96.547833,96.627698,96.526020,96.613715,4689927.000000
2019-04-08,97.471871,97.576308,97.434393,97.481907,3995855.000000
2019-04-09,97.612142,97.697017,97.518299,97.610055,2591235.000000
2019-04-10,96.347610,96.408120,96.330646,96.371941,2115540.000000
2019-04-11,97.344095,97.477601,97.341087,97.389137,3319502.000000
2019-04-12,97.839987,97.916918,97.790240,97.824105,1859768.000000
2019-04-15,97.599613,97.626954,97.500835,97.593431,1967574.000000
2019-04-16,97.149501,97.190711,97.048364,97.165779,3496098.000000
2019-04-17,98.098481,98.187782,97.979159,98.145705,2902086.000000
2019-04-18,98.151940,98.267259,98.103346,98.170364,3301544.000000
2019-04-19,97.769022,97.815400,97.716142,97.757687,3262111.000000
2019-04-22,96.265069,96.355938,96.144623,96.188843,3750944.000000
2019-04-23,96.940461,96.971204,96.816802,96.894582,1088591.000000
2019-04-24,96.403980,96.459249,96.328044,96.397261,2208084.000000
2019-04-25,97.304281,97.403512,97.200091,97.363311,1248605.000000
2019-04-26,98.190341,98.391505,98.097813,98.292783,3922329.000000
2019-04-29,99.403682,99.440402,99.381189,99.388372,4904512.000000
2019-04-30,98.471273,98.622330,98.440121,98.546864,3131575.000000
2019-05-01,98.866161,98.962971,98.839823,98.862870,3938630.000000
2019-05-02,98.285883,98.383662,98.160590,98.236663,2824215.000000
2019-05-03,97.693218,97.791569,97.632740,97.759091,999413.000000
2019-05-06,96.766407,96.882291,96.624031,96.741639,3537180.000000
2019-05-07,95.983159,96.047786,95.878041,95.913810,4335718.000000
2019-05-08,95.281495,95.358154,95.244605,95.339844,855633.000000
2019-05-09,95.610653,95.712385,95.454494,95.632817,3978631.000000
2019-05-10,95.949119,96.120693,95.932614,96.018686,2634482.000000
2019-05-13,97.388070,97.541746,97.380814,97.458584,4960231.000000
2019-05-14,96.828584,96.945973,96.779663,96.850586,4883444.000000
2019-05-15,98.354717,98.367209,98.290172,98.317462,1418420.000000
2019-05-16,98.094355,98.138092,97.986245,98.127058,535961.000000
2019-05-17,98.092600,98.108817,98.065097,98.089146,1774661.000000
2019-05-20,96.746298,96.791101,96.690540,96.784891,4837959.000000
2019-05-21,96.514817,96.535536,96.468695,96.479256,1852255.000000
2019-05-22,94.962677,95.033481,94.914482,95.015872,4355089.000000
2019-05-23,93.619314,93.702938,93.617636,93.650487,3688004.000000
2019-05-24,93.943975,94.006762,93.902330,93.917564,2923720.000000
2019-05-27,95.221682,95.272179,95.129223,95.220765,3031718.000000
2019-05-28,95.078309,95.081272,95.033015,95.036280,3475685.000000
2019-05-29,95.425059,95.476525,95.345852,95.475299,4676153.000000
2019-05-30,95.590290,95.653933,95.542230,95.643908,1281154.000000
2019-05-31,94.623169,94.676865,94.570087,94.653572,4536667.000000
2019-06-03,93.723780,93.863923,93.663788,93.773895,2677262.000000
2019-06-04,94.788535,94.808206,94.666852,94.803870,2907887.000000
2019-06-05,95.205042,95.365808,95.176008,95.305736,827231.000000
2019-06-06,95.514158,95.593234,95.488988,95.559113,3739658.000000
2019-06-07,95.558348,95.626175,95.456676,95.578093,3522034.000000
2019-06-10,96.441712,96.485723,96.344394,96.360243,3823153.000000
2019-06-11,95.815780,96.016192,95.776014,95.884610,2574743.000000
2019-06-12,96.363482,96.425288,96.253999,96.337639,4306937.000000
2019-06-13,97.017465,97.055503,96.939368,97.037098,4682305.000000
2019-06-14,96.193346,96.290113,96.150019,96.278678,883503.000000
2019-06-17,95.463406,95.634823,95.375089,95.513830,532671.000000
2019-06-18,97.155977,97.234587,97.039147,97.074663,3912995.000000
2019-06-19,96.786228,96.867843,96.653155,96.741880,4469573.000000
2019-06-20,95.953947,96.035800,95.877595,95.883184,3540205.000000
2019-06-21,96.300982,96.387062,96.259990,96.352024,4828484.000000
2019-06-24,96.243290,96.317430,96.235855,96.298462,1783053.000000
2019-06-25,94.402725,94.493343,94.333286,94.471934,3756860.000000
2019-06-26,94.918990,94.941551,94.860642,94.908920,1021541.000000
2019-06-27,95.129325,95.148660,95.062966,95.099712,3425729.000000
2019-06-28,95.216769,95.312532,95.037840,95.175981,3219716.000000
2019-07-01,96.020140,96.038923,96.007206,96.018792,2467155.000000
2019-07-02,95.537744,95.690284,95.492845,95.576498,4330574.000000
2019-07-03,94.481744,94.513081,94.343318,94.459700,4797539.000000
2019-07-04,93.962561,94.069430,93.958151,93.980648,3943122.000000
2019-07-05,94.605504,94.766394,94.469694,94.719933,526003.000000
2019-07-08,94.706875,94.748921,94.621084,94.726120,3938243.000000
2019-07-09,94.140101,94.216821,93.974754,94.118952,4959886.000000
2019-07-10,93.879724,93.905954,93.850955,93.869656,2016910.000000
2019-07-11,93.631390,93.750827,93.565623,93.671129,1495951.000000
2019-07-12,94.032185,94.093778,93.955350,94.015526,3332220.000000
2019-07-15,93.683904,93.836293,93.662106,93.676058,1161103.000000
2019-07-16,93.202869,93.267868,93.123106,93.187199,796406.000000
2019-07-17,94.439243,94.491665,94.369151,94.413982,2877925.000000
2019-07-18,93.862966,93.888229,93.803186,93.838080,2749359.000000
2019-07-19,95.305784,95.404797,95.095547,95.272221,4816138.000000
2019-07-22,96.072112,96.168418,95.916880,96.121300,762156.000000
2019-07-23,95.792923,95.886775,95.670093,95.749611,4784559.000000
2019-07-24,97.558485,97.679211,97.467781,97.563363,2635679.000000
2019-07-25,97.691552,97.817600,97.547795,97.676344,4787590.000000
2019-07-26,98.305806,98.439726,98.206680,98.287403,4321796.000000
2019-07-29,97.039307,97.134583,96.988074,96.997920,1142314.000000
2019-07-30,96.272210,96.281326,96.244175,96.275696,4093693.000000
2019-07-31,96.411134,96.507734,96.327263,96.368769,1676381.000000
2019-08-01,95.768963,95.798003,95.741434,95.777025,4421095.000000
2019-08-02,95.235032,95.268386,95.213199,95.221345,4806620.000000
2019-08-05,93.625498,93.766753,93.502271,93.689845,1037735.000000
2019-08-06,93.299029,93.371683,93.223938,93.309085,3415841.000000
2019-08-07,92.284419,92.405263,92.209090,92.216290,3440387.000000
2019-08-08,92.217320,92.276643,92.083283,92.139040,727705.000000
2019-08-09,92.535131,92.614313,92.465288,92.581474,1133705.000000
2019-08-12,93.727181,93.757506,93.630574,93.680594,4502919.000000
2019-08-13,92.927001,92.997863,92.850765,92.878054,1569162.000000
2019-08-14,93.110805,93.227841,93.041701,93.191627,4577414.000000
2019-08-15,91.603405,91.646230,91.592473,91.624768,3793903.000000
2019-08-16,92.447142,92.497772,92.380383,92.488951,2170553.000000
2019-08-19,92.064827,92.087014,91.960397,91.999169,4755420.000000
2019-08-20,92.245757,92.314262,92.206311,92.240231,2635839.000000
2019-08-21,92.953004,92.995092,92.761362,92.920591,1181724.000000
2019-08-22,92.173721,92.212075,92.114416,92.183670,1597103.000000
2019-08-23,92.190698,92.313893,92.070475,92.197857,2113512.000000
2019-08-26,93.772362,93.796542,93.713239,93.734483,3959240.000000
2019-08-27,95.226870,95.233281,95.155274,95.166291,1803440.000000
2019-08-28,94.779143,94.914361,94.612263,94.771561,708265.000000
2019-08-29,93.896675,93.961265,93.796211,93.852007,1990191.000000
2019-08-30,94.344825,94.448199,94.275213,94.327448,3509707.000000
2019-09-02,94.104454,94.163591,93.965069,94.111650,2373165.000000
2019-09-03,94.510863,94.519156,94.424675,94.436181,4695978.000000
2019-09-04,95.945670,96.016214,95.928074,96.011233,4158984.000000
2019-09-05,96.058106,96.146514,95.915882,96.000147,3916152.000000
2019-09-06,95.343207,95.440927,95.342075,95.400647,3389544.000000
2019-09-09,95.875960,95.969185,95.868587,95.932144,3627272.000000
2019-09-10,96.457422,96.479279,96.393125,96.401586,3149284.000000
2019-09-11,95.876259,96.081387,95.841655,95.943490,1079227.000000
2019-09-12,94.868835,95.045330,94.747919,94.848249,4804662.000000
2019-09-13,95.990195,96.037761,95.927132,95.964309,4481956.000000
2019-09-16,96.737693,96.953950,96.735919,96.764057,1904288.000000
2019-09-17,98.059717,98.289399,97.976640,98.010782,1857503.000000
2019-09-18,96.675859,96.730269,96.482833,96.600124,4481898.000000
2019-09-19,96.148622,96.364912,96.120598,96.286595,3447121.000000
2019-09-20,95.639877,95.672987,95.564624,95.595686,2900347.000000
2019-09-23,95.534712,95.581488,95.490790,95.545399,4651622.000000
2019-09-24,97.170886,97.229682,97.145811,97.218085,2670693.000000
2019-09-25,96.639997,96.767410,96.632708,96.655772,2877662.000000
2019-09-26,97.693157,97.800050,97.639631,97.749324,2075434.000000
2019-09-27,97.190660,97.213719,97.093823,97.203530,3751514.000000
2019-09-30,98.595402,98.629365,98.576683,98.595667,3592550.000000
2019-10-01,98.293615,98.489009,98.199788,98.367182,4300076.000000
2019-10-02,99.114845,99.332053,98.920868,99.256735,4080281.000000
2019-10-03,98.827344,99.112901,98.810116,98.814236,4414410.000000
2019-10-04,97.991815,98.144823,97.947365,98.063207,4114174.000000
2019-10-07,96.858279,96.953328,96.762649,96.834866,4332310.000000
2019-10-08,97.491136,97.557288,97.463500,97.508644,940544.000000
2019-10-09,98.815562,98.910709,98.750053,98.807342,599863.000000
2019-10-10,98.715755,98.728859,98.612827,98.631033,4517493.000000
2019-10-11,96.695070,96.899392,96.481502,96.758096,4572841.000000
2019-10-14,97.031173,97.146249,96.961930,97.059429,948044.000000
2019-10-15,96.733532,96.809418,96.710352,96.779492,2933757.000000
2019-10-16,96.304036,96.409473,96.280888,96.388085,926525.000000
2019-10-17,96.802397,96.844436,96.766790,96.796362,3067999.000000
2019-10-18,97.372639,97.391521,97.251200,97.266980,1934311.000000
2019-10-21,98.550750,98.619803,98.510225,98.607627,3196971.000000
2019-10-22,98.296887,98.311951,98.265799,98.277949,1242163.000000
2019-10-23,98.510449,98.712016,98.363605,98.574224,3798872.000000
2019-10-24,100.221575,100.307862,100.129940,100.192569,558203.000000
2019-10-25,100.901883,100.942108,100.851750,100.864399,517923.000000
2019-10-28,100.867125,100.907871,100.754662,100.763550,2533624.000000
2019-10-29,100.100120,100.173423,100.091435,100.135344,3499853.000000
2019-10-30,100.022015,100.061055,99.951728,100.054012,2434637.000000
2019-10-31,100.040549,100.109293,100.007714,100.109266,2697827.000000
2019-11-01,99.553143,99.582287,99.454171,99.514670,2723203.000000
2019-11-04,98.706887,98.828348,98.581036,98.649516,4775474.000000
2019-11-05,100.171739,100.177698,100.139961,100.145287,3307172.000000
2019-11-06,102.142362,102.284862,102.111891,102.277122,578689.000000
2019-11-07,101.787348,101.897299,101.596178,101.721541,628204.000000
2019-11-08,101.027429,101.111429,100.973698,101.020994,3747536.000000
2019-11-11,101.705995,101.777848,101.693011,101.727452,1233942.000000
2019-11-12,101.689121,101.796109,101.536539,101.678981,3141304.000000
2019-11-13,101.632042,101.635757,101.562561,101.623315,2260053.000000
2019-11-14,101.361084,101.423446,101.305861,101.408430,3367749.000000
2019-11-15,101.602064,101.613515,101.559142,101.565762,3163290.000000
2019-11-18,101.650962,101.743802,101.626830,101.682686,2597589.000000
2019-11-19,101.593074,101.736713,101.515280,101.533017,4543198.000000
2019-11-20,102.713257,102.906089,102.569072,102.735011,1724965.000000
2019-11-21,104.177975,104.216684,104.150579,104.196145,1745570.000000
2019-11-22,103.058608,103.157748,102.993799,103.028513,845677.000000
2019-11-25,103.188486,103.206202,102.948295,103.094132,4219321.000000
2019-11-26,104.122134,104.123665,103.849592,104.035876,2328082.000000
2019-11-27,103.288247,103.375817,103.286712,103.322668,2033794.000000
2019-11-28,105.463565,105.549530,105.430849,105.440132,3481175.000000
2019-11-29,104.618584,104.657391,104.521264,104.548041,1110418.000000
2019-12-02,104.945694,104.993404,104.841845,104.923053,1979445.000000
2019-12-03,104.520648,104.665661,104.499209,104.539409,2746755.000000
2019-12-04,102.132346,102.269005,102.072136,102.204241,4139995.000000
2019-12-05,100.840275,101.021671,100.832661,100.920614,1924155.000000
2019-12-06,102.348091,102.395180,102.304457,102.377400,3081257.000000
2019-12-09,103.281461,103.416653,103.201263,103.345009,1644139.000000
2019-12-10,103.836937,103.935036,103.835555,103.876012,2684341.000000
2019-12-11,102.863633,102.969918,102.803303,102.932733,4818577.000000
2019-12-12,102.330029,102.436262,102.249289,102.298088,819973.000000
2019-12-13,102.440110,102.490382,102.426864,102.455404,4759919.000000
2019-12-16,100.390400,100.515756,100.330960,100.460358,2712646.000000
2019-12-17,99.939602,99.959787,99.889155,99.953949,2238277.000000
2019-12-18,99.902461,99.951194,99.765390,99.850790,3863119.000000
2019-12-19,100.796632,100.894569,100.789396,100.807519,3494287.000000
